Detector,Sli,Guard,Pfa,N,NMoments,Images,ShipsTotal,ShipsDetected,Pd_pooled,FalsePixels,BackgroundPixels,Pfa_pooled,PfaRatio,TP,FP,FN,Precision_pooled,Recall_pooled,F1_pooled,FractionInvalid,CoverageFraction,MaxLogMismatchPct,MedianShape,IQRShape,MedianC2,MedianSkew,EstMsPerMP,TotalMsPerMP
BurrXII,11,7,1e-06,72,3,60,131,1,0.00763358778625954,312,5292999,5.894578857846e-05,58.94578857846,1,263,130,0.00378787878787879,0.00763358778625954,0.00506329113924051,0.434744553846647,0.565255446153353,0,2.21651049531547,2.5867227027844,0.106605371991147,-1.01254572092482,460.338806671446,807.767943862111
CA-CFAR,11,7,1e-06,72,0,60,131,5,0.0381679389312977,202,9394273,2.15024621915927e-05,21.5024621915927,5,71,126,0.0657894736842105,0.0381679389312977,0.0483091787439614,0,1,0.0164945496270797,NaN,NaN,0.106605371991147,-1.01254572092482,0,327.6671691981
G0,11,7,1e-06,72,3,60,131,0,0,43,2167492,1.98385968667935e-05,19.8385968667935,0,28,131,0,0,0,0.757605776394923,0.242394223605077,0,21.7412534662589,37.6446792809999,0.106605371991147,-1.01254572092482,4106.18074134361,4704.01747407168
G0-L1,11,7,1e-06,72,2,60,131,0,0,2,323910,6.17455466024513e-06,6.17455466024513,0,2,131,0,0,0,0.963735159831751,0.0362648401682493,0,7.13157585191383,11.5667174998825,0.106605371991147,-1.01254572092482,57.9947071404713,403.99901012438
GenGamma,11,7,1e-06,72,3,60,131,39,0.297709923664122,16145,8774453,0.00184000073850757,1840.00073850757,39,10872,92,0.00357437448446522,0.297709923664122,0.00706393769244702,0.0649385536279963,0.935061446372004,0,1.25000012225835,2.74848935269421,0.106605371991147,-1.01254572092482,231.585291629986,1497.84833120764
GenGamma-exact,11,7,1e-06,72,3,60,131,27,0.206106870229008,8800,7095197,0.00124027563998575,1240.27563998575,27,6173,104,0.00435483870967742,0.206106870229008,0.00852945822145001,0.241134095958033,0.758865904041967,0,1.68734250963133,3.31623818074366,0.106605371991147,-1.01254572092482,432.117615032212,1457.48727625987
K,11,7,1e-06,72,2,60,131,1,0.00763358778625954,3,323910,9.26183199036769e-06,9.26183199036769,1,3,130,0.25,0.00763358778625954,0.0148148148148148,0.963735159831751,0.0362648401682493,0,NaN,NaN,0.106605371991147,-1.01254572092482,37.632260375152,1122.27084915122
Lognormal,11,7,1e-06,72,2,60,131,0,0,107,9394273,1.13899180915862e-05,11.3899180915862,0,45,131,0,0,0,0,1,0,0.326504369629252,0.116066637523342,0.106605371991147,-1.01254572092482,11.5401855070184,328.804891624951
Weibull,11,7,1e-06,72,2,60,131,28,0.213740458015267,9354,9394273,0.000995713026436426,995.713026436426,28,3541,103,0.00784533482768282,0.213740458015267,0.0151351351351351,0,1,0,3.9281344478242,1.27087383676689,0.106605371991147,-1.01254572092482,16.8387974654774,334.464377532486
BurrXII,15,11,1e-06,104,3,60,131,5,0.0381679389312977,419,4889441,8.56948677773185e-05,85.6948677773185,5,266,126,0.018450184501845,0.0381679389312977,0.0248756218905473,0.473724706242757,0.526275293757243,0,2.36655954003704,2.66413625550407,0.112020641834398,-1.22699172439767,437.791237561931,762.219913622014
CA-CFAR,15,11,1e-06,104,0,60,131,7,0.0534351145038168,350,9394273,3.72567414210764e-05,37.2567414210764,7,72,124,0.0886075949367089,0.0534351145038168,0.0666666666666667,0,1,0,NaN,NaN,0.112020641834398,-1.22699172439767,0,304.767172745258
G0,15,11,1e-06,104,3,60,131,0,0,48,2013339,2.38409925005178e-05,23.8409925005178,0,34,131,0,0,0,0.771742230636284,0.228257769363716,0,17.6639209845974,38.1475520655133,0.112020641834398,-1.22699172439767,4395.84060838862,4953.04751350963
G0-L1,15,11,1e-06,104,2,60,131,3,0.0229007633587786,15,333669,4.49547305862996e-05,44.9547305862996,3,11,128,0.214285714285714,0.0229007633587786,0.0413793103448276,0.962095699374802,0.0379043006251978,0,7.69116968845371,13.9951299017126,0.112020641834398,-1.22699172439767,56.9747170829169,381.518036051819
GenGamma,15,11,1e-06,104,3,60,131,52,0.396946564885496,20513,8834888,0.00232181777516591,2321.81777516591,52,12938,79,0.00400307929176289,0.396946564885496,0.00792622513527932,0.0579168992907136,0.942083100709286,0,0.970062834510229,2.24609115016942,0.112020641834398,-1.22699172439767,218.369245450769,1494.53782347405
GenGamma-exact,15,11,1e-06,104,3,60,131,48,0.366412213740458,10180,6710384,0.00151705178123934,1517.05178123935,48,6613,83,0.00720612520642546,0.366412213740458,0.0141342756183746,0.279336795285385,0.720663204714615,0,1.37025846123705,2.56518677100664,0.112020641834398,-1.22699172439767,429.366403667242,1386.36182117558
K,15,11,1e-06,104,2,60,131,4,0.0305343511450382,17,333669,5.09486946644729e-05,50.9486946644729,4,12,127,0.25,0.0305343511450382,0.054421768707483,0.962095699374802,0.0379043006251978,0,NaN,NaN,0.112020641834398,-1.22699172439767,39.7473445463065,338.702618000487
Lognormal,15,11,1e-06,104,2,60,131,0,0,154,9394273,1.63929662252736e-05,16.3929662252736,0,37,131,0,0,0,0,1,0,0.334688413912601,0.0952429842737063,0.112020641834398,-1.22699172439767,10.5206635495363,304.656482681494
Weibull,15,11,1e-06,104,2,60,131,43,0.32824427480916,9845,9394273,0.00104797891225856,1047.97891225856,43,2911,88,0.0145565335138795,0.32824427480916,0.0278768233387358,0,1,0,3.83221855717613,1.01500170396048,0.112020641834398,-1.22699172439767,13.2741842081968,307.756324578094
BurrXII,17,13,1e-06,120,3,60,131,6,0.0458015267175573,344,4750623,7.24115552844332e-05,72.4115552844332,6,190,125,0.0306122448979592,0.0458015267175573,0.036697247706422,0.486851288364118,0.513148711635882,0,2.46877290096519,2.85549108316645,0.113412183259562,-1.32908202518665,433.869557569495,751.627755588101
CA-CFAR,17,13,1e-06,120,0,60,131,7,0.0534351145038168,307,9394273,3.26794846179156e-05,32.6794846179156,7,62,124,0.101449275362319,0.0534351145038168,0.07,0,1,0,NaN,NaN,0.113412183259562,-1.32908202518665,0,300.085121397593
G0,17,13,1e-06,120,3,60,131,3,0.0229007633587786,52,1971202,2.6379843364607e-05,26.379843364607,3,31,128,0.0882352941176471,0.0229007633587786,0.0363636363636364,0.775174514783428,0.224825485216572,0,17.3333427273551,32.557698687315,0.113412183259562,-1.32908202518665,4021.6555472095,4580.49637123623
G0-L1,17,13,1e-06,120,2,60,131,4,0.0305343511450382,11,338662,3.24807625301923e-05,32.4807625301923,4,9,127,0.307692307692308,0.0305343511450382,0.0555555555555556,0.961357233405277,0.0386427665947232,0,8.07431230250783,12.2644858092096,0.113412183259562,-1.32908202518665,58.9479981388341,378.312840432279
GenGamma,17,13,1e-06,120,3,60,131,58,0.442748091603053,21798,8868708,0.0024578551915341,2457.8551915341,58,13641,73,0.0042338856850865,0.442748091603053,0.00838756326825741,0.0541617299654711,0.945838270034529,0,0.83182635756271,2.05626145813226,0.113412183259562,-1.32908202518665,215.292246837698,1502.26519866323
GenGamma-exact,17,13,1e-06,120,3,60,131,54,0.412213740458015,10099,6592308,0.00153193691799594,1531.93691799594,54,6434,77,0.00832305795314427,0.412213740458015,0.0163166641486629,0.290870928238581,0.709129071761419,0,1.30426129309281,2.2953893642294,0.113412183259562,-1.32908202518665,429.85211470449,1395.14717534373
K,17,13,1e-06,120,2,60,131,7,0.0534351145038168,16,338662,4.72447454984616e-05,47.2447454984616,7,11,124,0.388888888888889,0.0534351145038168,0.0939597315436242,0.961357233405277,0.0386427665947232,0,NaN,NaN,0.113412183259562,-1.32908202518665,39.8465609571877,332.351020130488
Lognormal,17,13,1e-06,120,2,60,131,3,0.0229007633587786,138,9394273,1.46898009031673e-05,14.6898009031673,3,29,128,0.09375,0.0229007633587786,0.0368098159509202,0,1,0,0.336761620808461,0.089647659757417,0.113412183259562,-1.32908202518665,11.1382019693698,299.892503418951
Weibull,17,13,1e-06,120,2,60,131,44,0.33587786259542,9288,9394273,0.000988687469482737,988.687469482737,44,2488,87,0.0173775671406003,0.33587786259542,0.0330454374765302,0,1,0,3.80860721437862,0.952896383419736,0.113412183259562,-1.32908202518665,13.4698916473159,302.431010111066
BurrXII,21,15,1e-06,216,3,60,131,11,0.083969465648855,207,4257840,4.86161997632602e-05,48.6161997632602,11,113,120,0.0887096774193548,0.083969465648855,0.0862745098039216,0.535041484492409,0.464958515507591,0,2.63736250025282,3.42245971143126,0.116847898667876,-1.64140194953972,400.913887374498,719.075348404283
CA-CFAR,21,15,1e-06,216,0,60,131,12,0.0916030534351145,227,9394273,2.41636580073839e-05,24.1636580073839,12,43,119,0.218181818181818,0.0916030534351145,0.129032258064516,0,1,0,NaN,NaN,0.116847898667876,-1.64140194953972,0,302.758856999485
G0,21,15,1e-06,216,3,60,131,6,0.0458015267175573,47,1809256,2.59775288848013e-05,25.9775288848013,6,19,125,0.24,0.0458015267175573,0.0769230769230769,0.791157804953127,0.208842195046873,0,14.0295863228012,29.418530243011,0.116847898667876,-1.64140194953972,4228.07091071157,4765.22339971929
G0-L1,21,15,1e-06,216,2,60,131,9,0.0687022900763359,7,338431,2.06836844142528e-05,20.6836844142528,9,6,122,0.6,0.0687022900763359,0.123287671232877,0.961196205082068,0.0388037949179323,0,10.3175322661196,12.6266353626828,0.116847898667876,-1.64140194953972,52.9852666022353,372.505195650747
GenGamma,21,15,1e-06,216,3,60,131,60,0.458015267175573,27225,8992204,0.0030276225939714,3027.6225939714,60,16124,71,0.0037073652990608,0.458015267175573,0.00735519460619062,0.0408759170055819,0.959124082994418,0,0.463827020493733,1.33863082231755,0.116847898667876,-1.64140194953972,219.263951124527,1534.39124989897
GenGamma-exact,21,15,1e-06,216,3,60,131,57,0.435114503816794,11637,6213140,0.001872966004307,1872.966004307,57,7264,74,0.0077858216090698,0.435114503816794,0.0152979066022544,0.328426784754944,0.671573215245056,0,1.08732730114929,1.84650549567952,0.116847898667876,-1.64140194953972,407.800773280515,1325.58951222828
K,21,15,1e-06,216,2,60,131,9,0.0687022900763359,7,338431,2.06836844142528e-05,20.6836844142528,9,6,122,0.6,0.0687022900763359,0.123287671232877,0.961196205082068,0.0388037949179323,0,NaN,NaN,0.116847898667876,-1.64140194953972,35.4203523045971,330.339822968714
Lognormal,21,15,1e-06,216,2,60,131,6,0.0458015267175573,156,9394273,1.66058618905369e-05,16.6058618905369,6,25,125,0.193548387096774,0.0458015267175573,0.0740740740740741,0,1,0,0.341829171937382,0.0700239924595283,0.116847898667876,-1.64140194953972,10.5376399788252,302.831641359616
Weibull,21,15,1e-06,216,2,60,131,51,0.389312977099237,8787,9394273,0.000935357105334282,935.357105334282,51,1744,80,0.0284122562674095,0.389312977099237,0.0529595015576324,0,1,0,3.75204281325767,0.724475950141346,0.116847898667876,-1.64140194953972,13.3722563744568,305.554371435743
BurrXII,31,21,1e-06,520,3,60,131,18,0.137404580152672,230,3847724,5.97755972101949e-05,59.7755972101949,18,70,113,0.204545454545455,0.137404580152672,0.164383561643836,0.573007496577924,0.426992503422076,0,2.83320274085602,3.83336369669927,0.119228652984883,-1.84515150834728,373.835057553944,692.747694373094
CA-CFAR,31,21,1e-06,520,0,60,131,20,0.152671755725191,312,9394273,3.32117237810739e-05,33.2117237810739,20,39,111,0.338983050847458,0.152671755725191,0.210526315789474,0,1,0,NaN,NaN,0.119228652984883,-1.84515150834728,0,303.741180604554
G0,31,21,1e-06,520,3,60,131,18,0.137404580152672,58,1757950,3.29929747717512e-05,32.9929747717512,18,12,113,0.6,0.137404580152672,0.22360248447205,0.793983070494265,0.206016929505735,0,9.81995345970197,20.2010026432719,0.119228652984883,-1.84515150834728,4131.57871742453,4667.17710378996
G0-L1,31,21,1e-06,520,2,60,131,6,0.0458015267175573,7,348699,2.00746202312023e-05,20.0746202312023,6,6,125,0.5,0.0458015267175573,0.0839160839160839,0.959919020275529,0.0400809797244712,0,8.12737528370364,13.8491512528651,0.119228652984883,-1.84515150834728,55.7950424873631,380.633524557414
GenGamma,31,21,1e-06,520,3,60,131,78,0.595419847328244,33146,9148065,0.0036232798958031,3623.2798958031,78,17855,53,0.00434952322533876,0.595419847328244,0.00863596102745793,0.0243752434807363,0.975624756519264,0,0.298490876377073,0.49829424560208,0.119228652984883,-1.84515150834728,207.902475822891,1600.05201111914
GenGamma-exact,31,21,1e-06,520,3,60,131,68,0.519083969465649,12012,5761311,0.00208494212515172,2084.94212515172,68,6607,63,0.010187265917603,0.519083969465649,0.0199823684983838,0.372733122559426,0.627266877440574,0,0.560935800677921,0.900101752721699,0.119228652984883,-1.84515150834728,385.051525855403,1262.73639443735
K,31,21,1e-06,520,2,60,131,6,0.0458015267175573,13,348699,3.72814375722328e-05,37.2814375722328,6,8,125,0.428571428571429,0.0458015267175573,0.0827586206896552,0.959919020275529,0.0400809797244712,0,NaN,NaN,0.119228652984883,-1.84515150834728,42.4360593505122,339.791522790908
Lognormal,31,21,1e-06,520,2,60,131,13,0.099236641221374,233,9394273,2.48023450031737e-05,24.8023450031737,13,25,118,0.342105263157895,0.099236641221374,0.153846153846154,0,1,0,0.345294991076904,0.0499535685833376,0.119228652984883,-1.84515150834728,10.4181288292536,304.04663150507
Weibull,31,21,1e-06,520,2,60,131,71,0.541984732824427,8109,9394273,0.000863185474810025,863.185474810025,71,1233,60,0.0544478527607362,0.541984732824427,0.0989547038327526,0,1,0,3.71436047806714,0.515183323567496,0.119228652984883,-1.84515150834728,13.8095866686764,307.135124575472
BurrXII,41,27,1e-06,952,3,60,131,29,0.221374045801527,149,3737682,3.98642795186963e-05,39.8642795186963,29,56,102,0.341176470588235,0.221374045801527,0.268518518518519,0.581679630526794,0.418320369473206,0,2.52292340687254,3.16919051181793,0.119847166304702,-1.90016669644414,357.191187360799,668.793006044004
CA-CFAR,41,27,1e-06,952,0,60,131,25,0.190839694656489,350,9394273,3.72567414210764e-05,37.2567414210764,25,42,106,0.373134328358209,0.190839694656489,0.252525252525252,0,1,0,NaN,NaN,0.119847166304702,-1.90016669644414,0,298.39327250737
G0,41,27,1e-06,952,3,60,131,17,0.129770992366412,133,1799233,7.3920387187207e-05,73.920387187207,17,22,114,0.435897435897436,0.129770992366412,0.2,0.787974071774969,0.212025928225031,0,9.60302371679256,16.6552120145661,0.119847166304702,-1.90016669644414,4003.75684635364,4532.59781289083
G0-L1,41,27,1e-06,952,2,60,131,6,0.0458015267175573,0,358576,0,0,6,0,125,1,0.0458015267175573,0.0875912408759124,0.958739805579015,0.0412601944209848,0,8.00904665970813,12.7983430960731,0.119847166304702,-1.90016669644414,50.0188540306901,370.744463234328
GenGamma,41,27,1e-06,952,3,60,131,86,0.656488549618321,36924,9203909,0.00401177369311235,4011.77369311235,86,19017,45,0.00450191069465529,0.656488549618321,0.00894249766039305,0.0182092956591603,0.98179070434084,0,0.263454305189235,0.344916409430268,0.119847166304702,-1.90016669644414,217.040049289897,1595.03274047939
GenGamma-exact,41,27,1e-06,952,3,60,131,75,0.572519083969466,11534,5546807,0.00207939450570391,2079.39450570391,75,5625,56,0.0131578947368421,0.572519083969466,0.0257245755445035,0.393572715335835,0.606427284664165,0,0.73857398431715,0.895307057353129,0.119847166304702,-1.90016669644414,362.198433029807,1205.90927450834
K,41,27,1e-06,952,2,60,131,6,0.0458015267175573,5,358576,1.39440453348802e-05,13.9440453348802,6,1,125,0.857142857142857,0.0458015267175573,0.0869565217391304,0.958739805579015,0.0412601944209848,0,NaN,NaN,0.119847166304702,-1.90016669644414,38.0313312901285,330.451053948117
Lognormal,41,27,1e-06,952,2,60,131,19,0.145038167938931,729,9394273,7.76004699884706e-05,77.6004699884706,19,72,112,0.208791208791209,0.145038167938931,0.171171171171171,0,1,0,0.346188337368837,0.0410245405456887,0.119847166304702,-1.90016669644414,10.5641344429177,300.320575733963
Weibull,41,27,1e-06,952,2,60,131,81,0.618320610687023,7964,9394273,0.000847750539078436,847.750539078436,81,1057,50,0.0711775043936731,0.618320610687023,0.127659574468085,0,1,0,3.70479957808441,0.41006762203633,0.119847166304702,-1.90016669644414,13.9291810360386,303.395025802196
BurrXII,51,41,1e-06,920,3,60,131,39,0.297709923664122,203,3801048,5.34063237296661e-05,53.4063237296661,39,74,92,0.345132743362832,0.297709923664122,0.319672131147541,0.574245195075352,0.425754804924648,0,2.30033616903971,3.16748165084824,0.120487158112576,-1.87180061084232,376.04055785462,683.219704641337
CA-CFAR,51,41,1e-06,920,0,60,131,28,0.213740458015267,529,9394273,5.63109034621412e-05,56.3109034621412,28,54,103,0.341463414634146,0.213740458015267,0.262910798122066,0,1,0,NaN,NaN,0.120487158112576,-1.87180061084232,0,293.479646852823
G0,51,41,1e-06,920,3,60,131,33,0.251908396946565,142,1860999,7.63031038705555e-05,76.3031038705555,33,29,98,0.532258064516129,0.251908396946565,0.341968911917098,0.780369180318625,0.219630819681375,0,8.84094989946898,16.3913258835964,0.120487158112576,-1.87180061084232,3966.61980464832,4498.85891765485
G0-L1,51,41,1e-06,920,2,60,131,9,0.0687022900763359,3,374490,8.01089481695105e-06,8.01089481695105,9,3,122,0.75,0.0687022900763359,0.125874125874126,0.957044541698751,0.0429554583012488,0,8.71324510713931,12.9152247111983,0.120487158112576,-1.87180061084232,60.6822256889367,376.2888069263
GenGamma,51,41,1e-06,920,3,60,131,97,0.740458015267176,37341,9200865,0.00405842276785933,4058.42276785933,97,19114,34,0.0050491905679038,0.740458015267176,0.01002998655775,0.0180986341787877,0.981901365821212,0,0.274809204082609,0.385501471745759,0.120487158112576,-1.87180061084232,207.736695581728,1555.17557965612
GenGamma-exact,51,41,1e-06,920,3,60,131,88,0.67175572519084,12112,5621300,0.00215466173305107,2154.66173305107,88,5922,43,0.0146422628951747,0.67175572519084,0.028659827389676,0.385502164418718,0.614497835581282,0,0.764850569215269,0.955843301341821,0.120487158112576,-1.87180061084232,375.820509211741,1232.52881494017
K,51,41,1e-06,920,2,60,131,9,0.0687022900763359,8,374490,2.13623861785361e-05,21.3623861785361,9,5,122,0.642857142857143,0.0687022900763359,0.124137931034483,0.957044541698751,0.0429554583012488,0,NaN,NaN,0.120487158112576,-1.87180061084232,39.004656971586,324.938281005466
Lognormal,51,41,1e-06,920,2,60,131,24,0.183206106870229,2051,9394273,0.000218324504727508,218.324504727508,24,99,107,0.195121951219512,0.183206106870229,0.188976377952756,0,1,0,0.347109737888849,0.0409093051082585,0.120487158112576,-1.87180061084232,9.82118681260154,292.927580029769
Weibull,51,41,1e-06,920,2,60,131,94,0.717557251908397,9193,9394273,0.000978574925382731,978.574925382731,94,1171,37,0.0743083003952569,0.717557251908397,0.134670487106017,0,1,0,3.69500147147882,0.421434928645709,0.120487158112576,-1.87180061084232,12.7620827290942,295.892525887754
BurrXII,61,49,1e-06,1320,3,60,131,41,0.312977099236641,167,3783507,4.41389430493983e-05,44.1389430493983,41,67,90,0.37962962962963,0.312977099236641,0.343096234309623,0.575211203672696,0.424788796327304,0,2.14565997569136,2.59848719961944,0.120859912683503,-1.87387082722363,386.428759485918,716.971415417074
CA-CFAR,61,49,1e-06,1320,0,60,131,28,0.213740458015267,551,9394273,5.86527557800375e-05,58.6527557800375,28,55,103,0.337349397590361,0.213740458015267,0.261682242990654,0,1,0,NaN,NaN,0.120859912683503,-1.87387082722363,0,316.529757797741
G0,61,49,1e-06,1320,3,60,131,28,0.213740458015267,134,1898377,7.05866116161332e-05,70.5866116161332,28,29,103,0.491228070175439,0.213740458015267,0.297872340425532,0.775708525348718,0.224291474651282,0,7.83782044332114,13.3272240424506,0.120859912683503,-1.87387082722363,4203.84218619793,4768.97732304803
G0-L1,61,49,1e-06,1320,2,60,131,8,0.0610687022900763,4,383144,1.04399390307561e-05,10.4399390307561,8,2,123,0.8,0.0610687022900763,0.113475177304965,0.95629983720312,0.0437001627968797,0,9.41912835064132,12.5954591902057,0.120859912683503,-1.87387082722363,59.7191878068461,400.136029881012
GenGamma,61,49,1e-06,1320,3,60,131,100,0.763358778625954,39950,9225542,0.00433036888239195,4330.36888239195,100,19678,31,0.00505612296491051,0.763358778625954,0.0100457079712693,0.0154921421698848,0.984507857830115,0,0.272717863047107,0.352214670528147,0.120859912683503,-1.87387082722363,220.835820765106,1617.21782329514
GenGamma-exact,61,49,1e-06,1320,3,60,131,87,0.66412213740458,12210,5562883,0.00219490505193081,2194.90505193081,87,5550,44,0.0154337413517829,0.66412213740458,0.0301664355062413,0.391242801744903,0.608757198255097,0,0.673522857614223,0.913800242204891,0.120859912683503,-1.87387082722363,392.579812882717,1278.64945639539
K,61,49,1e-06,1320,2,60,131,8,0.0610687022900763,7,383144,1.82698933038231e-05,18.2698933038231,8,3,123,0.727272727272727,0.0610687022900763,0.112676056338028,0.95629983720312,0.0437001627968797,0,NaN,NaN,0.120859912683503,-1.87387082722363,38.9403296194274,348.050628455554
Lognormal,61,49,1e-06,1320,2,60,131,28,0.213740458015267,2368,9394273,0.00025206846767174,252.06846767174,28,71,103,0.282828282828283,0.213740458015267,0.243478260869565,0,1,0,0.347645253147904,0.0373849795842907,0.120859912683503,-1.87387082722363,11.0889890484347,317.036793393839
Weibull,61,49,1e-06,1320,2,60,131,96,0.732824427480916,9997,9394273,0.00106415898281857,1064.15898281857,96,1150,35,0.0770465489566613,0.732824427480916,0.139433551198257,0,1,0,3.6893309274944,0.362011498071689,0.120859912683503,-1.87387082722363,13.8945312284641,320.004329405558
BurrXII,71,57,1e-06,1792,3,60,131,41,0.312977099236641,208,3791086,5.48655451234818e-05,54.8655451234818,41,67,90,0.37962962962963,0.312977099236641,0.343096234309623,0.573958553259213,0.426041446740787,0,2.27206218644891,1.6275789996248,0.121185042204771,-1.85872244689562,388.878774459919,749.681967609763
CA-CFAR,71,57,1e-06,1792,0,60,131,28,0.213740458015267,601,9394273,6.39751474116198e-05,63.9751474116198,28,61,103,0.314606741573034,0.213740458015267,0.254545454545455,0,1,0,NaN,NaN,0.121185042204771,-1.85872244689562,0,348.371880334065
G0,71,57,1e-06,1792,3,60,131,28,0.213740458015267,102,1934878,5.27165020223497e-05,52.7165020223497,28,26,103,0.518518518518518,0.213740458015267,0.302702702702703,0.771545767335814,0.228454232664186,0,7.53611253329523,14.4782365808595,0.121185042204771,-1.85872244689562,3947.72781624347,4545.93412958196
G0-L1,71,57,1e-06,1792,2,60,131,6,0.0458015267175573,5,393760,1.26980902072328e-05,12.6980902072328,6,3,125,0.666666666666667,0.0458015267175573,0.0857142857142857,0.955288526172621,0.044711473827379,0,8.82463667216745,13.0996297166558,0.121185042204771,-1.85872244689562,59.990228150935,436.044745789934
GenGamma,71,57,1e-06,1792,3,60,131,100,0.763358778625954,41065,9241334,0.00444362253328361,4443.62253328361,100,19980,31,0.0049800796812749,0.763358778625954,0.0098956014051754,0.0139026785068269,0.986097321493173,0,0.279564251707024,0.324574456070583,0.121185042204771,-1.85872244689562,232.822365696628,1652.10422945059
GenGamma-exact,71,57,1e-06,1792,3,60,131,87,0.66412213740458,11911,5538740,0.00215048910040912,2150.48910040912,87,5035,44,0.0169855525185474,0.66412213740458,0.0331239291833238,0.393284844792669,0.606715155207331,0,0.705525437029352,0.912884031315197,0.121185042204771,-1.85872244689562,403.4807193221,1297.33777965989
K,71,57,1e-06,1792,2,60,131,6,0.0458015267175573,11,393760,2.79357984559122e-05,27.9357984559122,6,4,125,0.6,0.0458015267175573,0.0851063829787234,0.955288526172621,0.044711473827379,0,NaN,NaN,0.121185042204771,-1.85872244689562,35.6935771156901,377.197534797779
Lognormal,71,57,1e-06,1792,2,60,131,31,0.236641221374046,3267,9394273,0.000347765069207591,347.765069207591,31,79,100,0.281818181818182,0.236641221374046,0.257261410788382,0,1,0,0.348112244388126,0.0345295644679291,0.121185042204771,-1.85872244689562,10.8940513738789,349.402293419896
Weibull,71,57,1e-06,1792,2,60,131,97,0.740458015267176,10593,9394273,0.00112760189106704,1127.60189106704,97,1119,34,0.0797697368421053,0.740458015267176,0.144023756495917,0,1,0,3.68438807791691,0.338580655412996,0.121185042204771,-1.85872244689562,14.3938379722571,352.711448864384
BurrXII,81,65,1e-06,2336,3,60,131,43,0.32824427480916,215,3807462,5.64680619268163e-05,56.4680619268163,43,73,88,0.370689655172414,0.32824427480916,0.348178137651822,0.571785392899295,0.428214607100705,0,2.31302085214904,1.650659331077,0.121592685794167,-1.80749071784706,378.662688024096,723.147923055583
CA-CFAR,81,65,1e-06,2336,0,60,131,28,0.213740458015267,738,9394273,7.85585004821555e-05,78.5585004821555,28,61,103,0.314606741573034,0.213740458015267,0.254545454545455,0,1,0,NaN,NaN,0.121592685794167,-1.80749071784706,0,331.907916602043
G0,81,65,1e-06,2336,3,60,131,28,0.213740458015267,134,1961001,6.83324485811073e-05,68.3324485811073,28,32,103,0.466666666666667,0.213740458015267,0.293193717277487,0.768557956531093,0.231442043468907,0,8.12828784252615,10.1081483312403,0.121592685794167,-1.80749071784706,3925.92376688658,4504.00515783866
G0-L1,81,65,1e-06,2336,2,60,131,4,0.0305343511450382,0,399815,0,0,4,0,127,1,0.0305343511450382,0.0592592592592593,0.954817936954283,0.0451820630457167,0,6.37105872726817,10.2429864282376,0.121592685794167,-1.80749071784706,59.3547354927726,421.81451399406
GenGamma,81,65,1e-06,2336,3,60,131,103,0.786259541984733,41900,9251097,0.00452919259197044,4529.19259197044,103,20010,28,0.00512106597722866,0.786259541984733,0.0101758545741948,0.0129412241179885,0.987058775882012,0,0.304677079769153,0.299183996052434,0.121592685794167,-1.80749071784706,213.460966539271,1609.60961598214
GenGamma-exact,81,65,1e-06,2336,3,60,131,83,0.633587786259542,11555,5544631,0.0020839980153774,2083.9980153774,83,4498,48,0.0181183147784327,0.633587786259542,0.0352292020373514,0.392344000306439,0.607655999693561,0,0.705037913271248,0.97079119560967,0.121592685794167,-1.80749071784706,368.559444912371,1248.72550393313
K,81,65,1e-06,2336,2,60,131,4,0.0305343511450382,10,399815,2.50115678501307e-05,25.0115678501307,4,2,127,0.666666666666667,0.0305343511450382,0.0583941605839416,0.954817936954283,0.0451820630457167,0,NaN,NaN,0.121592685794167,-1.80749071784706,37.5957901784075,362.282316562764
Lognormal,81,65,1e-06,2336,2,60,131,32,0.244274809160305,3886,9394273,0.00041365627760658,413.65627760658,32,74,99,0.30188679245283,0.244274809160305,0.270042194092827,0,1,0,0.348697699732806,0.0314826930361165,0.121592685794167,-1.80749071784706,12.0941247303614,333.701499241314
Weibull,81,65,1e-06,2336,2,60,131,98,0.748091603053435,11291,9394273,0.00120190247824393,1201.90247824393,98,1127,33,0.08,0.748091603053435,0.144542772861357,0,1,0,3.67819247691368,0.316375604297631,0.121592685794167,-1.80749071784706,14.2163344248387,336.098462873787
BurrXII,91,73,1e-06,2952,3,60,131,39,0.297709923664122,238,3829428,6.21502741401588e-05,62.1502741401588,39,73,92,0.348214285714286,0.297709923664122,0.320987654320988,0.569076723862811,0.430923276137189,0,2.24352989197537,1.64481045757215,0.121997968790518,-1.75773943408931,370.249411000081,718.206949954589
CA-CFAR,91,73,1e-06,2952,0,60,131,29,0.221374045801527,966,9394273,0.000102828606322171,102.828606322171,29,64,102,0.311827956989247,0.221374045801527,0.258928571428571,0,1,0,NaN,NaN,0.121997968790518,-1.75773943408931,0,335.178968700645
G0,91,73,1e-06,2952,3,60,131,30,0.229007633587786,158,1991583,7.93338766197542e-05,79.3338766197542,30,28,101,0.517241379310345,0.229007633587786,0.317460317460317,0.764956583904617,0.235043416095383,0,7.703023143255,9.95112866041638,0.121997968790518,-1.75773943408931,3818.1224422882,4401.36863099141
G0-L1,91,73,1e-06,2952,2,60,131,4,0.0305343511450382,13,404347,3.21506033184369e-05,32.1506033184369,4,3,127,0.571428571428571,0.0305343511450382,0.0579710144927536,0.954544564536424,0.0454554354635762,0,6.39674957254529,11.1248345077276,0.121997968790518,-1.75773943408931,54.1616853017305,416.216109944848
GenGamma,91,73,1e-06,2952,3,60,131,102,0.778625954198473,43435,9259855,0.0046906782017645,4690.6782017645,102,20194,29,0.00502562081198266,0.778625954198473,0.00998678220002937,0.0120776399519879,0.987922360048012,0,0.330907497916093,0.286477931685661,0.121997968790518,-1.75773943408931,219.899225335989,1628.01532122743
GenGamma-exact,91,73,1e-06,2952,3,60,131,86,0.656488549618321,11579,5548542,0.00208685452863112,2086.85452863113,86,4275,45,0.0197202476496216,0.656488549618321,0.0382902938557435,0.391512794355167,0.608487205644833,0,0.711471299048855,1.02515523806493,0.121997968790518,-1.75773943408931,365.631395742307,1248.76635346611
K,91,73,1e-06,2952,2,60,131,4,0.0305343511450382,19,404347,4.69893433115616e-05,46.9893433115616,4,3,127,0.571428571428571,0.0305343511450382,0.0579710144927536,0.954544564536424,0.0454554354635762,0,NaN,NaN,0.121997968790518,-1.75773943408931,38.6878468426494,366.48821651688
Lognormal,91,73,1e-06,2952,2,60,131,32,0.244274809160305,4050,9394273,0.00043111372215817,431.11372215817,32,76,99,0.296296296296296,0.244274809160305,0.267782426778243,0,1,0,0.349278896174879,0.0300291613902506,0.121997968790518,-1.75773943408931,10.86490434271,336.222655024082
Weibull,91,73,1e-06,2952,2,60,131,97,0.740458015267176,11840,9394273,0.0012603423383587,1260.3423383587,97,1071,34,0.0830479452054795,0.740458015267176,0.149345650500385,0,1,0,3.67206034827861,0.297643590348995,0.121997968790518,-1.75773943408931,13.5424887674187,339.348242424659
BurrXII,101,73,1e-06,4872,3,60,131,39,0.297709923664122,248,3831232,6.47311360940815e-05,64.7311360940815,39,61,92,0.39,0.297709923664122,0.337662337662338,0.568123317574974,0.431876682425026,0,2.31936554379808,1.71609448924282,0.121999493948551,-1.71364342123156,381.030483820953,733.337098938359
CA-CFAR,101,73,1e-06,4872,0,60,131,28,0.213740458015267,1053,9394273,0.000112089567761124,112.089567761124,28,62,103,0.311111111111111,0.213740458015267,0.253393665158371,0,1,0,NaN,NaN,0.121999493948551,-1.71364342123156,0,344.12618147158
G0,101,73,1e-06,4872,3,60,131,25,0.190839694656489,146,2002586,7.29057328873766e-05,72.9057328873766,25,29,106,0.462962962962963,0.190839694656489,0.27027027027027,0.763431709193181,0.236568290806819,0,7.57218912872621,9.41659583724427,0.121999493948551,-1.71364342123156,3971.04874908577,4559.14879226541
G0-L1,101,73,1e-06,4872,2,60,131,5,0.0381679389312977,7,412979,1.69500144075122e-05,16.9500144075122,5,3,126,0.625,0.0381679389312977,0.0719424460431655,0.95379305989623,0.0462069401037703,0,5.4595966231293,8.6447614459726,0.121999493948551,-1.71364342123156,56.9987358177381,423.581685387029
GenGamma,101,73,1e-06,4872,3,60,131,101,0.770992366412214,45023,9276358,0.00485352117716888,4853.52117716889,101,20558,30,0.00488891040224599,0.770992366412214,0.00971620971620971,0.010542675424495,0.989457324575505,0,0.355908769702781,0.238828690570502,0.121999493948551,-1.71364342123156,221.371160812243,1616.95838143062
GenGamma-exact,101,73,1e-06,4872,3,60,131,80,0.610687022900763,11363,5517157,0.00205957524862896,2059.57524862896,80,3742,51,0.0209314495028781,0.610687022900763,0.0404755881608905,0.393872112731485,0.606127887268515,0,0.727336159068412,0.943213129421797,0.121999493948551,-1.71364342123156,376.189382470942,1247.12849211756
K,101,73,1e-06,4872,2,60,131,5,0.0381679389312977,27,412979,6.53786270004044e-05,65.3786270004044,5,5,126,0.5,0.0381679389312977,0.0709219858156028,0.95379305989623,0.0462069401037703,0,NaN,NaN,0.121999493948551,-1.71364342123156,38.092995672987,371.264772068032
Lognormal,101,73,1e-06,4872,2,60,131,31,0.236641221374046,3849,9394273,0.000409717707799209,409.717707799209,31,65,100,0.322916666666667,0.236641221374046,0.273127753303965,0,1,0,0.349280952283827,0.0275179191837349,0.121999493948551,-1.71364342123156,10.7959271964998,341.0905629049
Weibull,101,73,1e-06,4872,2,60,131,94,0.717557251908397,11876,9394273,0.00126417446033344,1264.17446033344,94,1039,37,0.0829655781112092,0.717557251908397,0.14873417721519,0,1,0,3.67204140537321,0.259255347858181,0.121999493948551,-1.71364342123156,14.0904571142837,344.585918155927
BurrXII,111,79,1e-06,6080,3,60,131,32,0.244274809160305,257,3859289,6.65925770264937e-05,66.5925770264937,32,74,99,0.30188679245283,0.244274809160305,0.270042194092827,0.56489770759086,0.43510229240914,0,2.33768012169608,1.86502723769218,0.122105913185441,-1.66675273509677,369.547656176128,764.745875232191
CA-CFAR,111,79,1e-06,6080,0,60,131,28,0.213740458015267,1118,9394273,0.000119008676882181,119.008676882181,28,55,103,0.337349397590361,0.213740458015267,0.261682242990654,0,1,0,NaN,NaN,0.122105913185441,-1.66675273509677,0,383.300259462669
G0,111,79,1e-06,6080,3,60,131,24,0.183206106870229,189,2026817,9.32496619083025e-05,93.2496619083025,24,27,107,0.470588235294118,0.183206106870229,0.263736263736264,0.760960150690471,0.239039849309529,0,8.92712840317517,10.9335055634609,0.122105913185441,-1.66675273509677,3894.06844392822,4528.26891704216
G0-L1,111,79,1e-06,6080,2,60,131,8,0.0610687022900763,17,421447,4.03372191521117e-05,40.3372191521117,8,3,123,0.727272727272727,0.0610687022900763,0.112676056338028,0.953050799099605,0.046949200900395,0,5.60859887716676,8.86349939090273,0.122105913185441,-1.66675273509677,54.2904648327338,464.677178946024
GenGamma,111,79,1e-06,6080,3,60,131,94,0.717557251908397,45547,9278120,0.00490907640772053,4909.07640772053,94,20511,37,0.0045619995146809,0.717557251908397,0.00906635802469136,0.0103523816713669,0.989647618328633,0,0.3843731745447,0.242651052429765,0.122105913185441,-1.66675273509677,218.757602075202,1659.91675724403
GenGamma-exact,111,79,1e-06,6080,3,60,131,68,0.519083969465649,11180,5534782,0.00201995308938997,2019.95308938997,68,3580,63,0.018640350877193,0.519083969465649,0.0359883567081238,0.391597251149153,0.608402748850847,0,0.780080351316417,1.03294707017769,0.122105913185441,-1.66675273509677,368.317853263942,1295.65429415762
K,111,79,1e-06,6080,2,60,131,8,0.0610687022900763,29,421447,6.88105503183081e-05,68.8105503183081,8,6,123,0.571428571428571,0.0610687022900763,0.110344827586207,0.953050799099605,0.046949200900395,0,NaN,NaN,0.122105913185441,-1.66675273509677,39.9777642063431,415.985315804754
Lognormal,111,79,1e-06,6080,2,60,131,29,0.221374045801527,3800,9394273,0.000404501764000258,404.501764000258,29,62,102,0.318681318681319,0.221374045801527,0.261261261261261,0,1,0,0.349433273836101,0.0295591232809109,0.122105913185441,-1.66675273509677,11.9195546100628,385.195669471002
Weibull,111,79,1e-06,6080,2,60,131,96,0.732824427480916,12485,9394273,0.00132900119040611,1329.00119040611,96,1026,35,0.0855614973262032,0.732824427480916,0.153232242617717,0,1,0,3.67044036366554,0.25592168585006,0.122105913185441,-1.66675273509677,14.7072049651063,388.313143136992
BurrXII,121,87,1e-06,7072,3,60,131,34,0.259541984732824,306,3887475,7.87143325680551e-05,78.7143325680551,34,69,97,0.330097087378641,0.259541984732824,0.290598290598291,0.561880089325399,0.438119910674601,0,2.37975841659621,1.67800989732412,0.122238018515087,-1.62492647775301,369.137153217163,740.708874105942
CA-CFAR,121,87,1e-06,7072,0,60,131,28,0.213740458015267,1210,9394273,0.000128801877484293,128.801877484293,28,68,103,0.291666666666667,0.213740458015267,0.246696035242291,0,1,0,NaN,NaN,0.122238018515087,-1.62492647775301,0,360.275977239518
G0,121,87,1e-06,7072,3,60,131,20,0.152671755725191,212,2054272,0.000103199576297589,103.199576297589,20,27,111,0.425531914893617,0.152671755725191,0.224719101123596,0.75822991772793,0.24177008227207,0,9.30893323789685,11.0894278371196,0.122238018515087,-1.62492647775301,4029.65288091149,4639.80274679042
G0-L1,121,87,1e-06,7072,2,60,131,8,0.0610687022900763,22,432383,5.08808163133148e-05,50.8808163133148,8,5,123,0.615384615384615,0.0610687022900763,0.111111111111111,0.95201943751904,0.0479805624809597,0,7.19740082703582,10.7394444761343,0.122238018515087,-1.62492647775301,53.3190635626847,444.406219739281
GenGamma,121,87,1e-06,7072,3,60,131,93,0.709923664122137,46289,9274474,0.00499101081096351,4991.01081096351,93,20626,38,0.00448863362131377,0.709923664122137,0.00892086330935252,0.0106055923006386,0.989394407699361,0,0.411485766493435,0.255365909888112,0.122238018515087,-1.62492647775301,218.653767076941,1643.04245698862
GenGamma-exact,121,87,1e-06,7072,3,60,131,66,0.50381679389313,10384,5559120,0.00186792154153895,1867.92154153895,66,3360,65,0.0192644483362522,0.50381679389313,0.0371099240933371,0.388801941958797,0.611198058041203,0,0.766318844325909,1.28635254872931,0.122238018515087,-1.62492647775301,375.822808103208,1267.55327941029
K,121,87,1e-06,7072,2,60,131,8,0.0610687022900763,22,432383,5.08808163133148e-05,50.8808163133148,8,5,123,0.615384615384615,0.0610687022900763,0.111111111111111,0.95201943751904,0.0479805624809597,0,NaN,NaN,0.122238018515087,-1.62492647775301,37.2496769849445,390.516656612917
Lognormal,121,87,1e-06,7072,2,60,131,27,0.206106870229008,3987,9394273,0.000424407508702376,424.407508702376,27,64,104,0.296703296703297,0.206106870229008,0.243243243243243,0,1,0,0.349622384020403,0.0291561274138493,0.122238018515087,-1.62492647775301,11.7247313599691,362.151883078172
Weibull,121,87,1e-06,7072,2,60,131,95,0.725190839694656,13570,9394273,0.00144449708881145,1444.49708881145,95,1033,36,0.0842198581560284,0.725190839694656,0.150913423351867,0,1,0,3.66845215609832,0.256139453812358,0.122238018515087,-1.62492647775301,13.3202036464163,364.007619004821
BurrXII,131,93,1e-06,8512,3,60,131,32,0.244274809160305,258,3908244,6.60143020753054e-05,66.0143020753054,32,60,99,0.347826086956522,0.244274809160305,0.286995515695067,0.559873110098188,0.440126889901812,0,2.33949289452107,1.69436375737179,0.122603251139957,-1.58583249246445,365.350161218866,734.198319853611
CA-CFAR,131,93,1e-06,8512,0,60,131,28,0.213740458015267,1313,9394273,0.000139766004245352,139.766004245352,28,62,103,0.311111111111111,0.213740458015267,0.253393665158371,0,1,0,NaN,NaN,0.122603251139957,-1.58583249246445,0,356.180465684676
G0,131,93,1e-06,8512,3,60,131,19,0.145038167938931,302,2079751,0.000145209690967813,145.209690967813,19,31,112,0.38,0.145038167938931,0.209944751381215,0.755637464333968,0.244362535666032,0,9.84770723172429,10.7290514659566,0.122603251139957,-1.58583249246445,3808.12171309231,4425.19165837349
G0-L1,131,93,1e-06,8512,2,60,131,6,0.0458015267175573,12,441816,2.71606279537183e-05,27.1606279537183,6,4,125,0.6,0.0458015267175573,0.0851063829787234,0.951225618783861,0.0487743812161387,0,6.12742903918777,8.50289478645439,0.122603251139957,-1.58583249246445,58.1529561715822,446.353786497893
GenGamma,131,93,1e-06,8512,3,60,131,92,0.702290076335878,46594,9271450,0.00502553538011854,5025.53538011854,92,20721,39,0.00442031422668525,0.702290076335878,0.00878533231474408,0.0107534497336226,0.989246550266378,0,0.438083064652002,0.289899989641408,0.122603251139957,-1.58583249246445,215.673082654302,1611.0699425766
GenGamma-exact,131,93,1e-06,8512,3,60,131,63,0.480916030534351,10421,5581254,0.00186714311873282,1867.14311873282,63,3400,68,0.0181923187987294,0.480916030534351,0.0350584307178631,0.386251974062586,0.613748025937414,0,0.744669723005848,1.30845958933356,0.122603251139957,-1.58583249246445,371.302428118293,1263.11764634291
K,131,93,1e-06,8512,2,60,131,7,0.0534351145038168,21,441816,4.7531098919007e-05,47.531098919007,7,7,124,0.5,0.0534351145038168,0.096551724137931,0.951225618783861,0.0487743812161387,0,NaN,NaN,0.122603251139957,-1.58583249246445,39.8836968962573,389.053500613575
Lognormal,131,93,1e-06,8512,2,60,131,25,0.190839694656489,4006,9394273,0.000426430017522378,426.430017522378,25,76,106,0.247524752475248,0.190839694656489,0.21551724137931,0,1,0,0.350144334589935,0.028819242695686,0.122603251139957,-1.58583249246445,10.250008087729,357.112151264146
Weibull,131,93,1e-06,8512,2,60,131,94,0.717557251908397,14194,9394273,0.0015109205363736,1510.9205363736,94,997,37,0.0861594867094409,0.717557251908397,0.153846153846154,0,1,0,3.66298316887526,0.266267443962328,0.122603251139957,-1.58583249246445,12.9323255242799,360.305998057489
BurrXII,141,101,1e-06,9680,3,60,131,32,0.244274809160305,225,3923009,5.73539341867429e-05,57.3539341867429,32,57,99,0.359550561797753,0.244274809160305,0.290909090909091,0.558721975754774,0.441278024245226,0,2.36823011704767,1.67844605009589,0.122787043724334,-1.54304504184177,385.883350086115,767.51468715988
CA-CFAR,141,101,1e-06,9680,0,60,131,28,0.213740458015267,1397,9394273,0.000148707622186411,148.707622186411,28,60,103,0.318181818181818,0.213740458015267,0.255707762557078,0,1,0,NaN,NaN,0.122787043724334,-1.54304504184177,0,368.653699462486
G0,141,101,1e-06,9680,3,60,131,23,0.175572519083969,300,2101063,0.000142784866517568,142.784866517568,23,30,108,0.433962264150943,0.175572519083969,0.25,0.75346084849649,0.24653915150351,0,9.83269943605801,10.3437601643305,0.122787043724334,-1.54304504184177,4013.94236065363,4638.05334239575
G0-L1,141,101,1e-06,9680,2,60,131,8,0.0610687022900763,10,447313,2.23557106545081e-05,22.3557106545081,8,3,123,0.727272727272727,0.0610687022900763,0.112676056338028,0.950844100995815,0.0491558990041851,0,7.89932378442106,11.5410945543091,0.122787043724334,-1.54304504184177,58.7781922370492,459.569083716993
GenGamma,141,101,1e-06,9680,3,60,131,95,0.725190839694656,46446,9264750,0.00501319517526107,5013.19517526107,95,20628,36,0.00458427833807846,0.725190839694656,0.00911096192576964,0.0113485775329313,0.988651422467069,0,0.469008248775846,0.407216631737534,0.122787043724334,-1.54304504184177,227.098448414696,1632.50460896532
GenGamma-exact,141,101,1e-06,9680,3,60,131,67,0.511450381679389,10434,5610727,0.00185965205578528,1859.65205578528,67,3250,64,0.0201989749773892,0.511450381679389,0.0388631090487239,0.383213629187366,0.616786370812634,0,0.767298146471141,1.3104696825666,0.122787043724334,-1.54304504184177,373.894287816427,1284.69510405813
K,141,101,1e-06,9680,2,60,131,9,0.0687022900763359,20,447313,4.47114213090163e-05,44.7114213090163,9,6,122,0.6,0.0687022900763359,0.123287671232877,0.950844100995815,0.0491558990041851,0,NaN,NaN,0.122787043724334,-1.54304504184177,38.2528986576866,399.787576187188
Lognormal,141,101,1e-06,9680,2,60,131,25,0.190839694656489,4163,9394273,0.000443142327245546,443.142327245546,25,79,106,0.240384615384615,0.190839694656489,0.212765957446809,0,1,0,0.350406764054083,0.0294872582531483,0.122787043724334,-1.54304504184177,10.7221338206567,369.827756857172
Weibull,141,101,1e-06,9680,2,60,131,93,0.709923664122137,14769,9394273,0.00157212804013679,1572.12804013679,93,1008,38,0.0844686648501362,0.709923664122137,0.150974025974026,0,1,0,3.66023818978016,0.290287587629831,0.122787043724334,-1.54304504184177,12.5256609859082,371.521415734341
BurrXII,151,109,1e-06,10920,3,60,131,35,0.267175572519084,191,3938917,4.8490486090466e-05,48.490486090466,35,50,96,0.411764705882353,0.267175572519084,0.324074074074074,0.557589487648496,0.442410512351504,0,2.36188346422598,1.79584651517853,0.123515219193528,-1.50785143969391,390.286954706325,783.561656945268
CA-CFAR,151,109,1e-06,10920,0,60,131,29,0.221374045801527,1579,9394273,0.000168081127725371,168.081127725371,29,65,102,0.308510638297872,0.221374045801527,0.257777777777778,0,1,0,NaN,NaN,0.123515219193528,-1.50785143969391,0,380.126936256941
G0,151,109,1e-06,10920,3,60,131,23,0.175572519083969,319,2122339,0.000150305865368351,150.305865368351,23,44,108,0.343283582089552,0.175572519083969,0.232323232323232,0.751322118214803,0.248677881785197,0,9.43773266871077,10.2767764836315,0.123515219193528,-1.50785143969391,3876.67966008445,4506.14106726192
G0-L1,151,109,1e-06,10920,2,60,131,10,0.0763358778625954,10,447358,2.23534618806415e-05,22.3534618806415,10,2,121,0.833333333333333,0.0763358778625954,0.13986013986014,0.95107826714116,0.0489217328588396,0,6.29001563960497,9.55773663138285,0.123515219193528,-1.50785143969391,56.6586143052006,467.449995729887
GenGamma,151,109,1e-06,10920,3,60,131,98,0.748091603053435,46854,9259262,0.00506023050217177,5060.23050217177,98,20598,33,0.00473521453420951,0.748091603053435,0.00941086090171412,0.0117610653049099,0.98823893469509,0,0.495029656068613,0.512429519761175,0.123515219193528,-1.50785143969391,215.753679084529,1630.09345669955
GenGamma-exact,151,109,1e-06,10920,3,60,131,72,0.549618320610687,10434,5650792,0.00184646683155211,1846.46683155211,72,3186,59,0.0220994475138122,0.549618320610687,0.0424904101504869,0.379133597023625,0.620866402976375,0,0.771739515440345,1.29744962515524,0.123515219193528,-1.50785143969391,376.887569332122,1303.95163839706
K,151,109,1e-06,10920,2,60,131,11,0.083969465648855,16,447358,3.57655390090263e-05,35.7655390090263,11,3,120,0.785714285714286,0.083969465648855,0.151724137931034,0.95107826714116,0.0489217328588396,0,NaN,NaN,0.123515219193528,-1.50785143969391,36.9427697730932,408.327749939693
Lognormal,151,109,1e-06,10920,2,60,131,26,0.198473282442748,4164,9394273,0.000443248775078178,443.248775078178,26,87,105,0.230088495575221,0.198473282442748,0.213114754098361,0,1,0,0.351446991357073,0.0323841603151296,0.123515219193528,-1.50785143969391,10.1410447931201,379.233780514533
Weibull,151,109,1e-06,10920,2,60,131,92,0.702290076335878,15134,9394273,0.00161098149904735,1610.98149904735,92,996,39,0.0845588235294118,0.702290076335878,0.150943396226415,0,1,0,3.64934759758356,0.296005456877378,0.123515219193528,-1.50785143969391,13.3613964527793,382.497696687589
BurrXII,11,7,1e-05,72,3,60,131,3,0.0229007633587786,656,5292999,0.000123937299062403,12.3937299062403,3,537,128,0.00555555555555556,0.0229007633587786,0.00894187779433681,0.434744553846647,0.565255446153353,0,2.21651049531547,2.5867227027844,0.106605371991147,-1.01254572092482,460.338806671446,807.188956083787
CA-CFAR,11,7,1e-05,72,0,60,131,6,0.0458015267175573,370,9394273,3.93856980737094e-05,3.93856980737094,6,131,125,0.0437956204379562,0.0458015267175573,0.0447761194029851,0,1,0.0164945496270797,NaN,NaN,0.106605371991147,-1.01254572092482,0,328.045622905447
G0,11,7,1e-05,72,3,60,131,0,0,95,2167492,4.38294581940787e-05,4.38294581940787,0,63,131,0,0,0,0.757605776394923,0.242394223605077,0,21.7412534662589,37.6446792809999,0.106605371991147,-1.01254572092482,4106.18074134361,4689.92320974347
G0-L1,11,7,1e-05,72,2,60,131,0,0,9,323910,2.77854959711031e-05,2.77854959711031,0,8,131,0,0,0,0.963735159831751,0.0362648401682493,0,7.13157585191383,11.5667174998825,0.106605371991147,-1.01254572092482,57.9947071404713,403.278052795239
GenGamma,11,7,1e-05,72,3,60,131,43,0.32824427480916,22200,8774453,0.00253007224495932,253.007224495932,43,14389,88,0.00297949002217295,0.32824427480916,0.00590537663942869,0.0649385536279963,0.935061446372004,0,1.25000012225835,2.74848935269421,0.106605371991147,-1.01254572092482,231.585291629986,1497.93529379885
GenGamma-exact,11,7,1e-05,72,3,60,131,32,0.244274809160305,12772,7095197,0.00180009096294296,180.009096294296,32,8485,99,0.00375719149935423,0.244274809160305,0.00740055504162812,0.241134095958033,0.758865904041967,0,1.68734250963133,3.31623818074366,0.106605371991147,-1.01254572092482,432.117615032212,1456.54436668089
K,11,7,1e-05,72,2,60,131,3,0.0229007633587786,15,323910,4.63091599518385e-05,4.63091599518385,3,12,128,0.2,0.0229007633587786,0.0410958904109589,0.963735159831751,0.0362648401682493,0,NaN,NaN,0.106605371991147,-1.01254572092482,37.632260375152,1228.50249897824
Lognormal,11,7,1e-05,72,2,60,131,0,0,202,9394273,2.15024621915927e-05,2.15024621915927,0,95,131,0,0,0,0,1,0,0.326504369629252,0.116066637523342,0.106605371991147,-1.01254572092482,11.5401855070184,328.8464277047
Weibull,11,7,1e-05,72,2,60,131,36,0.274809160305344,14425,9394273,0.00153550998571151,153.550998571151,36,5863,95,0.0061027292761485,0.274809160305344,0.0119402985074627,0,1,0,3.9281344478242,1.27087383676689,0.106605371991147,-1.01254572092482,16.8387974654774,334.562158436479
BurrXII,15,11,1e-05,104,3,60,131,6,0.0458015267175573,825,4889441,0.000168730944907608,16.8730944907608,6,514,125,0.0115384615384615,0.0458015267175573,0.0184331797235023,0.473724706242757,0.526275293757243,0,2.36655954003704,2.66413625550407,0.112020641834398,-1.22699172439767,437.791237561931,762.946394532008
CA-CFAR,15,11,1e-05,104,0,60,131,7,0.0534351145038168,595,9394273,6.33364604158299e-05,6.33364604158299,7,123,124,0.0538461538461538,0.0534351145038168,0.053639846743295,0,1,0,NaN,NaN,0.112020641834398,-1.22699172439767,0,303.579290795103
G0,15,11,1e-05,104,3,60,131,0,0,100,2013339,4.96687343760787e-05,4.96687343760787,0,66,131,0,0,0,0.771742230636284,0.228257769363716,0,17.6639209845974,38.1475520655133,0.112020641834398,-1.22699172439767,4395.84060838862,4945.95731613887
G0-L1,15,11,1e-05,104,2,60,131,4,0.0305343511450382,24,333669,7.19275689380794e-05,7.19275689380793,4,17,127,0.19047619047619,0.0305343511450382,0.0526315789473684,0.962095699374802,0.0379043006251978,0,7.69116968845371,13.9951299017126,0.112020641834398,-1.22699172439767,56.9747170829169,380.455199234313
GenGamma,15,11,1e-05,104,3,60,131,55,0.419847328244275,27499,8834888,0.00311254653143311,311.254653143311,55,16583,76,0.00330568577954081,0.419847328244275,0.00655972329894448,0.0579168992907136,0.942083100709286,0,0.970062834510229,2.24609115016942,0.112020641834398,-1.22699172439767,218.369245450769,1491.64623409851
GenGamma-exact,15,11,1e-05,104,3,60,131,51,0.389312977099237,14330,6710384,0.00213549626966206,213.549626966206,51,8759,80,0.005788876276958,0.389312977099237,0.0114081198971032,0.279336795285385,0.720663204714615,0,1.37025846123705,2.56518677100664,0.112020641834398,-1.22699172439767,429.366403667242,1390.68768997711
K,15,11,1e-05,104,2,60,131,7,0.0534351145038168,37,333669,0.000110888335446206,11.0888335446206,7,23,124,0.233333333333333,0.0534351145038168,0.0869565217391304,0.962095699374802,0.0379043006251978,0,NaN,NaN,0.112020641834398,-1.22699172439767,39.7473445463065,339.065624405448
Lognormal,15,11,1e-05,104,2,60,131,0,0,279,9394273,2.96989453042295e-05,2.96989453042295,0,80,131,0,0,0,0,1,0,0.334688413912601,0.0952429842737063,0.112020641834398,-1.22699172439767,10.5206635495363,304.781954305319
Weibull,15,11,1e-05,104,2,60,131,53,0.404580152671756,14469,9394273,0.0015401936903473,154.01936903473,53,4669,78,0.0112240576027107,0.404580152671756,0.0218421594889759,0,1,0,3.83221855717613,1.01500170396048,0.112020641834398,-1.22699172439767,13.2741842081968,307.537929888803
BurrXII,17,13,1e-05,120,3,60,131,8,0.0610687022900763,655,4750623,0.000137876653230534,13.7876653230534,8,371,123,0.0211081794195251,0.0610687022900763,0.0313725490196078,0.486851288364118,0.513148711635882,0,2.46877290096519,2.85549108316645,0.113412183259562,-1.32908202518665,433.869557569495,751.655675156858
CA-CFAR,17,13,1e-05,120,0,60,131,10,0.0763358778625954,541,9394273,5.7588277453721e-05,5.7588277453721,10,103,121,0.0884955752212389,0.0763358778625954,0.0819672131147541,0,1,0,NaN,NaN,0.113412183259562,-1.32908202518665,0,299.775457596427
G0,17,13,1e-05,120,3,60,131,4,0.0305343511450382,98,1971202,4.97158586486824e-05,4.97158586486824,4,60,127,0.0625,0.0305343511450382,0.041025641025641,0.775174514783428,0.224825485216572,0,17.3333427273551,32.557698687315,0.113412183259562,-1.32908202518665,4021.6555472095,4573.68350755498
G0-L1,17,13,1e-05,120,2,60,131,7,0.0534351145038168,29,338662,8.56311012159616e-05,8.56311012159616,7,22,124,0.241379310344828,0.0534351145038168,0.0875,0.961357233405277,0.0386427665947232,0,8.07431230250783,12.2644858092096,0.113412183259562,-1.32908202518665,58.9479981388341,377.755073190567
GenGamma,17,13,1e-05,120,3,60,131,59,0.450381679389313,28938,8868708,0.00326293299993641,326.293299993641,59,17409,72,0.00337760476299519,0.450381679389313,0.00670492641627365,0.0541617299654711,0.945838270034529,0,0.83182635756271,2.05626145813226,0.113412183259562,-1.32908202518665,215.292246837698,1493.60508726998
GenGamma-exact,17,13,1e-05,120,3,60,131,63,0.480916030534351,14135,6592308,0.00214416559420464,214.416559420464,63,8592,68,0.0072790294627383,0.480916030534351,0.0143409970407466,0.290870928238581,0.709129071761419,0,1.30426129309281,2.2953893642294,0.113412183259562,-1.32908202518665,429.85211470449,1391.78826606267
K,17,13,1e-05,120,2,60,131,7,0.0534351145038168,45,338662,0.000132875846714423,13.2875846714423,7,26,124,0.212121212121212,0.0534351145038168,0.0853658536585366,0.961357233405277,0.0386427665947232,0,NaN,NaN,0.113412183259562,-1.32908202518665,39.8465609571877,332.215479153995
Lognormal,17,13,1e-05,120,2,60,131,6,0.0458015267175573,249,9394273,2.65055103252801e-05,2.65055103252801,6,65,125,0.0845070422535211,0.0458015267175573,0.0594059405940594,0,1,0,0.336761620808461,0.089647659757417,0.113412183259562,-1.32908202518665,11.1382019693698,300.119708791824
Weibull,17,13,1e-05,120,2,60,131,56,0.427480916030534,14849,9394273,0.00158064386674733,158.064386674733,56,4071,75,0.0135691785800824,0.427480916030534,0.0263034288398309,0,1,0,3.80860721437862,0.952896383419736,0.113412183259562,-1.32908202518665,13.4698916473159,302.650320196053
BurrXII,21,15,1e-05,216,3,60,131,13,0.099236641221374,471,4257840,0.000110619469026549,11.0619469026549,13,233,118,0.0528455284552846,0.099236641221374,0.0689655172413793,0.535041484492409,0.464958515507591,0,2.63736250025282,3.42245971143126,0.116847898667876,-1.64140194953972,400.913887374498,719.685844518584
CA-CFAR,21,15,1e-05,216,0,60,131,15,0.114503816793893,442,9394273,4.7049942023188e-05,4.7049942023188,15,78,116,0.161290322580645,0.114503816793893,0.133928571428571,0,1,0,NaN,NaN,0.116847898667876,-1.64140194953972,0,301.883759517645
G0,21,15,1e-05,216,3,60,131,7,0.0534351145038168,113,1809256,6.24566119996286e-05,6.24566119996286,7,52,124,0.11864406779661,0.0534351145038168,0.0736842105263158,0.791157804953127,0.208842195046873,0,14.0295863228012,29.418530243011,0.116847898667876,-1.64140194953972,4228.07091071157,4752.77399743627
G0-L1,21,15,1e-05,216,2,60,131,9,0.0687022900763359,18,338431,5.31866170652216e-05,5.31866170652216,9,14,122,0.391304347826087,0.0687022900763359,0.116883116883117,0.961196205082068,0.0388037949179323,0,10.3175322661196,12.6266353626828,0.116847898667876,-1.64140194953972,52.9852666022353,371.049269196966
GenGamma,21,15,1e-05,216,3,60,131,66,0.50381679389313,35405,8992204,0.00393729946518117,393.729946518117,66,20251,65,0.00324851109907959,0.50381679389313,0.00645539906103286,0.0408759170055819,0.959124082994418,0,0.463827020493733,1.33863082231755,0.116847898667876,-1.64140194953972,219.263951124527,1532.15807968291
GenGamma-exact,21,15,1e-05,216,3,60,131,60,0.458015267175573,15794,6213140,0.00254203188725829,254.203188725829,60,9360,71,0.00636942675159236,0.458015267175573,0.0125641294105329,0.328426784754944,0.671573215245056,0,1.08732730114929,1.84650549567952,0.116847898667876,-1.64140194953972,407.800773280515,1325.84427309208
K,21,15,1e-05,216,2,60,131,9,0.0687022900763359,39,338431,0.00011523767030798,11.523767030798,9,19,122,0.321428571428571,0.0687022900763359,0.113207547169811,0.961196205082068,0.0388037949179323,0,NaN,NaN,0.116847898667876,-1.64140194953972,35.4203523045971,330.384594140074
Lognormal,21,15,1e-05,216,2,60,131,7,0.0534351145038168,286,9394273,3.0444080132651e-05,3.0444080132651,7,59,124,0.106060606060606,0.0534351145038168,0.0710659898477157,0,1,0,0.341829171937382,0.0700239924595283,0.116847898667876,-1.64140194953972,10.5376399788252,302.455642577093
Weibull,21,15,1e-05,216,2,60,131,61,0.465648854961832,12197,9394273,0.0012983442146082,129.83442146082,61,2944,70,0.0202995008319468,0.465648854961832,0.0389030612244898,0,1,0,3.75204281325767,0.724475950141346,0.116847898667876,-1.64140194953972,13.3722563744568,305.627863147095
BurrXII,31,21,1e-05,520,3,60,131,30,0.229007633587786,395,3847724,0.000102658090860987,10.2658090860987,30,134,101,0.182926829268293,0.229007633587786,0.203389830508475,0.573007496577924,0.426992503422076,0,2.83320274085602,3.83336369669927,0.119228652984883,-1.84515150834728,373.835057553944,691.983921490672
CA-CFAR,31,21,1e-05,520,0,60,131,24,0.183206106870229,497,9394273,5.29045728179285e-05,5.29045728179285,24,67,107,0.263736263736264,0.183206106870229,0.216216216216216,0,1,0,NaN,NaN,0.119228652984883,-1.84515150834728,0,303.241499380704
G0,31,21,1e-05,520,3,60,131,25,0.190839694656489,97,1757950,5.51779060837908e-05,5.51779060837908,25,29,106,0.462962962962963,0.190839694656489,0.27027027027027,0.793983070494265,0.206016929505735,0,9.81995345970197,20.2010026432719,0.119228652984883,-1.84515150834728,4131.57871742453,4652.59198972593
G0-L1,31,21,1e-05,520,2,60,131,9,0.0687022900763359,19,348699,5.44882549132633e-05,5.44882549132633,9,9,122,0.5,0.0687022900763359,0.120805369127517,0.959919020275529,0.0400809797244712,0,8.12737528370364,13.8491512528651,0.119228652984883,-1.84515150834728,55.7950424873631,377.745461535749
GenGamma,31,21,1e-05,520,3,60,131,83,0.633587786259542,42340,9148065,0.00462830117625968,462.830117625968,83,22282,48,0.00371115582383188,0.633587786259542,0.00737908961593172,0.0243752434807363,0.975624756519264,0,0.298490876377073,0.49829424560208,0.119228652984883,-1.84515150834728,207.902475822891,1560.0969445652
GenGamma-exact,31,21,1e-05,520,3,60,131,73,0.557251908396947,15702,5761311,0.00272542134941162,272.542134941162,73,8356,58,0.00866057658085182,0.557251908396947,0.0170560747663551,0.372733122559426,0.627266877440574,0,0.560935800677921,0.900101752721699,0.119228652984883,-1.84515150834728,385.051525855403,1257.95861142378
K,31,21,1e-05,520,2,60,131,10,0.0763358778625954,29,348699,8.31662838149808e-05,8.31662838149808,10,12,121,0.454545454545455,0.0763358778625954,0.130718954248366,0.959919020275529,0.0400809797244712,0,NaN,NaN,0.119228652984883,-1.84515150834728,42.4360593505122,339.394324276221
Lognormal,31,21,1e-05,520,2,60,131,18,0.137404580152672,1203,9394273,0.000128056742655871,12.8056742655871,18,112,113,0.138461538461538,0.137404580152672,0.137931034482759,0,1,0,0.345294991076904,0.0499535685833376,0.119228652984883,-1.84515150834728,10.4181288292536,304.138774403747
Weibull,31,21,1e-05,520,2,60,131,89,0.679389312977099,10619,9394273,0.00113036953471546,113.036953471546,89,2144,42,0.0398566950291088,0.679389312977099,0.0752961082910321,0,1,0,3.71436047806714,0.515183323567496,0.119228652984883,-1.84515150834728,13.8095866686764,307.261834063934
BurrXII,41,27,1e-05,952,3,60,131,36,0.274809160305344,308,3737682,8.24040140386475e-05,8.24040140386475,36,100,95,0.264705882352941,0.274809160305344,0.269662921348315,0.581679630526794,0.418320369473206,0,2.52292340687254,3.16919051181793,0.119847166304702,-1.90016669644414,357.191187360799,669.349202549918
CA-CFAR,41,27,1e-05,952,0,60,131,31,0.236641221374046,550,9394273,5.85463079474058e-05,5.85463079474058,31,58,100,0.348314606741573,0.236641221374046,0.281818181818182,0,1,0,NaN,NaN,0.119847166304702,-1.90016669644414,0,298.433872386974
G0,41,27,1e-05,952,3,60,131,23,0.175572519083969,206,1799233,0.000114493231282441,11.4493231282441,23,35,108,0.396551724137931,0.175572519083969,0.243386243386243,0.787974071774969,0.212025928225031,0,9.60302371679256,16.6552120145661,0.119847166304702,-1.90016669644414,4003.75684635364,4521.9045452413
G0-L1,41,27,1e-05,952,2,60,131,8,0.0610687022900763,9,358576,2.50992816027843e-05,2.50992816027843,8,4,123,0.666666666666667,0.0610687022900763,0.111888111888112,0.958739805579015,0.0412601944209848,0,8.00904665970813,12.7983430960731,0.119847166304702,-1.90016669644414,50.0188540306901,369.386764980165
GenGamma,41,27,1e-05,952,3,60,131,90,0.687022900763359,46765,9203909,0.00508099330404071,508.099330404071,90,23285,41,0.00385026737967914,0.687022900763359,0.00765761933123458,0.0182092956591603,0.98179070434084,0,0.263454305189235,0.344916409430268,0.119847166304702,-1.90016669644414,217.040049289897,1576.3472154131
GenGamma-exact,41,27,1e-05,952,3,60,131,79,0.603053435114504,15072,5546807,0.00271723894485602,271.723894485602,79,6980,52,0.0111913868819946,0.603053435114504,0.0219749652294854,0.393572715335835,0.606427284664165,0,0.73857398431715,0.895307057353129,0.119847166304702,-1.90016669644414,362.198433029807,1202.20864177227
K,41,27,1e-05,952,2,60,131,10,0.0763358778625954,22,358576,6.13537994734728e-05,6.13537994734728,10,7,121,0.588235294117647,0.0763358778625954,0.135135135135135,0.958739805579015,0.0412601944209848,0,NaN,NaN,0.119847166304702,-1.90016669644414,38.0313312901285,330.79170597407
Lognormal,41,27,1e-05,952,2,60,131,22,0.16793893129771,2362,9394273,0.00025142978067595,25.142978067595,22,92,109,0.192982456140351,0.16793893129771,0.179591836734694,0,1,0,0.346188337368837,0.0410245405456887,0.119847166304702,-1.90016669644414,10.5641344429177,300.476754722532
Weibull,41,27,1e-05,952,2,60,131,95,0.725190839694656,10119,9394273,0.00107714561839964,107.714561839964,95,1743,36,0.0516866158868335,0.725190839694656,0.0964956830878619,0,1,0,3.70479957808441,0.41006762203633,0.119847166304702,-1.90016669644414,13.9291810360386,303.762213901137
BurrXII,51,41,1e-05,920,3,60,131,46,0.351145038167939,367,3801048,9.65523192551107e-05,9.65523192551107,46,116,85,0.283950617283951,0.351145038167939,0.313993174061433,0.574245195075352,0.425754804924648,0,2.30033616903971,3.16748165084824,0.120487158112576,-1.87180061084232,376.04055785462,683.573338642628
CA-CFAR,51,41,1e-05,920,0,60,131,36,0.274809160305344,1489,9394273,0.000158500822788522,15.8500822788522,36,127,95,0.220858895705521,0.274809160305344,0.244897959183673,0,1,0,NaN,NaN,0.120487158112576,-1.87180061084232,0,292.984989903081
G0,51,41,1e-05,920,3,60,131,33,0.251908396946565,272,1860999,0.000146158058118247,14.6158058118247,33,47,98,0.4125,0.251908396946565,0.312796208530806,0.780369180318625,0.219630819681375,0,8.84094989946898,16.3913258835964,0.120487158112576,-1.87180061084232,3966.61980464832,4487.73493552546
G0-L1,51,41,1e-05,920,2,60,131,9,0.0687022900763359,13,374490,3.47138775401212e-05,3.47138775401212,9,7,122,0.5625,0.0687022900763359,0.122448979591837,0.957044541698751,0.0429554583012488,0,8.71324510713931,12.9152247111983,0.120487158112576,-1.87180061084232,60.6822256889367,372.896069613346
GenGamma,51,41,1e-05,920,3,60,131,100,0.763358778625954,46983,9200865,0.00510636771651361,510.636771651361,100,23298,31,0.00427386956150098,0.763358778625954,0.00850014875260317,0.0180986341787877,0.981901365821212,0,0.274809204082609,0.385501471745759,0.120487158112576,-1.87180061084232,207.736695581728,1540.43371448122
GenGamma-exact,51,41,1e-05,920,3,60,131,91,0.694656488549618,15785,5621300,0.00280806930781136,280.806930781136,91,7351,40,0.0122278957269551,0.694656488549618,0.024032747920243,0.385502164418718,0.614497835581282,0,0.764850569215269,0.955843301341821,0.120487158112576,-1.87180061084232,375.820509211741,1220.74221115287
K,51,41,1e-05,920,2,60,131,10,0.0763358778625954,23,374490,6.14168602632914e-05,6.14168602632914,10,9,121,0.526315789473684,0.0763358778625954,0.133333333333333,0.957044541698751,0.0429554583012488,0,NaN,NaN,0.120487158112576,-1.87180061084232,39.004656971586,325.269664649988
Lognormal,51,41,1e-05,920,2,60,131,26,0.198473282442748,3013,9394273,0.000320727319719152,32.0727319719152,26,103,105,0.201550387596899,0.198473282442748,0.2,0,1,0,0.347109737888849,0.0409093051082585,0.120487158112576,-1.87180061084232,9.82118681260154,292.916647292525
Weibull,51,41,1e-05,920,2,60,131,100,0.763358778625954,11798,9394273,0.00125587152938817,125.587152938817,100,1916,31,0.0496031746031746,0.763358778625954,0.0931532370749883,0,1,0,3.69500147147882,0.421434928645709,0.120487158112576,-1.87180061084232,12.7620827290942,295.881083441542
BurrXII,61,49,1e-05,1320,3,60,131,49,0.374045801526718,336,3783507,8.88064961951967e-05,8.88064961951967,49,125,82,0.281609195402299,0.374045801526718,0.321311475409836,0.575211203672696,0.424788796327304,0,2.14565997569136,2.59848719961944,0.120859912683503,-1.87387082722363,386.428759485918,717.158946708263
CA-CFAR,61,49,1e-05,1320,0,60,131,41,0.312977099236641,1900,9394273,0.000202250882000129,20.2250882000129,41,110,90,0.271523178807947,0.312977099236641,0.290780141843972,0,1,0,NaN,NaN,0.120859912683503,-1.87387082722363,0,316.858124797352
G0,61,49,1e-05,1320,3,60,131,34,0.259541984732824,235,1898377,0.000123789953207398,12.3789953207398,34,45,97,0.430379746835443,0.259541984732824,0.323809523809524,0.775708525348718,0.224291474651282,0,7.83782044332114,13.3272240424506,0.120859912683503,-1.87387082722363,4203.84218619793,4757.63500864269
G0-L1,61,49,1e-05,1320,2,60,131,8,0.0610687022900763,10,383144,2.60998475768902e-05,2.60998475768901,8,2,123,0.8,0.0610687022900763,0.113475177304965,0.95629983720312,0.0437001627968797,0,9.41912835064132,12.5954591902057,0.120859912683503,-1.87387082722363,59.7191878068461,397.749281232339
GenGamma,61,49,1e-05,1320,3,60,131,102,0.778625954198473,50000,9225542,0.00541973577270582,541.973577270582,102,23993,29,0.00423324341149616,0.778625954198473,0.00842070502765624,0.0154921421698848,0.984507857830115,0,0.272717863047107,0.352214670528147,0.120859912683503,-1.87387082722363,220.835820765106,1612.80622976702
GenGamma-exact,61,49,1e-05,1320,3,60,131,89,0.679389312977099,15532,5562883,0.00279207741741108,279.207741741108,89,6785,42,0.0129473377945883,0.679389312977099,0.0254104211277659,0.391242801744903,0.608757198255097,0,0.673522857614223,0.913800242204891,0.120859912683503,-1.87387082722363,392.579812882717,1269.7602360223
K,61,49,1e-05,1320,2,60,131,9,0.0687022900763359,17,383144,4.43697408807133e-05,4.43697408807133,9,4,122,0.692307692307692,0.0687022900763359,0.125,0.95629983720312,0.0437001627968797,0,NaN,NaN,0.120859912683503,-1.87387082722363,38.9403296194274,348.105188119537
Lognormal,61,49,1e-05,1320,2,60,131,30,0.229007633587786,4074,9394273,0.00043366847014133,43.366847014133,30,90,101,0.25,0.229007633587786,0.239043824701195,0,1,0,0.347645253147904,0.0373849795842907,0.120859912683503,-1.87387082722363,11.0889890484347,317.341682574267
Weibull,61,49,1e-05,1320,2,60,131,105,0.801526717557252,12608,9394273,0.0013420942738198,134.20942738198,105,1902,26,0.0523168908819133,0.801526717557252,0.09822263797942,0,1,0,3.6893309274944,0.362011498071689,0.120859912683503,-1.87387082722363,13.8945312284641,319.928965293916
BurrXII,71,57,1e-05,1792,3,60,131,51,0.389312977099237,361,3791086,9.52233739883506e-05,9.52233739883506,51,106,80,0.32484076433121,0.389312977099237,0.354166666666667,0.573958553259213,0.426041446740787,0,2.27206218644891,1.6275789996248,0.121185042204771,-1.85872244689562,388.878774459919,751.183715859511
CA-CFAR,71,57,1e-05,1792,0,60,131,44,0.33587786259542,1985,9394273,0.000211298947773819,21.1298947773819,44,96,87,0.314285714285714,0.33587786259542,0.324723247232472,0,1,0,NaN,NaN,0.121185042204771,-1.85872244689562,0,348.800753620312
G0,71,57,1e-05,1792,3,60,131,33,0.251908396946565,208,1934878,0.000107500317849497,10.7500317849497,33,48,98,0.407407407407407,0.251908396946565,0.311320754716981,0.771545767335814,0.228454232664186,0,7.53611253329523,14.4782365808595,0.121185042204771,-1.85872244689562,3947.72781624347,4531.7204477242
G0-L1,71,57,1e-05,1792,2,60,131,6,0.0458015267175573,13,393760,3.30150345388054e-05,3.30150345388054,6,3,125,0.666666666666667,0.0458015267175573,0.0857142857142857,0.955288526172621,0.044711473827379,0,8.82463667216745,13.0996297166558,0.121185042204771,-1.85872244689562,59.990228150935,431.072794866378
GenGamma,71,57,1e-05,1792,3,60,131,103,0.786259541984733,51437,9241334,0.00556597131972505,556.597131972505,103,24226,28,0.0042336306465535,0.786259541984733,0.00842191332788226,0.0139026785068269,0.986097321493173,0,0.279564251707024,0.324574456070583,0.121185042204771,-1.85872244689562,232.822365696628,1655.77257368389
GenGamma-exact,71,57,1e-05,1792,3,60,131,90,0.687022900763359,15223,5538740,0.00274845903580959,274.845903580959,90,6167,41,0.0143838900431517,0.687022900763359,0.0281778334376957,0.393284844792669,0.606715155207331,0,0.705525437029352,0.912884031315197,0.121185042204771,-1.85872244689562,403.4807193221,1298.21263789058
K,71,57,1e-05,1792,2,60,131,6,0.0458015267175573,30,393760,7.6188541243397e-05,7.6188541243397,6,7,125,0.461538461538462,0.0458015267175573,0.0833333333333333,0.955288526172621,0.044711473827379,0,NaN,NaN,0.121185042204771,-1.85872244689562,35.6935771156901,376.73195206364
Lognormal,71,57,1e-05,1792,2,60,131,33,0.251908396946565,4154,9394273,0.000442184296751861,44.2184296751861,33,93,98,0.261904761904762,0.251908396946565,0.256809338521401,0,1,0,0.348112244388126,0.0345295644679291,0.121185042204771,-1.85872244689562,10.8940513738789,349.445493855458
Weibull,71,57,1e-05,1792,2,60,131,104,0.793893129770992,13159,9394273,0.00140074702959984,140.074702959984,104,1817,27,0.0541384695471109,0.793893129770992,0.101364522417154,0,1,0,3.68438807791691,0.338580655412996,0.121185042204771,-1.85872244689562,14.3938379722571,353.26251707395
BurrXII,81,65,1e-05,2336,3,60,131,52,0.396946564885496,365,3807462,9.58643842013394e-05,9.58643842013394,52,123,79,0.297142857142857,0.396946564885496,0.339869281045752,0.571785392899295,0.428214607100705,0,2.31302085214904,1.650659331077,0.121592685794167,-1.80749071784706,378.662688024096,723.906578043881
CA-CFAR,81,65,1e-05,2336,0,60,131,45,0.343511450381679,2129,9394273,0.000226627435672776,22.6627435672776,45,100,86,0.310344827586207,0.343511450381679,0.326086956521739,0,1,0,NaN,NaN,0.121592685794167,-1.80749071784706,0,332.353058966358
G0,81,65,1e-05,2336,3,60,131,36,0.274809160305344,318,1961001,0.000162162079468598,16.2162079468598,36,60,95,0.375,0.274809160305344,0.317180616740088,0.768557956531093,0.231442043468907,0,8.12828784252615,10.1081483312403,0.121592685794167,-1.80749071784706,3925.92376688658,4491.16087673687
G0-L1,81,65,1e-05,2336,2,60,131,4,0.0305343511450382,5,399815,1.25057839250653e-05,1.25057839250653,4,3,127,0.571428571428571,0.0305343511450382,0.0579710144927536,0.954817936954283,0.0451820630457167,0,6.37105872726817,10.2429864282376,0.121592685794167,-1.80749071784706,59.3547354927726,416.74581198667
GenGamma,81,65,1e-05,2336,3,60,131,105,0.801526717557252,52578,9251097,0.00568343408354706,568.343408354706,105,24340,26,0.00429535692370628,0.801526717557252,0.008544921875,0.0129412241179885,0.987058775882012,0,0.304677079769153,0.299183996052434,0.121592685794167,-1.80749071784706,213.460966539271,1584.37720169569
GenGamma-exact,81,65,1e-05,2336,3,60,131,83,0.633587786259542,14801,5544631,0.00266942921900484,266.942921900484,83,5508,48,0.014845287068503,0.633587786259542,0.0290108353722475,0.392344000306439,0.607655999693561,0,0.705037913271248,0.97079119560967,0.121592685794167,-1.80749071784706,368.559444912371,1252.46120256573
K,81,65,1e-05,2336,2,60,131,5,0.0381679389312977,12,399815,3.00138814201568e-05,3.00138814201568,5,2,126,0.714285714285714,0.0381679389312977,0.072463768115942,0.954817936954283,0.0451820630457167,0,NaN,NaN,0.121592685794167,-1.80749071784706,37.5957901784075,362.457094727539
Lognormal,81,65,1e-05,2336,2,60,131,35,0.267175572519084,4473,9394273,0.000476141155361357,47.6141155361357,35,95,96,0.269230769230769,0.267175572519084,0.268199233716475,0,1,0,0.348697699732806,0.0314826930361165,0.121592685794167,-1.80749071784706,12.0941247303614,333.71485569671
Weibull,81,65,1e-05,2336,2,60,131,102,0.778625954198473,14090,9394273,0.00149984996177991,149.984996177991,102,1732,29,0.0556161395856052,0.778625954198473,0.10381679389313,0,1,0,3.67819247691368,0.316375604297631,0.121592685794167,-1.80749071784706,14.2163344248387,335.676871144221
BurrXII,91,73,1e-05,2952,3,60,131,48,0.366412213740458,416,3829428,0.000108632411942462,10.8632411942462,48,129,83,0.271186440677966,0.366412213740458,0.311688311688312,0.569076723862811,0.430923276137189,0,2.24352989197537,1.64481045757215,0.121997968790518,-1.75773943408931,370.249411000081,718.29497357263
CA-CFAR,91,73,1e-05,2952,0,60,131,45,0.343511450381679,2117,9394273,0.000225350061681197,22.5350061681197,45,97,86,0.316901408450704,0.343511450381679,0.32967032967033,0,1,0,NaN,NaN,0.121997968790518,-1.75773943408931,0,334.83371889176
G0,91,73,1e-05,2952,3,60,131,36,0.274809160305344,395,1991583,0.000198334691549386,19.8334691549386,36,57,95,0.387096774193548,0.274809160305344,0.321428571428571,0.764956583904617,0.235043416095383,0,7.703023143255,9.95112866041638,0.121997968790518,-1.75773943408931,3818.1224422882,4389.32295981964
G0-L1,91,73,1e-05,2952,2,60,131,4,0.0305343511450382,28,404347,6.92474533012487e-05,6.92474533012487,4,5,127,0.444444444444444,0.0305343511450382,0.0571428571428571,0.954544564536424,0.0454554354635762,0,6.39674957254529,11.1248345077276,0.121997968790518,-1.75773943408931,54.1616853017305,410.39817736395
GenGamma,91,73,1e-05,2952,3,60,131,105,0.801526717557252,54365,9259855,0.00587104225714118,587.104225714118,105,24582,26,0.00425325069874833,0.801526717557252,0.00846160045128536,0.0120776399519879,0.987922360048012,0,0.330907497916093,0.286477931685661,0.121997968790518,-1.75773943408931,219.899225335989,1610.13618695459
GenGamma-exact,91,73,1e-05,2952,3,60,131,87,0.66412213740458,14806,5548542,0.00266844875644809,266.844875644809,87,5240,44,0.0163318941242726,0.66412213740458,0.0318798094540125,0.391512794355167,0.608487205644833,0,0.711471299048855,1.02515523806493,0.121997968790518,-1.75773943408931,365.631395742307,1241.64718590199
K,91,73,1e-05,2952,2,60,131,4,0.0305343511450382,31,404347,7.6666823297811e-05,7.6666823297811,4,6,127,0.4,0.0305343511450382,0.0567375886524823,0.954544564536424,0.0454554354635762,0,NaN,NaN,0.121997968790518,-1.75773943408931,38.6878468426494,366.24534539492
Lognormal,91,73,1e-05,2952,2,60,131,35,0.267175572519084,4729,9394273,0.000503391800515058,50.3391800515058,35,99,96,0.261194029850746,0.267175572519084,0.264150943396226,0,1,0,0.349278896174879,0.0300291613902506,0.121997968790518,-1.75773943408931,10.86490434271,336.435848601457
Weibull,91,73,1e-05,2952,2,60,131,106,0.809160305343511,14649,9394273,0.001559354300221,155.9354300221,106,1705,25,0.0585311982330204,0.809160305343511,0.109165808444902,0,1,0,3.67206034827861,0.297643590348995,0.121997968790518,-1.75773943408931,13.5424887674187,338.877042489652
BurrXII,101,73,1e-05,4872,3,60,131,44,0.33587786259542,420,3831232,0.000109625311127073,10.9625311127073,44,113,87,0.280254777070064,0.33587786259542,0.305555555555556,0.568123317574974,0.431876682425026,0,2.31936554379808,1.71609448924282,0.121999493948551,-1.71364342123156,381.030483820953,733.743388996673
CA-CFAR,101,73,1e-05,4872,0,60,131,42,0.320610687022901,2187,9394273,0.000232801409965412,23.2801409965412,42,91,89,0.315789473684211,0.320610687022901,0.318181818181818,0,1,0,NaN,NaN,0.121999493948551,-1.71364342123156,0,348.54510856749
G0,101,73,1e-05,4872,3,60,131,30,0.229007633587786,340,2002586,0.000169780473847315,16.9780473847315,30,47,101,0.38961038961039,0.229007633587786,0.288461538461538,0.763431709193181,0.236568290806819,0,7.57218912872621,9.41659583724427,0.121999493948551,-1.71364342123156,3971.04874908577,4542.20186368323
G0-L1,101,73,1e-05,4872,2,60,131,5,0.0381679389312977,27,412979,6.53786270004044e-05,6.53786270004044,5,5,126,0.5,0.0381679389312977,0.0709219858156028,0.95379305989623,0.0462069401037703,0,5.4595966231293,8.6447614459726,0.121999493948551,-1.71364342123156,56.9987358177381,420.261618009745
GenGamma,101,73,1e-05,4872,3,60,131,103,0.786259541984733,55952,9276358,0.00603167751826741,603.167751826741,103,24830,28,0.0041310712710063,0.786259541984733,0.00821895946377274,0.010542675424495,0.989457324575505,0,0.355908769702781,0.238828690570502,0.121999493948551,-1.71364342123156,221.371160812243,1593.3496814683
GenGamma-exact,101,73,1e-05,4872,3,60,131,82,0.625954198473282,14265,5517157,0.00258557079307332,258.557079307332,82,4650,49,0.0173288250211327,0.625954198473282,0.0337240386592638,0.393872112731485,0.606127887268515,0,0.727336159068412,0.943213129421797,0.121999493948551,-1.71364342123156,376.189382470942,1253.4060261539
K,101,73,1e-05,4872,2,60,131,6,0.0458015267175573,56,412979,0.000135600115260098,13.5600115260098,6,6,125,0.5,0.0458015267175573,0.0839160839160839,0.95379305989623,0.0462069401037703,0,NaN,NaN,0.121999493948551,-1.71364342123156,38.092995672987,370.907549299519
Lognormal,101,73,1e-05,4872,2,60,131,34,0.259541984732824,4653,9394273,0.000495301765235053,49.5301765235053,34,102,97,0.25,0.259541984732824,0.254681647940075,0,1,0,0.349280952283827,0.0275179191837349,0.121999493948551,-1.71364342123156,10.7959271964998,341.181967245686
Weibull,101,73,1e-05,4872,2,60,131,106,0.809160305343511,14704,9394273,0.00156520893101574,156.520893101574,106,1636,25,0.060849598163031,0.809160305343511,0.113187399893219,0,1,0,3.67204140537321,0.259255347858181,0.121999493948551,-1.71364342123156,14.0904571142837,344.428012398202
BurrXII,111,79,1e-05,6080,3,60,131,38,0.290076335877863,430,3859289,0.000111419486853667,11.1419486853667,38,105,93,0.265734265734266,0.290076335877863,0.277372262773723,0.56489770759086,0.43510229240914,0,2.33768012169608,1.86502723769218,0.122105913185441,-1.66675273509677,369.547656176128,764.695590882201
CA-CFAR,111,79,1e-05,6080,0,60,131,41,0.312977099236641,2379,9394273,0.000253239393830688,25.3239393830688,41,105,90,0.280821917808219,0.312977099236641,0.296028880866426,0,1,0,NaN,NaN,0.122105913185441,-1.66675273509677,0,382.799652440897
G0,111,79,1e-05,6080,3,60,131,27,0.206106870229008,374,2026817,0.00018452578599844,18.452578599844,27,48,104,0.36,0.206106870229008,0.262135922330097,0.760960150690471,0.239039849309529,0,8.92712840317517,10.9335055634609,0.122105913185441,-1.66675273509677,3894.06844392822,4515.23109216381
G0-L1,111,79,1e-05,6080,2,60,131,8,0.0610687022900763,36,421447,8.54199934985894e-05,8.54199934985894,8,8,123,0.5,0.0610687022900763,0.108843537414966,0.953050799099605,0.046949200900395,0,5.60859887716676,8.86349939090273,0.122105913185441,-1.66675273509677,54.2904648327338,459.79839033908
GenGamma,111,79,1e-05,6080,3,60,131,103,0.786259541984733,56358,9278120,0.00607429091238311,607.429091238311,103,24890,28,0.00412115392309847,0.786259541984733,0.00819933131666932,0.0103523816713669,0.989647618328633,0,0.3843731745447,0.242651052429765,0.122105913185441,-1.66675273509677,218.757602075202,1643.04974894753
GenGamma-exact,111,79,1e-05,6080,3,60,131,79,0.603053435114504,14017,5534782,0.00253252973649188,253.252973649188,79,4428,52,0.0175282893277124,0.603053435114504,0.0340664079344545,0.391597251149153,0.608402748850847,0,0.780080351316417,1.03294707017769,0.122105913185441,-1.66675273509677,368.317853263942,1303.90166611379
K,111,79,1e-05,6080,2,60,131,8,0.0610687022900763,51,421447,0.000121011657456335,12.1011657456335,8,8,123,0.5,0.0610687022900763,0.108843537414966,0.953050799099605,0.046949200900395,0,NaN,NaN,0.122105913185441,-1.66675273509677,39.9777642063431,415.925201353246
Lognormal,111,79,1e-05,6080,2,60,131,35,0.267175572519084,4533,9394273,0.000482528025319256,48.2528025319256,35,109,96,0.243055555555556,0.267175572519084,0.254545454545455,0,1,0,0.349433273836101,0.0295591232809109,0.122105913185441,-1.66675273509677,11.9195546100628,385.154279022386
Weibull,111,79,1e-05,6080,2,60,131,101,0.770992366412214,15804,9394273,0.00168230154691055,168.230154691055,101,1627,30,0.0584490740740741,0.770992366412214,0.108660570199032,0,1,0,3.67044036366554,0.25592168585006,0.122105913185441,-1.66675273509677,14.7072049651063,387.911076381553
BurrXII,121,87,1e-05,7072,3,60,131,36,0.274809160305344,483,3887475,0.000124245171994675,12.4245171994675,36,115,95,0.23841059602649,0.274809160305344,0.25531914893617,0.561880089325399,0.438119910674601,0,2.37975841659621,1.67800989732412,0.122238018515087,-1.62492647775301,369.137153217163,741.87758475758
CA-CFAR,121,87,1e-05,7072,0,60,131,40,0.305343511450382,2512,9394273,0.000267396955570697,26.7396955570697,40,109,91,0.268456375838926,0.305343511450382,0.285714285714286,0,1,0,NaN,NaN,0.122238018515087,-1.62492647775301,0,360.522021039746
G0,121,87,1e-05,7072,3,60,131,26,0.198473282442748,416,2054272,0.000202504828961306,20.2504828961306,26,55,105,0.320987654320988,0.198473282442748,0.245283018867925,0.75822991772793,0.24177008227207,0,9.30893323789685,11.0894278371196,0.122238018515087,-1.62492647775301,4029.65288091149,4629.64344609448
G0-L1,121,87,1e-05,7072,2,60,131,8,0.0610687022900763,47,432383,0.000108699925760263,10.8699925760263,8,8,123,0.5,0.0610687022900763,0.108843537414966,0.95201943751904,0.0479805624809597,0,7.19740082703582,10.7394444761343,0.122238018515087,-1.62492647775301,53.3190635626847,440.316585440902
GenGamma,121,87,1e-05,7072,3,60,131,98,0.748091603053435,57096,9274474,0.00615625209580619,615.625209580619,98,24830,33,0.00393132220795892,0.748091603053435,0.00782154116285566,0.0106055923006386,0.989394407699361,0,0.411485766493435,0.255365909888112,0.122238018515087,-1.62492647775301,218.653767076941,1616.49454627008
GenGamma-exact,121,87,1e-05,7072,3,60,131,73,0.557251908396947,13184,5559120,0.0023715983824778,237.15983824778,73,4191,58,0.0171200750469043,0.557251908396947,0.0332195676905575,0.388801941958797,0.611198058041203,0,0.766318844325909,1.28635254872931,0.122238018515087,-1.62492647775301,375.822808103208,1265.54601428912
K,121,87,1e-05,7072,2,60,131,8,0.0610687022900763,54,432383,0.000124889276405409,12.4889276405409,8,10,123,0.444444444444444,0.0610687022900763,0.10738255033557,0.95201943751904,0.0479805624809597,0,NaN,NaN,0.122238018515087,-1.62492647775301,37.2496769849445,389.963622383047
Lognormal,121,87,1e-05,7072,2,60,131,33,0.251908396946565,4568,9394273,0.000486253699461363,48.6253699461363,33,116,98,0.221476510067114,0.251908396946565,0.235714285714286,0,1,0,0.349622384020403,0.0291561274138493,0.122238018515087,-1.62492647775301,11.7247313599691,362.639799386872
Weibull,121,87,1e-05,7072,2,60,131,103,0.786259541984733,16879,9394273,0.00179673296698957,179.673296698957,103,1594,28,0.060695344725987,0.786259541984733,0.112691466083151,0,1,0,3.66845215609832,0.256139453812358,0.122238018515087,-1.62492647775301,13.3202036464163,363.848485784685
BurrXII,131,93,1e-05,8512,3,60,131,35,0.267175572519084,449,3908244,0.000114885355162063,11.4885355162063,35,96,96,0.267175572519084,0.267175572519084,0.267175572519084,0.559873110098188,0.440126889901812,0,2.33949289452107,1.69436375737179,0.122603251139957,-1.58583249246445,365.350161218866,734.848916540774
CA-CFAR,131,93,1e-05,8512,0,60,131,43,0.32824427480916,2585,9394273,0.000275167647352807,27.5167647352807,43,125,88,0.255952380952381,0.32824427480916,0.287625418060201,0,1,0,NaN,NaN,0.122603251139957,-1.58583249246445,0,356.187903274714
G0,131,93,1e-05,8512,3,60,131,24,0.183206106870229,511,2079751,0.0002457024903462,24.57024903462,24,53,107,0.311688311688312,0.183206106870229,0.230769230769231,0.755637464333968,0.244362535666032,0,9.84770723172429,10.7290514659566,0.122603251139957,-1.58583249246445,3808.12171309231,4413.29475980693
G0-L1,131,93,1e-05,8512,2,60,131,7,0.0534351145038168,39,441816,8.82720408495844e-05,8.82720408495844,7,11,124,0.388888888888889,0.0534351145038168,0.0939597315436242,0.951225618783861,0.0487743812161387,0,6.12742903918777,8.50289478645439,0.122603251139957,-1.58583249246445,58.1529561715822,443.87029716761
GenGamma,131,93,1e-05,8512,3,60,131,99,0.755725190839695,57352,9271450,0.00618587168134434,618.587168134434,99,24906,32,0.00395920815836833,0.755725190839695,0.00787714831317632,0.0107534497336226,0.989246550266378,0,0.438083064652002,0.289899989641408,0.122603251139957,-1.58583249246445,215.673082654302,1578.6157635924
GenGamma-exact,131,93,1e-05,8512,3,60,131,68,0.519083969465649,13138,5581254,0.00235395128048284,235.395128048284,68,4234,63,0.0158066015806602,0.519083969465649,0.0306789984209339,0.386251974062586,0.613748025937414,0,0.744669723005848,1.30845958933356,0.122603251139957,-1.58583249246445,371.302428118293,1259.79064068233
K,131,93,1e-05,8512,2,60,131,8,0.0610687022900763,45,441816,0.000101852354826444,10.1852354826444,8,12,123,0.4,0.0610687022900763,0.105960264900662,0.951225618783861,0.0487743812161387,0,NaN,NaN,0.122603251139957,-1.58583249246445,39.8836968962573,389.230328016445
Lognormal,131,93,1e-05,8512,2,60,131,34,0.259541984732824,4657,9394273,0.00049572755656558,49.572755656558,34,119,97,0.222222222222222,0.259541984732824,0.23943661971831,0,1,0,0.350144334589935,0.028819242695686,0.122603251139957,-1.58583249246445,10.250008087729,357.269578519574
Weibull,131,93,1e-05,8512,2,60,131,105,0.801526717557252,17443,9394273,0.00185676954459382,185.676954459382,105,1562,26,0.0629874025194961,0.801526717557252,0.116796440489433,0,1,0,3.66298316887526,0.266267443962328,0.122603251139957,-1.58583249246445,12.9323255242799,359.751361885149
BurrXII,141,101,1e-05,9680,3,60,131,38,0.290076335877863,392,3923009,9.99232986720143e-05,9.99232986720143,38,99,93,0.277372262773723,0.290076335877863,0.283582089552239,0.558721975754774,0.441278024245226,0,2.36823011704767,1.67844605009589,0.122787043724334,-1.54304504184177,385.883350086115,766.643958612048
CA-CFAR,141,101,1e-05,9680,0,60,131,48,0.366412213740458,2771,9394273,0.000294966944222294,29.4966944222294,48,109,83,0.305732484076433,0.366412213740458,0.333333333333333,0,1,0,NaN,NaN,0.122787043724334,-1.54304504184177,0,368.457586336637
G0,141,101,1e-05,9680,3,60,131,25,0.190839694656489,524,2101063,0.000249397566850685,24.9397566850685,25,64,106,0.280898876404494,0.190839694656489,0.227272727272727,0.75346084849649,0.24653915150351,0,9.83269943605801,10.3437601643305,0.122787043724334,-1.54304504184177,4013.94236065363,4619.60015099868
G0-L1,141,101,1e-05,9680,2,60,131,9,0.0687022900763359,26,447313,5.81248477017212e-05,5.81248477017212,9,9,122,0.5,0.0687022900763359,0.120805369127517,0.950844100995815,0.0491558990041851,0,7.89932378442106,11.5410945543091,0.122787043724334,-1.54304504184177,58.7781922370492,452.255082500557
GenGamma,141,101,1e-05,9680,3,60,131,99,0.755725190839695,57519,9264750,0.00620837043633126,620.837043633126,99,24906,32,0.00395920815836833,0.755725190839695,0.00787714831317632,0.0113485775329313,0.988651422467069,0,0.469008248775846,0.407216631737534,0.122787043724334,-1.54304504184177,227.098448414696,1615.37249999454
GenGamma-exact,141,101,1e-05,9680,3,60,131,70,0.534351145038168,13212,5610727,0.00235477505856193,235.477505856193,70,4067,61,0.0169204737732657,0.534351145038168,0.0328022492970947,0.383213629187366,0.616786370812634,0,0.767298146471141,1.3104696825666,0.122787043724334,-1.54304504184177,373.894287816427,1282.86281474399
K,141,101,1e-05,9680,2,60,131,9,0.0687022900763359,45,447313,0.000100600697945287,10.0600697945287,9,9,122,0.5,0.0687022900763359,0.120805369127517,0.950844100995815,0.0491558990041851,0,NaN,NaN,0.122787043724334,-1.54304504184177,38.2528986576866,399.599639209269
Lognormal,141,101,1e-05,9680,2,60,131,31,0.236641221374046,4791,9394273,0.000509991566138221,50.9991566138221,31,121,100,0.203947368421053,0.236641221374046,0.219081272084806,0,1,0,0.350406764054083,0.0294872582531483,0.122787043724334,-1.54304504184177,10.7221338206567,369.751664589863
Weibull,141,101,1e-05,9680,2,60,131,102,0.778625954198473,17956,9394273,0.00191137728273385,191.137728273385,102,1576,29,0.0607866507747318,0.778625954198473,0.112769485903814,0,1,0,3.66023818978016,0.290287587629831,0.122787043724334,-1.54304504184177,12.5256609859082,371.425091141685
BurrXII,151,109,1e-05,10920,3,60,131,38,0.290076335877863,357,3938917,9.0634049917782e-05,9.0634049917782,38,90,93,0.296875,0.290076335877863,0.293436293436293,0.557589487648496,0.442410512351504,0,2.36188346422598,1.79584651517853,0.123515219193528,-1.50785143969391,390.286954706325,784.372104606011
CA-CFAR,151,109,1e-05,10920,0,60,131,48,0.366412213740458,2841,9394273,0.000302418292506509,30.2418292506509,48,99,83,0.326530612244898,0.366412213740458,0.345323741007194,0,1,0,NaN,NaN,0.123515219193528,-1.50785143969391,0,379.590139898468
G0,151,109,1e-05,10920,3,60,131,25,0.190839694656489,525,2122339,0.000247368587204966,24.7368587204966,25,64,106,0.280898876404494,0.190839694656489,0.227272727272727,0.751322118214803,0.248677881785197,0,9.43773266871077,10.2767764836315,0.123515219193528,-1.50785143969391,3876.67966008445,4498.20392082701
G0-L1,151,109,1e-05,10920,2,60,131,11,0.083969465648855,18,447358,4.02362313851546e-05,4.02362313851546,11,3,120,0.785714285714286,0.083969465648855,0.151724137931034,0.95107826714116,0.0489217328588396,0,6.29001563960497,9.55773663138285,0.123515219193528,-1.50785143969391,56.6586143052006,463.378887792148
GenGamma,151,109,1e-05,10920,3,60,131,100,0.763358778625954,57881,9259262,0.00625114614966074,625.114614966074,100,24718,31,0.00402933354823112,0.763358778625954,0.00801635336085615,0.0117610653049099,0.98823893469509,0,0.495029656068613,0.512429519761175,0.123515219193528,-1.50785143969391,215.753679084529,1602.77189098594
GenGamma-exact,151,109,1e-05,10920,3,60,131,76,0.580152671755725,13267,5650792,0.00234781248363061,234.781248363061,76,4027,55,0.0185230319278577,0.580152671755725,0.0358998582900331,0.379133597023625,0.620866402976375,0,0.771739515440345,1.29744962515524,0.123515219193528,-1.50785143969391,376.887569332122,1295.07899916876
K,151,109,1e-05,10920,2,60,131,12,0.0916030534351145,31,447358,6.92957318299885e-05,6.92957318299885,12,4,119,0.75,0.0916030534351145,0.163265306122449,0.95107826714116,0.0489217328588396,0,NaN,NaN,0.123515219193528,-1.50785143969391,36.9427697730932,408.894275853869
Lognormal,151,109,1e-05,10920,2,60,131,30,0.229007633587786,4875,9394273,0.000518933184079279,51.8933184079279,30,131,101,0.186335403726708,0.229007633587786,0.205479452054795,0,1,0,0.351446991357073,0.0323841603151296,0.123515219193528,-1.50785143969391,10.1410447931201,379.707549798826
Weibull,151,109,1e-05,10920,2,60,131,98,0.748091603053435,18293,9394273,0.00194725020233072,194.725020233072,98,1574,33,0.0586124401913876,0.748091603053435,0.108707709373267,0,1,0,3.64934759758356,0.296005456877378,0.123515219193528,-1.50785143969391,13.3613964527793,382.773875730249
BurrXII,11,7,0.0001,72,3,60,131,4,0.0305343511450382,1816,5292999,0.000343094718136164,3.43094718136164,4,1285,127,0.00310318076027929,0.0305343511450382,0.00563380281690141,0.434744553846647,0.565255446153353,0,2.21651049531547,2.5867227027844,0.106605371991147,-1.01254572092482,460.338806671446,807.467236375661
CA-CFAR,11,7,0.0001,72,0,60,131,6,0.0458015267175573,808,9394273,8.60098487663707e-05,0.860098487663707,6,269,125,0.0218181818181818,0.0458015267175573,0.0295566502463054,0,1,0.0164945496270797,NaN,NaN,0.106605371991147,-1.01254572092482,0,326.985833939523
G0,11,7,0.0001,72,3,60,131,1,0.00763358778625954,298,2167492,0.000137486089914057,1.37486089914057,1,218,130,0.0045662100456621,0.00763358778625954,0.00571428571428571,0.757605776394923,0.242394223605077,0,21.7412534662589,37.6446792809999,0.106605371991147,-1.01254572092482,4106.18074134361,4678.00778481627
G0-L1,11,7,0.0001,72,2,60,131,0,0,39,323910,0.00012040381587478,1.2040381587478,0,34,131,0,0,0,0.963735159831751,0.0362648401682493,0,7.13157585191383,11.5667174998825,0.106605371991147,-1.01254572092482,57.9947071404713,402.023159719177
GenGamma,11,7,0.0001,72,3,60,131,48,0.366412213740458,33608,8774453,0.00383021027065733,38.3021027065733,48,20420,83,0.00234512409615009,0.366412213740458,0.00466042040875771,0.0649385536279963,0.935061446372004,0,1.25000012225835,2.74848935269421,0.106605371991147,-1.01254572092482,231.585291629986,1554.8244213841
GenGamma-exact,11,7,0.0001,72,3,60,131,42,0.320610687022901,20892,7095197,0.00294452712165709,29.4452712165709,42,12772,89,0.00327766505384735,0.320610687022901,0.00648899188876014,0.241134095958033,0.758865904041967,0,1.68734250963133,3.31623818074366,0.106605371991147,-1.01254572092482,432.117615032212,1472.31868377749
K,11,7,0.0001,72,2,60,131,6,0.0458015267175573,58,323910,0.000179062085147109,1.79062085147109,6,43,125,0.122448979591837,0.0458015267175573,0.0666666666666667,0.963735159831751,0.0362648401682493,0,NaN,NaN,0.106605371991147,-1.01254572092482,37.632260375152,1086.58347176093
Lognormal,11,7,0.0001,72,2,60,131,1,0.00763358778625954,657,9394273,6.99362260389921e-05,0.69936226038992,1,361,130,0.00276243093922652,0.00763358778625954,0.00405679513184584,0,1,0,0.326504369629252,0.116066637523342,0.106605371991147,-1.01254572092482,11.5401855070184,328.909350756642
Weibull,11,7,0.0001,72,2,60,131,58,0.442748091603053,25100,9394273,0.00267184059905434,26.7184059905434,58,10449,73,0.00552012943751785,0.442748091603053,0.010904305320549,0,1,0,3.9281344478242,1.27087383676689,0.106605371991147,-1.01254572092482,16.8387974654774,334.621825592362
BurrXII,15,11,0.0001,104,3,60,131,9,0.0687022900763359,1946,4889441,0.000398000507624491,3.98000507624491,9,1109,122,0.00805008944543828,0.0687022900763359,0.0144115292233787,0.473724706242757,0.526275293757243,0,2.36655954003704,2.66413625550407,0.112020641834398,-1.22699172439767,437.791237561931,762.475860339327
CA-CFAR,15,11,0.0001,104,0,60,131,8,0.0610687022900763,1229,9394273,0.000130824386304294,1.30824386304294,8,238,123,0.032520325203252,0.0610687022900763,0.0424403183023873,0,1,0,NaN,NaN,0.112020641834398,-1.22699172439767,0,305.074641677196
G0,15,11,0.0001,104,3,60,131,4,0.0305343511450382,308,2013339,0.000152979701878323,1.52979701878323,4,199,127,0.0197044334975369,0.0305343511450382,0.0239520958083832,0.771742230636284,0.228257769363716,0,17.6639209845974,38.1475520655133,0.112020641834398,-1.22699172439767,4395.84060838862,4940.34343358061
G0-L1,15,11,0.0001,104,2,60,131,5,0.0381679389312977,78,333669,0.000233764599048758,2.33764599048758,5,50,126,0.0909090909090909,0.0381679389312977,0.0537634408602151,0.962095699374802,0.0379043006251978,0,7.69116968845371,13.9951299017126,0.112020641834398,-1.22699172439767,56.9747170829169,378.660025054796
GenGamma,15,11,0.0001,104,3,60,131,58,0.442748091603053,40285,8834888,0.00455976351935644,45.5976351935644,58,22742,73,0.00254385964912281,0.442748091603053,0.00505865422354019,0.0579168992907136,0.942083100709286,0,0.970062834510229,2.24609115016942,0.112020641834398,-1.22699172439767,218.369245450769,1528.62582774396
GenGamma-exact,15,11,0.0001,104,3,60,131,59,0.450381679389313,22675,6710384,0.00337909127108076,33.7909127108076,59,12698,72,0.00462491181312221,0.450381679389313,0.00915580384854128,0.279336795285385,0.720663204714615,0,1.37025846123705,2.56518677100664,0.112020641834398,-1.22699172439767,429.366403667242,1416.29065228081
K,15,11,0.0001,104,2,60,131,8,0.0610687022900763,123,333669,0.000368628790807657,3.68628790807657,8,62,123,0.114285714285714,0.0610687022900763,0.0796019900497512,0.962095699374802,0.0379043006251978,0,NaN,NaN,0.112020641834398,-1.22699172439767,39.7473445463065,338.997697883844
Lognormal,15,11,0.0001,104,2,60,131,3,0.0229007633587786,644,9394273,6.85524042147806e-05,0.685524042147806,3,237,128,0.0125,0.0229007633587786,0.0161725067385445,0,1,0,0.334688413912601,0.0952429842737063,0.112020641834398,-1.22699172439767,10.5206635495363,304.937748411606
Weibull,15,11,0.0001,104,2,60,131,65,0.49618320610687,25931,9394273,0.00276029874797124,27.6029874797124,65,8503,66,0.00758636788048553,0.49618320610687,0.0149442464651109,0,1,0,3.83221855717613,1.01500170396048,0.112020641834398,-1.22699172439767,13.2741842081968,307.558661520895
BurrXII,17,13,0.0001,120,3,60,131,17,0.129770992366412,1694,4750623,0.000356584810034389,3.56584810034389,17,925,114,0.0180467091295117,0.129770992366412,0.0316868592730662,0.486851288364118,0.513148711635882,0,2.46877290096519,2.85549108316645,0.113412183259562,-1.32908202518665,433.869557569495,750.250282706438
CA-CFAR,17,13,0.0001,120,0,60,131,16,0.122137404580153,1167,9394273,0.000124224620681132,1.24224620681132,16,207,115,0.0717488789237668,0.122137404580153,0.0903954802259887,0,1,0,NaN,NaN,0.113412183259562,-1.32908202518665,0,299.108040513333
G0,17,13,0.0001,120,3,60,131,8,0.0610687022900763,308,1971202,0.000156249841467287,1.56249841467287,8,183,123,0.0418848167539267,0.0610687022900763,0.0496894409937888,0.775174514783428,0.224825485216572,0,17.3333427273551,32.557698687315,0.113412183259562,-1.32908202518665,4021.6555472095,4576.62757614974
G0-L1,17,13,0.0001,120,2,60,131,7,0.0534351145038168,84,338662,0.000248034913866923,2.48034913866923,7,48,124,0.127272727272727,0.0534351145038168,0.0752688172043011,0.961357233405277,0.0386427665947232,0,8.07431230250783,12.2644858092096,0.113412183259562,-1.32908202518665,58.9479981388341,376.238897056368
GenGamma,17,13,0.0001,120,3,60,131,67,0.511450381679389,42063,8868708,0.00474285544185241,47.4285544185241,67,23774,64,0.00281028480348979,0.511450381679389,0.00558985483063574,0.0541617299654711,0.945838270034529,0,0.83182635756271,2.05626145813226,0.113412183259562,-1.32908202518665,215.292246837698,1518.15872524492
GenGamma-exact,17,13,0.0001,120,3,60,131,68,0.519083969465649,22171,6592308,0.00336316203672523,33.6316203672523,68,12456,63,0.00542957521558607,0.519083969465649,0.0107467404188068,0.290870928238581,0.709129071761419,0,1.30426129309281,2.2953893642294,0.113412183259562,-1.32908202518665,429.85211470449,1410.01249411104
K,17,13,0.0001,120,2,60,131,8,0.0610687022900763,125,338662,0.000369099574206731,3.69099574206731,8,60,123,0.117647058823529,0.0610687022900763,0.0804020100502513,0.961357233405277,0.0386427665947232,0,NaN,NaN,0.113412183259562,-1.32908202518665,39.8465609571877,332.790472478368
Lognormal,17,13,0.0001,120,2,60,131,8,0.0610687022900763,601,9394273,6.39751474116198e-05,0.639751474116198,8,206,123,0.0373831775700935,0.0610687022900763,0.0463768115942029,0,1,0,0.336761620808461,0.089647659757417,0.113412183259562,-1.32908202518665,11.1382019693698,300.454317125732
Weibull,17,13,0.0001,120,2,60,131,84,0.641221374045801,24503,9394273,0.00260829124297325,26.0829124297325,84,7556,47,0.0109947643979058,0.641221374045801,0.0216188392742247,0,1,0,3.80860721437862,0.952896383419736,0.113412183259562,-1.32908202518665,13.4698916473159,302.887605323817
BurrXII,21,15,0.0001,216,3,60,131,18,0.137404580152672,1245,4257840,0.000292401781184826,2.92401781184826,18,605,113,0.028892455858748,0.137404580152672,0.0477453580901857,0.535041484492409,0.464958515507591,0,2.63736250025282,3.42245971143126,0.116847898667876,-1.64140194953972,400.913887374498,719.135338029105
CA-CFAR,21,15,0.0001,216,0,60,131,23,0.175572519083969,1006,9394273,0.000107086519627437,1.07086519627437,23,161,108,0.125,0.175572519083969,0.146031746031746,0,1,0,NaN,NaN,0.116847898667876,-1.64140194953972,0,300.731484379657
G0,21,15,0.0001,216,3,60,131,14,0.106870229007634,295,1809256,0.000163050447255668,1.63050447255668,14,141,117,0.0903225806451613,0.106870229007634,0.0979020979020979,0.791157804953127,0.208842195046873,0,14.0295863228012,29.418530243011,0.116847898667876,-1.64140194953972,4228.07091071157,4744.19208996176
G0-L1,21,15,0.0001,216,2,60,131,11,0.083969465648855,70,338431,0.000206836844142528,2.06836844142528,11,31,120,0.261904761904762,0.083969465648855,0.127167630057803,0.961196205082068,0.0388037949179323,0,10.3175322661196,12.6266353626828,0.116847898667876,-1.64140194953972,52.9852666022353,374.05917346634
GenGamma,21,15,0.0001,216,3,60,131,73,0.557251908396947,50235,8992204,0.00558650582215439,55.8650582215439,73,27204,58,0.00267624738790923,0.557251908396947,0.00532691185055458,0.0408759170055819,0.959124082994418,0,0.463827020493733,1.33863082231755,0.116847898667876,-1.64140194953972,219.263951124527,1558.29682932936
GenGamma-exact,21,15,0.0001,216,3,60,131,68,0.519083969465649,23833,6213140,0.00383590261928751,38.3590261928751,68,13164,63,0.00513905683192261,0.519083969465649,0.01017735538427,0.328426784754944,0.671573215245056,0,1.08732730114929,1.84650549567952,0.116847898667876,-1.64140194953972,407.800773280515,1342.79461360367
K,21,15,0.0001,216,2,60,131,13,0.099236641221374,131,338431,0.000387080379752446,3.87080379752446,13,41,118,0.240740740740741,0.099236641221374,0.140540540540541,0.961196205082068,0.0388037949179323,0,NaN,NaN,0.116847898667876,-1.64140194953972,35.4203523045971,330.410870157466
Lognormal,21,15,0.0001,216,2,60,131,11,0.083969465648855,1322,9394273,0.000140724034739037,1.40724034739037,11,266,120,0.0397111913357401,0.083969465648855,0.053921568627451,0,1,0,0.341829171937382,0.0700239924595283,0.116847898667876,-1.64140194953972,10.5376399788252,303.669561293492
Weibull,21,15,0.0001,216,2,60,131,89,0.679389312977099,19786,9394273,0.00210617681644977,21.0617681644977,89,5622,42,0.015583960777447,0.679389312977099,0.030469017459774,0,1,0,3.75204281325767,0.724475950141346,0.116847898667876,-1.64140194953972,13.3722563744568,305.822956855008
BurrXII,31,21,0.0001,520,3,60,131,41,0.312977099236641,828,3847724,0.000215192149956702,2.15192149956702,41,336,90,0.108753315649867,0.312977099236641,0.161417322834646,0.573007496577924,0.426992503422076,0,2.83320274085602,3.83336369669927,0.119228652984883,-1.84515150834728,373.835057553944,692.186182330803
CA-CFAR,31,21,0.0001,520,0,60,131,37,0.282442748091603,1781,9394273,0.000189583589916963,1.89583589916963,37,174,94,0.175355450236967,0.282442748091603,0.216374269005848,0,1,0,NaN,NaN,0.119228652984883,-1.84515150834728,0,303.630865020848
G0,31,21,0.0001,520,3,60,131,33,0.251908396946565,278,1757950,0.000158138741147359,1.58138741147359,33,106,98,0.237410071942446,0.251908396946565,0.244444444444444,0.793983070494265,0.206016929505735,0,9.81995345970197,20.2010026432719,0.119228652984883,-1.84515150834728,4131.57871742453,4652.16067191709
G0-L1,31,21,0.0001,520,2,60,131,13,0.099236641221374,49,348699,0.000140522341618416,1.40522341618416,13,19,118,0.40625,0.099236641221374,0.159509202453988,0.959919020275529,0.0400809797244712,0,8.12737528370364,13.8491512528651,0.119228652984883,-1.84515150834728,55.7950424873631,377.056147771495
GenGamma,31,21,0.0001,520,3,60,131,87,0.66412213740458,58146,9148065,0.00635609825684448,63.5609825684448,87,29144,44,0.00297629229242927,0.66412213740458,0.0059260268374089,0.0243752434807363,0.975624756519264,0,0.298490876377073,0.49829424560208,0.119228652984883,-1.84515150834728,207.902475822891,1577.27166104478
GenGamma-exact,31,21,0.0001,520,3,60,131,78,0.595419847328244,22734,5761311,0.00394597687922072,39.4597687922072,78,11417,53,0.00678555893866899,0.595419847328244,0.0134182005848959,0.372733122559426,0.627266877440574,0,0.560935800677921,0.900101752721699,0.119228652984883,-1.84515150834728,385.051525855403,1290.69241258673
K,31,21,0.0001,520,2,60,131,19,0.145038167938931,88,348699,0.000252366654335114,2.52366654335114,19,25,112,0.431818181818182,0.145038167938931,0.217142857142857,0.959919020275529,0.0400809797244712,0,NaN,NaN,0.119228652984883,-1.84515150834728,42.4360593505122,339.74300681897
Lognormal,31,21,0.0001,520,2,60,131,23,0.175572519083969,2968,9394273,0.000315937167250728,3.15937167250728,23,158,108,0.12707182320442,0.175572519083969,0.147435897435897,0,1,0,0.345294991076904,0.0499535685833376,0.119228652984883,-1.84515150834728,10.4181288292536,304.056836086646
Weibull,31,21,0.0001,520,2,60,131,100,0.763358778625954,16698,9394273,0.00177746590928324,17.7746590928324,100,4184,31,0.0233426704014939,0.763358778625954,0.0453001132502831,0,1,0,3.71436047806714,0.515183323567496,0.119228652984883,-1.84515150834728,13.8095866686764,307.784670638028
BurrXII,41,27,0.0001,952,3,60,131,51,0.389312977099237,690,3737682,0.00018460639508658,1.8460639508658,51,251,80,0.16887417218543,0.389312977099237,0.235565819861432,0.581679630526794,0.418320369473206,0,2.52292340687254,3.16919051181793,0.119847166304702,-1.90016669644414,357.191187360799,669.773342824322
CA-CFAR,41,27,0.0001,952,0,60,131,43,0.32824427480916,2652,9394273,0.000282299652139128,2.82299652139128,43,160,88,0.211822660098522,0.32824427480916,0.25748502994012,0,1,0,NaN,NaN,0.119847166304702,-1.90016669644414,0,298.290217675896
G0,41,27,0.0001,952,3,60,131,36,0.274809160305344,421,1799233,0.000233988594028678,2.33988594028678,36,100,95,0.264705882352941,0.274809160305344,0.269662921348315,0.787974071774969,0.212025928225031,0,9.60302371679256,16.6552120145661,0.119847166304702,-1.90016669644414,4003.75684635364,4520.09045981886
G0-L1,41,27,0.0001,952,2,60,131,10,0.0763358778625954,50,358576,0.000139440453348802,1.39440453348802,10,12,121,0.454545454545455,0.0763358778625954,0.130718954248366,0.958739805579015,0.0412601944209848,0,8.00904665970813,12.7983430960731,0.119847166304702,-1.90016669644414,50.0188540306901,366.185782261275
GenGamma,41,27,0.0001,952,3,60,131,94,0.717557251908397,63125,9203909,0.00685849892692333,68.5849892692333,94,29954,37,0.0031283280085197,0.717557251908397,0.00622949733258226,0.0182092956591603,0.98179070434084,0,0.263454305189235,0.344916409430268,0.119847166304702,-1.90016669644414,217.040049289897,1620.79229786061
GenGamma-exact,41,27,0.0001,952,3,60,131,84,0.641221374045801,21439,5546807,0.00386510653786944,38.6510653786944,84,9321,47,0.00893141945773525,0.641221374045801,0.0176174496644295,0.393572715335835,0.606427284664165,0,0.73857398431715,0.895307057353129,0.119847166304702,-1.90016669644414,362.198433029807,1221.31780780622
K,41,27,0.0001,952,2,60,131,17,0.129770992366412,67,358576,0.000186850207487395,1.86850207487395,17,14,114,0.548387096774194,0.129770992366412,0.209876543209877,0.958739805579015,0.0412601944209848,0,NaN,NaN,0.119847166304702,-1.90016669644414,38.0313312901285,330.844330824421
Lognormal,41,27,0.0001,952,2,60,131,28,0.213740458015267,3385,9394273,0.000360325913458125,3.60325913458125,28,157,103,0.151351351351351,0.213740458015267,0.177215189873418,0,1,0,0.346188337368837,0.0410245405456887,0.119847166304702,-1.90016669644414,10.5641344429177,300.535787342761
Weibull,41,27,0.0001,952,2,60,131,110,0.83969465648855,15497,9394273,0.00164962206229263,16.4962206229263,110,3545,21,0.0300957592339261,0.83969465648855,0.0581088219756999,0,1,0,3.70479957808441,0.41006762203633,0.119847166304702,-1.90016669644414,13.9291810360386,303.586260285069
BurrXII,51,41,0.0001,920,3,60,131,55,0.419847328244275,787,3801048,0.00020704816145442,2.0704816145442,55,270,76,0.169230769230769,0.419847328244275,0.241228070175439,0.574245195075352,0.425754804924648,0,2.30033616903971,3.16748165084824,0.120487158112576,-1.87180061084232,376.04055785462,683.095481284371
CA-CFAR,51,41,0.0001,920,0,60,131,55,0.419847328244275,3350,9394273,0.000356600239316017,3.56600239316017,55,140,76,0.282051282051282,0.419847328244275,0.337423312883436,0,1,0,NaN,NaN,0.120487158112576,-1.87180061084232,0,292.275256573451
G0,51,41,0.0001,920,3,60,131,37,0.282442748091603,553,1860999,0.000297152228453642,2.97152228453642,37,117,94,0.24025974025974,0.282442748091603,0.259649122807018,0.780369180318625,0.219630819681375,0,8.84094989946898,16.3913258835964,0.120487158112576,-1.87180061084232,3966.61980464832,4482.66093878614
G0-L1,51,41,0.0001,920,2,60,131,9,0.0687022900763359,34,374490,9.07901412587786e-05,0.907901412587786,9,14,122,0.391304347826087,0.0687022900763359,0.116883116883117,0.957044541698751,0.0429554583012488,0,8.71324510713931,12.9152247111983,0.120487158112576,-1.87180061084232,60.6822256889367,373.574793913742
GenGamma,51,41,0.0001,920,3,60,131,102,0.778625954198473,63271,9200865,0.00687663605541435,68.7663605541435,102,30019,29,0.00338634175492182,0.778625954198473,0.00674335581118604,0.0180986341787877,0.981901365821212,0,0.274809204082609,0.385501471745759,0.120487158112576,-1.87180061084232,207.736695581728,1571.51992821633
GenGamma-exact,51,41,0.0001,920,3,60,131,94,0.717557251908397,22229,5621300,0.00395442335402843,39.5442335402843,94,9770,37,0.00952960259529603,0.717557251908397,0.0188094047023512,0.385502164418718,0.614497835581282,0,0.764850569215269,0.955843301341821,0.120487158112576,-1.87180061084232,375.820509211741,1246.66431368364
K,51,41,0.0001,920,2,60,131,15,0.114503816793893,134,374490,0.00035781996849048,3.5781996849048,15,25,116,0.375,0.114503816793893,0.175438596491228,0.957044541698751,0.0429554583012488,0,NaN,NaN,0.120487158112576,-1.87180061084232,39.004656971586,325.785698169698
Lognormal,51,41,0.0001,920,2,60,131,36,0.274809160305344,4625,9394273,0.000492321225921367,4.92321225921367,36,159,95,0.184615384615385,0.274809160305344,0.220858895705521,0,1,0,0.347109737888849,0.0409093051082585,0.120487158112576,-1.87180061084232,9.82118681260154,293.039601578184
Weibull,51,41,0.0001,920,2,60,131,118,0.900763358778626,17559,9394273,0.00186911749317909,18.6911749317909,118,3660,13,0.0312334568554791,0.900763358778626,0.0603734970580711,0,1,0,3.69500147147882,0.421434928645709,0.120487158112576,-1.87180061084232,12.7620827290942,296.093444841012
BurrXII,61,49,0.0001,1320,3,60,131,54,0.412213740458015,782,3783507,0.000206686547692392,2.06686547692392,54,288,77,0.157894736842105,0.412213740458015,0.228329809725159,0.575211203672696,0.424788796327304,0,2.14565997569136,2.59848719961944,0.120859912683503,-1.87387082722363,386.428759485918,716.924355756471
CA-CFAR,61,49,0.0001,1320,0,60,131,56,0.427480916030534,3620,9394273,0.000385341154126562,3.85341154126562,56,146,75,0.277227722772277,0.427480916030534,0.336336336336336,0,1,0,NaN,NaN,0.120859912683503,-1.87387082722363,0,317.030208786155
G0,61,49,0.0001,1320,3,60,131,44,0.33587786259542,523,1898377,0.000275498491606251,2.75498491606251,44,114,87,0.278481012658228,0.33587786259542,0.304498269896194,0.775708525348718,0.224291474651282,0,7.83782044332114,13.3272240424506,0.120859912683503,-1.87387082722363,4203.84218619793,4752.8117263021
G0-L1,61,49,0.0001,1320,2,60,131,9,0.0687022900763359,26,383144,6.78596036999144e-05,0.678596036999144,9,8,122,0.529411764705882,0.0687022900763359,0.121621621621622,0.95629983720312,0.0437001627968797,0,9.41912835064132,12.5954591902057,0.120859912683503,-1.87387082722363,59.7191878068461,394.592195898008
GenGamma,61,49,0.0001,1320,3,60,131,106,0.809160305343511,66925,9225542,0.00725431633176674,72.5431633176674,106,30835,25,0.00342587505251931,0.809160305343511,0.00682286302780638,0.0154921421698848,0.984507857830115,0,0.272717863047107,0.352214670528147,0.120859912683503,-1.87387082722363,220.835820765106,1640.67610710088
GenGamma-exact,61,49,0.0001,1320,3,60,131,93,0.709923664122137,21657,5562883,0.0038931252014468,38.931252014468,93,8975,38,0.0102558447287164,0.709923664122137,0.0202195890857702,0.391242801744903,0.608757198255097,0,0.673522857614223,0.913800242204891,0.120859912683503,-1.87387082722363,392.579812882717,1292.40343277547
K,61,49,0.0001,1320,2,60,131,14,0.106870229007634,86,383144,0.000224458689161255,2.24458689161255,14,16,117,0.466666666666667,0.106870229007634,0.173913043478261,0.95629983720312,0.0437001627968797,0,NaN,NaN,0.120859912683503,-1.87387082722363,38.9403296194274,348.069061196179
Lognormal,61,49,0.0001,1320,2,60,131,49,0.374045801526718,4780,9394273,0.000508820639979272,5.08820639979272,49,165,82,0.228971962616822,0.374045801526718,0.284057971014493,0,1,0,0.347645253147904,0.0373849795842907,0.120859912683503,-1.87387082722363,11.0889890484347,317.558558538879
Weibull,61,49,0.0001,1320,2,60,131,118,0.900763358778626,18340,9394273,0.00195225325046441,19.5225325046441,118,3508,13,0.0325427468284611,0.900763358778626,0.0628160766569071,0,1,0,3.6893309274944,0.362011498071689,0.120859912683503,-1.87387082722363,13.8945312284641,320.274433549502
BurrXII,71,57,0.0001,1792,3,60,131,62,0.473282442748092,762,3791086,0.000200997814346601,2.00997814346601,62,259,69,0.193146417445483,0.473282442748092,0.274336283185841,0.573958553259213,0.426041446740787,0,2.27206218644891,1.6275789996248,0.121185042204771,-1.85872244689562,388.878774459919,751.826677314383
CA-CFAR,71,57,0.0001,1792,0,60,131,57,0.435114503816794,3712,9394273,0.000395134354728674,3.95134354728674,57,153,74,0.271428571428571,0.435114503816794,0.334310850439883,0,1,0,NaN,NaN,0.121185042204771,-1.85872244689562,0,347.88001118031
G0,71,57,0.0001,1792,3,60,131,44,0.33587786259542,551,1934878,0.000284772476610928,2.84772476610928,44,122,87,0.265060240963855,0.33587786259542,0.296296296296296,0.771545767335814,0.228454232664186,0,7.53611253329523,14.4782365808595,0.121185042204771,-1.85872244689562,3947.72781624347,4530.65981617814
G0-L1,71,57,0.0001,1792,2,60,131,7,0.0534351145038168,39,393760,9.90451036164161e-05,0.990451036164161,7,9,124,0.4375,0.0534351145038168,0.0952380952380952,0.955288526172621,0.044711473827379,0,8.82463667216745,13.0996297166558,0.121185042204771,-1.85872244689562,59.990228150935,427.692051317499
GenGamma,71,57,0.0001,1792,3,60,131,105,0.801526717557252,68507,9241334,0.00741310724187655,74.1310724187655,105,30801,26,0.00339739856338575,0.801526717557252,0.00676611785932919,0.0139026785068269,0.986097321493173,0,0.279564251707024,0.324574456070583,0.121185042204771,-1.85872244689562,232.822365696628,1673.56384037205
GenGamma-exact,71,57,0.0001,1792,3,60,131,93,0.709923664122137,21216,5538740,0.00383047407894214,38.3047407894214,93,8167,38,0.0112590799031477,0.709923664122137,0.0221666070790132,0.393284844792669,0.606715155207331,0,0.705525437029352,0.912884031315197,0.121185042204771,-1.85872244689562,403.4807193221,1328.45576178658
K,71,57,0.0001,1792,2,60,131,11,0.083969465648855,71,393760,0.000180312880942706,1.80312880942706,11,12,120,0.478260869565217,0.083969465648855,0.142857142857143,0.955288526172621,0.044711473827379,0,NaN,NaN,0.121185042204771,-1.85872244689562,35.6935771156901,376.717940268142
Lognormal,71,57,0.0001,1792,2,60,131,49,0.374045801526718,4998,9394273,0.000532026267492971,5.32026267492971,49,172,82,0.221719457013575,0.374045801526718,0.278409090909091,0,1,0,0.348112244388126,0.0345295644679291,0.121185042204771,-1.85872244689562,10.8940513738789,349.53911386992
Weibull,71,57,0.0001,1792,2,60,131,119,0.908396946564885,18809,9394273,0.00200217728396865,20.0217728396865,119,3314,12,0.0346635595688902,0.908396946564885,0.0667789001122334,0,1,0,3.68438807791691,0.338580655412996,0.121185042204771,-1.85872244689562,14.3938379722571,353.326365923813
BurrXII,81,65,0.0001,2336,3,60,131,62,0.473282442748092,772,3807462,0.000202759738639545,2.02759738639545,62,261,69,0.191950464396285,0.473282442748092,0.273127753303965,0.571785392899295,0.428214607100705,0,2.31302085214904,1.650659331077,0.121592685794167,-1.80749071784706,378.662688024096,723.390492513051
CA-CFAR,81,65,0.0001,2336,0,60,131,59,0.450381679389313,3681,9394273,0.000391834471917092,3.91834471917092,59,167,72,0.261061946902655,0.450381679389313,0.330532212885154,0,1,0,NaN,NaN,0.121592685794167,-1.80749071784706,0,331.533394935303
G0,81,65,0.0001,2336,3,60,131,43,0.32824427480916,747,1961001,0.000380927903657367,3.80927903657367,43,123,88,0.259036144578313,0.32824427480916,0.28956228956229,0.768557956531093,0.231442043468907,0,8.12828784252615,10.1081483312403,0.121592685794167,-1.80749071784706,3925.92376688658,4484.71868589955
G0-L1,81,65,0.0001,2336,2,60,131,5,0.0381679389312977,19,399815,4.75219789152483e-05,0.475219789152483,5,5,126,0.5,0.0381679389312977,0.0709219858156028,0.954817936954283,0.0451820630457167,0,6.37105872726817,10.2429864282376,0.121592685794167,-1.80749071784706,59.3547354927726,412.803317144352
GenGamma,81,65,0.0001,2336,3,60,131,107,0.816793893129771,70154,9251097,0.00758331687582565,75.8331687582564,107,30978,24,0.00344217468232266,0.816793893129771,0.00685545873910815,0.0129412241179885,0.987058775882012,0,0.304677079769153,0.299183996052434,0.121592685794167,-1.80749071784706,213.460966539271,1598.85322763842
GenGamma-exact,81,65,0.0001,2336,3,60,131,87,0.66412213740458,20565,5544631,0.00370899343887808,37.0899343887808,87,7263,44,0.0118367346938776,0.66412213740458,0.02325892260393,0.392344000306439,0.607655999693561,0,0.705037913271248,0.97079119560967,0.121592685794167,-1.80749071784706,368.559444912371,1281.43573365688
K,81,65,0.0001,2336,2,60,131,9,0.0687022900763359,62,399815,0.00015507172067081,1.5507172067081,9,11,122,0.45,0.0687022900763359,0.119205298013245,0.954817936954283,0.0451820630457167,0,NaN,NaN,0.121592685794167,-1.80749071784706,37.5957901784075,362.375770141644
Lognormal,81,65,0.0001,2336,2,60,131,48,0.366412213740458,5405,9394273,0.000575350535374052,5.75350535374052,48,187,83,0.204255319148936,0.366412213740458,0.262295081967213,0,1,0,0.348697699732806,0.0314826930361165,0.121592685794167,-1.80749071784706,12.0941247303614,334.074574998942
Weibull,81,65,0.0001,2336,2,60,131,119,0.908396946564885,19733,9394273,0.00210053508132029,21.0053508132029,119,3172,12,0.0361592221209359,0.908396946564885,0.0695499707773232,0,1,0,3.67819247691368,0.316375604297631,0.121592685794167,-1.80749071784706,14.2163344248387,336.172807567493
BurrXII,91,73,0.0001,2952,3,60,131,57,0.435114503816794,884,3829428,0.000230843875377733,2.30843875377733,57,281,74,0.168639053254438,0.435114503816794,0.243070362473348,0.569076723862811,0.430923276137189,0,2.24352989197537,1.64481045757215,0.121997968790518,-1.75773943408931,370.249411000081,719.590580952758
CA-CFAR,91,73,0.0001,2952,0,60,131,61,0.465648854961832,3763,9394273,0.000400563194192888,4.00563194192887,61,164,70,0.271111111111111,0.465648854961832,0.342696629213483,0,1,0,NaN,NaN,0.121997968790518,-1.75773943408931,0,334.91962045614
G0,91,73,0.0001,2952,3,60,131,40,0.305343511450382,854,1991583,0.000428804624261203,4.28804624261203,40,123,91,0.245398773006135,0.305343511450382,0.272108843537415,0.764956583904617,0.235043416095383,0,7.703023143255,9.95112866041638,0.121997968790518,-1.75773943408931,3818.1224422882,4383.09074827253
G0-L1,91,73,0.0001,2952,2,60,131,4,0.0305343511450382,55,404347,0.00013602178327031,1.3602178327031,4,7,127,0.363636363636364,0.0305343511450382,0.0563380281690141,0.954544564536424,0.0454554354635762,0,6.39674957254529,11.1248345077276,0.121997968790518,-1.75773943408931,54.1616853017305,408.704674520138
GenGamma,91,73,0.0001,2952,3,60,131,109,0.83206106870229,72031,9259855,0.00777884750895127,77.7884750895127,109,31233,22,0.00347776147023164,0.83206106870229,0.00692657198233407,0.0120776399519879,0.987922360048012,0,0.330907497916093,0.286477931685661,0.121997968790518,-1.75773943408931,219.899225335989,1620.35697519558
GenGamma-exact,91,73,0.0001,2952,3,60,131,91,0.694656488549618,20685,5548542,0.0037280063843799,37.280063843799,91,6940,40,0.0129426824064856,0.694656488549618,0.0254118961184027,0.391512794355167,0.608487205644833,0,0.711471299048855,1.02515523806493,0.121997968790518,-1.75773943408931,365.631395742307,1252.05470446294
K,91,73,0.0001,2952,2,60,131,7,0.0534351145038168,91,404347,0.000225054223229058,2.25054223229058,7,8,124,0.466666666666667,0.0534351145038168,0.0958904109589041,0.954544564536424,0.0454554354635762,0,NaN,NaN,0.121997968790518,-1.75773943408931,38.6878468426494,366.472717203375
Lognormal,91,73,0.0001,2952,2,60,131,44,0.33587786259542,5632,9394273,0.000599514193381436,5.99514193381436,44,203,87,0.178137651821862,0.33587786259542,0.232804232804233,0,1,0,0.349278896174879,0.0300291613902506,0.121997968790518,-1.75773943408931,10.86490434271,336.519919374443
Weibull,91,73,0.0001,2952,2,60,131,120,0.916030534351145,20405,9394273,0.00217206802484876,21.7206802484876,120,3126,11,0.0369685767097967,0.916030534351145,0.0710689961504294,0,1,0,3.67206034827861,0.297643590348995,0.121997968790518,-1.75773943408931,13.5424887674187,339.273835317609
BurrXII,101,73,0.0001,4872,3,60,131,54,0.412213740458015,849,3831232,0.000221599736064013,2.21599736064013,54,262,77,0.170886075949367,0.412213740458015,0.241610738255034,0.568123317574974,0.431876682425026,0,2.31936554379808,1.71609448924282,0.121999493948551,-1.71364342123156,381.030483820953,735.283615072365
CA-CFAR,101,73,0.0001,4872,0,60,131,62,0.473282442748092,3906,9394273,0.000415785234259213,4.15785234259213,62,167,69,0.270742358078603,0.473282442748092,0.344444444444444,0,1,0,NaN,NaN,0.121999493948551,-1.71364342123156,0,349.557026499353
G0,101,73,0.0001,4872,3,60,131,37,0.282442748091603,710,2002586,0.000354541577739982,3.54541577739982,37,106,94,0.258741258741259,0.282442748091603,0.27007299270073,0.763431709193181,0.236568290806819,0,7.57218912872621,9.41659583724427,0.121999493948551,-1.71364342123156,3971.04874908577,4536.89364006995
G0-L1,101,73,0.0001,4872,2,60,131,6,0.0458015267175573,71,412979,0.000171921574704767,1.71921574704767,6,7,125,0.461538461538462,0.0458015267175573,0.0833333333333333,0.95379305989623,0.0462069401037703,0,5.4595966231293,8.6447614459726,0.121999493948551,-1.71364342123156,56.9987358177381,416.599286261814
GenGamma,101,73,0.0001,4872,3,60,131,107,0.816793893129771,73613,9276358,0.00793554970603765,79.3554970603765,107,31367,24,0.003399631441825,0.816793893129771,0.00677108052523335,0.010542675424495,0.989457324575505,0,0.355908769702781,0.238828690570502,0.121999493948551,-1.71364342123156,221.371160812243,1629.80952800013
GenGamma-exact,101,73,0.0001,4872,3,60,131,85,0.648854961832061,19683,5517157,0.00356759831195668,35.6759831195668,85,6174,46,0.013580444160409,0.648854961832061,0.02660406885759,0.393872112731485,0.606127887268515,0,0.727336159068412,0.943213129421797,0.121999493948551,-1.71364342123156,376.189382470942,1275.04749915456
K,101,73,0.0001,4872,2,60,131,7,0.0534351145038168,105,412979,0.000254250216112684,2.54250216112684,7,9,124,0.4375,0.0534351145038168,0.0952380952380952,0.95379305989623,0.0462069401037703,0,NaN,NaN,0.121999493948551,-1.71364342123156,38.092995672987,370.997549340088
Lognormal,101,73,0.0001,4872,2,60,131,40,0.305343511450382,5577,9394273,0.000593659562586695,5.93659562586695,40,187,91,0.176211453744493,0.305343511450382,0.223463687150838,0,1,0,0.349280952283827,0.0275179191837349,0.121999493948551,-1.71364342123156,10.7959271964998,341.425826578909
Weibull,101,73,0.0001,4872,2,60,131,122,0.931297709923664,20580,9394273,0.00219069639555929,21.9069639555929,122,2963,9,0.0395461912479741,0.931297709923664,0.0758706467661691,0,1,0,3.67204140537321,0.259255347858181,0.121999493948551,-1.71364342123156,14.0904571142837,344.45055401724
BurrXII,111,79,0.0001,6080,3,60,131,47,0.358778625954198,906,3859289,0.000234758267649818,2.34758267649818,47,237,84,0.165492957746479,0.358778625954198,0.226506024096386,0.56489770759086,0.43510229240914,0,2.33768012169608,1.86502723769218,0.122105913185441,-1.66675273509677,369.547656176128,766.115681674891
CA-CFAR,111,79,0.0001,6080,0,60,131,59,0.450381679389313,4098,9394273,0.000436223218124489,4.36223218124489,59,171,72,0.256521739130435,0.450381679389313,0.326869806094183,0,1,0,NaN,NaN,0.122105913185441,-1.66675273509677,0,383.4796458126
G0,111,79,0.0001,6080,3,60,131,35,0.267175572519084,749,2026817,0.000369544956451421,3.69544956451421,35,107,96,0.246478873239437,0.267175572519084,0.256410256410256,0.760960150690471,0.239039849309529,0,8.92712840317517,10.9335055634609,0.122105913185441,-1.66675273509677,3894.06844392822,4516.63871069013
G0-L1,111,79,0.0001,6080,2,60,131,8,0.0610687022900763,91,421447,0.000215922761343657,2.15922761343657,8,9,123,0.470588235294118,0.0610687022900763,0.108108108108108,0.953050799099605,0.046949200900395,0,5.60859887716676,8.86349939090273,0.122105913185441,-1.66675273509677,54.2904648327338,457.455372639384
GenGamma,111,79,0.0001,6080,3,60,131,109,0.83206106870229,74146,9278120,0.00799148965523188,79.9148965523188,109,31417,22,0.00345746368077143,0.83206106870229,0.00688631266386581,0.0103523816713669,0.989647618328633,0,0.3843731745447,0.242651052429765,0.122105913185441,-1.66675273509677,218.757602075202,1674.62503363819
GenGamma-exact,111,79,0.0001,6080,3,60,131,86,0.656488549618321,19228,5534782,0.00347403023280772,34.7403023280772,86,5968,45,0.0142054839775355,0.656488549618321,0.0278092158447858,0.391597251149153,0.608402748850847,0,0.780080351316417,1.03294707017769,0.122105913185441,-1.66675273509677,368.317853263942,1309.27042026753
K,111,79,0.0001,6080,2,60,131,8,0.0610687022900763,139,421447,0.000329816086008442,3.29816086008442,8,11,123,0.421052631578947,0.0610687022900763,0.106666666666667,0.953050799099605,0.046949200900395,0,NaN,NaN,0.122105913185441,-1.66675273509677,39.9777642063431,415.639202611291
Lognormal,111,79,0.0001,6080,2,60,131,42,0.320610687022901,5667,9394273,0.000603239867523543,6.03239867523543,42,196,89,0.176470588235294,0.320610687022901,0.227642276422764,0,1,0,0.349433273836101,0.0295591232809109,0.122105913185441,-1.66675273509677,11.9195546100628,385.917354955812
Weibull,111,79,0.0001,6080,2,60,131,119,0.908396946564885,21469,9394273,0.00228532851876883,22.8532851876883,119,2910,12,0.0392868933641466,0.908396946564885,0.0753164556962025,0,1,0,3.67044036366554,0.25592168585006,0.122105913185441,-1.66675273509677,14.7072049651063,388.261849771292
BurrXII,121,87,0.0001,7072,3,60,131,45,0.343511450381679,953,3887475,0.000245146271037113,2.45146271037113,45,245,86,0.155172413793103,0.343511450381679,0.213776722090261,0.561880089325399,0.438119910674601,0,2.37975841659621,1.67800989732412,0.122238018515087,-1.62492647775301,369.137153217163,741.804644364091
CA-CFAR,121,87,0.0001,7072,0,60,131,60,0.458015267175573,4277,9394273,0.000455277380165554,4.55277380165554,60,193,71,0.237154150197628,0.458015267175573,0.3125,0,1,0,NaN,NaN,0.122238018515087,-1.62492647775301,0,359.856081072436
G0,121,87,0.0001,7072,3,60,131,34,0.259541984732824,907,2054272,0.000441518941990155,4.41518941990155,34,102,97,0.25,0.259541984732824,0.254681647940075,0.75822991772793,0.24177008227207,0,9.30893323789685,11.0894278371196,0.122238018515087,-1.62492647775301,4029.65288091149,4630.15905312301
G0-L1,121,87,0.0001,7072,2,60,131,9,0.0687022900763359,105,432383,0.000242840259677184,2.42840259677184,9,13,122,0.409090909090909,0.0687022900763359,0.117647058823529,0.95201943751904,0.0479805624809597,0,7.19740082703582,10.7394444761343,0.122238018515087,-1.62492647775301,53.3190635626847,438.720769881068
GenGamma,121,87,0.0001,7072,3,60,131,105,0.801526717557252,75021,9274474,0.00808897625892315,80.8897625892315,105,31529,26,0.00331921350445723,0.801526717557252,0.00661104989768613,0.0106055923006386,0.989394407699361,0,0.411485766493435,0.255365909888112,0.122238018515087,-1.62492647775301,218.653767076941,1650.38819538996
GenGamma-exact,121,87,0.0001,7072,3,60,131,79,0.603053435114504,18374,5559120,0.00330519938407518,33.0519938407518,79,5686,52,0.0137033824804857,0.603053435114504,0.026797829036635,0.388801941958797,0.611198058041203,0,0.766318844325909,1.28635254872931,0.122238018515087,-1.62492647775301,375.822808103208,1290.88278368503
K,121,87,0.0001,7072,2,60,131,10,0.0763358778625954,128,432383,0.000296033840368377,2.96033840368377,10,15,121,0.4,0.0763358778625954,0.128205128205128,0.95201943751904,0.0479805624809597,0,NaN,NaN,0.122238018515087,-1.62492647775301,37.2496769849445,390.474246746366
Lognormal,121,87,0.0001,7072,2,60,131,44,0.33587786259542,5858,9394273,0.000623571403556188,6.23571403556188,44,208,87,0.174603174603175,0.33587786259542,0.22976501305483,0,1,0,0.349622384020403,0.0291561274138493,0.122238018515087,-1.62492647775301,11.7247313599691,362.772250902887
Weibull,121,87,0.0001,7072,2,60,131,121,0.923664122137405,22301,9394273,0.00237389311551836,23.7389311551836,121,2857,10,0.0406312961719275,0.923664122137405,0.0778385332904471,0,1,0,3.66845215609832,0.256139453812358,0.122238018515087,-1.62492647775301,13.3202036464163,363.982695276527
BurrXII,131,93,0.0001,8512,3,60,131,45,0.343511450381679,918,3908244,0.000234888098081901,2.34888098081901,45,212,86,0.175097276264591,0.343511450381679,0.231958762886598,0.559873110098188,0.440126889901812,0,2.33949289452107,1.69436375737179,0.122603251139957,-1.58583249246445,365.350161218866,734.238118761981
CA-CFAR,131,93,0.0001,8512,0,60,131,60,0.458015267175573,4394,9394273,0.000467731776583457,4.67731776583457,60,186,71,0.24390243902439,0.458015267175573,0.318302387267904,0,1,0,NaN,NaN,0.122603251139957,-1.58583249246445,0,355.987733281572
G0,131,93,0.0001,8512,3,60,131,34,0.259541984732824,1002,2079751,0.000481788444866717,4.81788444866717,34,104,97,0.246376811594203,0.259541984732824,0.252788104089219,0.755637464333968,0.244362535666032,0,9.84770723172429,10.7290514659566,0.122603251139957,-1.58583249246445,3808.12171309231,4400.09576287257
G0-L1,131,93,0.0001,8512,2,60,131,10,0.0763358778625954,107,441816,0.000242182265920655,2.42182265920655,10,12,121,0.454545454545455,0.0763358778625954,0.130718954248366,0.951225618783861,0.0487743812161387,0,6.12742903918777,8.50289478645439,0.122603251139957,-1.58583249246445,58.1529561715822,440.592494025743
GenGamma,131,93,0.0001,8512,3,60,131,106,0.809160305343511,75233,9271450,0.00811448047500661,81.1448047500661,106,31445,25,0.00335963994802066,0.809160305343511,0.00669149674894262,0.0107534497336226,0.989246550266378,0,0.438083064652002,0.289899989641408,0.122603251139957,-1.58583249246445,215.673082654302,1606.92163973583
GenGamma-exact,131,93,0.0001,8512,3,60,131,76,0.580152671755725,18223,5581254,0.00326503685372499,32.6503685372499,76,5690,55,0.0131807145334721,0.580152671755725,0.0257758182126505,0.386251974062586,0.613748025937414,0,0.744669723005848,1.30845958933356,0.122603251139957,-1.58583249246445,371.302428118293,1282.18210361884
K,131,93,0.0001,8512,2,60,131,10,0.0763358778625954,147,441816,0.000332717692433049,3.32717692433049,10,16,121,0.384615384615385,0.0763358778625954,0.127388535031847,0.951225618783861,0.0487743812161387,0,NaN,NaN,0.122603251139957,-1.58583249246445,39.8836968962573,389.687745004878
Lognormal,131,93,0.0001,8512,2,60,131,46,0.351145038167939,5964,9394273,0.000634854873815142,6.34854873815142,46,201,85,0.186234817813765,0.351145038167939,0.243386243386243,0,1,0,0.350144334589935,0.028819242695686,0.122603251139957,-1.58583249246445,10.250008087729,357.247713045086
Weibull,131,93,0.0001,8512,2,60,131,119,0.908396946564885,22762,9394273,0.00242296556636155,24.2296556636155,119,2801,12,0.0407534246575342,0.908396946564885,0.0780072107505736,0,1,0,3.66298316887526,0.266267443962328,0.122603251139957,-1.58583249246445,12.9323255242799,359.867086625247
BurrXII,141,101,0.0001,9680,3,60,131,45,0.343511450381679,902,3923009,0.000229925549495298,2.29925549495298,45,212,86,0.175097276264591,0.343511450381679,0.231958762886598,0.558721975754774,0.441278024245226,0,2.36823011704767,1.67844605009589,0.122787043724334,-1.54304504184177,385.883350086115,766.045393848479
CA-CFAR,141,101,0.0001,9680,0,60,131,62,0.473282442748092,4660,9394273,0.000496046900063475,4.96046900063475,62,198,69,0.238461538461538,0.473282442748092,0.317135549872123,0,1,0,NaN,NaN,0.122787043724334,-1.54304504184177,0,368.665526790979
G0,141,101,0.0001,9680,3,60,131,35,0.267175572519084,1019,2101063,0.000484992596604671,4.84992596604671,35,120,96,0.225806451612903,0.267175572519084,0.244755244755245,0.75346084849649,0.24653915150351,0,9.83269943605801,10.3437601643305,0.122787043724334,-1.54304504184177,4013.94236065363,4614.66612658321
G0-L1,141,101,0.0001,9680,2,60,131,10,0.0763358778625954,74,447313,0.00016543225884336,1.6543225884336,10,13,121,0.434782608695652,0.0763358778625954,0.12987012987013,0.950844100995815,0.0491558990041851,0,7.89932378442106,11.5410945543091,0.122787043724334,-1.54304504184177,58.7781922370492,451.382315116855
GenGamma,141,101,0.0001,9680,3,60,131,108,0.824427480916031,75536,9264750,0.00815305323942902,81.5305323942902,108,31220,23,0.00344739530132789,0.824427480916031,0.00686607965923901,0.0113485775329313,0.988651422467069,0,0.469008248775846,0.407216631737534,0.122787043724334,-1.54304504184177,227.098448414696,1638.89376926557
GenGamma-exact,141,101,0.0001,9680,3,60,131,80,0.610687022900763,18602,5610727,0.00331543488036399,33.1543488036399,80,5497,51,0.0143446297292451,0.610687022900763,0.028030833917309,0.383213629187366,0.616786370812634,0,0.767298146471141,1.3104696825666,0.122787043724334,-1.54304504184177,373.894287816427,1302.93218925515
K,141,101,0.0001,9680,2,60,131,11,0.083969465648855,107,447313,0.000239206104003237,2.39206104003237,11,17,120,0.392857142857143,0.083969465648855,0.138364779874214,0.950844100995815,0.0491558990041851,0,NaN,NaN,0.122787043724334,-1.54304504184177,38.2528986576866,399.827427106677
Lognormal,141,101,0.0001,9680,2,60,131,49,0.374045801526718,5991,9394273,0.000637728965296197,6.37728965296197,49,208,82,0.190661478599222,0.374045801526718,0.252577319587629,0,1,0,0.350406764054083,0.0294872582531483,0.122787043724334,-1.54304504184177,10.7221338206567,369.69208065177
Weibull,141,101,0.0001,9680,2,60,131,121,0.923664122137405,23499,9394273,0.00250141761901107,25.0141761901107,121,2797,10,0.0414667580534613,0.923664122137405,0.0793702853394556,0,1,0,3.66023818978016,0.290287587629831,0.122787043724334,-1.54304504184177,12.5256609859082,371.545465675834
BurrXII,151,109,0.0001,10920,3,60,131,44,0.33587786259542,839,3938917,0.000213002711151314,2.13002711151314,44,199,87,0.181069958847737,0.33587786259542,0.235294117647059,0.557589487648496,0.442410512351504,0,2.36188346422598,1.79584651517853,0.123515219193528,-1.50785143969391,390.286954706325,783.890211184908
CA-CFAR,151,109,0.0001,10920,0,60,131,65,0.49618320610687,4720,9394273,0.000502433770021374,5.02433770021374,65,208,66,0.238095238095238,0.49618320610687,0.321782178217822,0,1,0,NaN,NaN,0.123515219193528,-1.50785143969391,0,380.388864252955
G0,151,109,0.0001,10920,3,60,131,32,0.244274809160305,973,2122339,0.000458456448286537,4.58456448286537,32,113,99,0.220689655172414,0.244274809160305,0.231884057971014,0.751322118214803,0.248677881785197,0,9.43773266871077,10.2767764836315,0.123515219193528,-1.50785143969391,3876.67966008445,4493.5428923737
G0-L1,151,109,0.0001,10920,2,60,131,13,0.099236641221374,46,447358,0.000102825924650951,1.02825924650951,13,8,118,0.619047619047619,0.099236641221374,0.171052631578947,0.95107826714116,0.0489217328588396,0,6.29001563960497,9.55773663138285,0.123515219193528,-1.50785143969391,56.6586143052006,460.049635251223
GenGamma,151,109,0.0001,10920,3,60,131,106,0.809160305343511,75809,9259262,0.0081873695765386,81.873695765386,106,31031,25,0.00340430998490542,0.809160305343511,0.00678009466547269,0.0117610653049099,0.98823893469509,0,0.495029656068613,0.512429519761175,0.123515219193528,-1.50785143969391,215.753679084529,1632.34689044763
GenGamma-exact,151,109,0.0001,10920,3,60,131,82,0.625954198473282,18730,5650792,0.00331457961998955,33.1457961998955,82,5435,49,0.014863150262824,0.625954198473282,0.0290368271954674,0.379133597023625,0.620866402976375,0,0.771739515440345,1.29744962515524,0.123515219193528,-1.50785143969391,376.887569332122,1312.1580047869
K,151,109,0.0001,10920,2,60,131,13,0.099236641221374,82,447358,0.00018329838742126,1.8329838742126,13,14,118,0.481481481481481,0.099236641221374,0.164556962025316,0.95107826714116,0.0489217328588396,0,NaN,NaN,0.123515219193528,-1.50785143969391,36.9427697730932,408.855808430149
Lognormal,151,109,0.0001,10920,2,60,131,49,0.374045801526718,6000,9394273,0.000638686995789882,6.38686995789882,49,200,82,0.196787148594378,0.374045801526718,0.257894736842105,0,1,0,0.351446991357073,0.0323841603151296,0.123515219193528,-1.50785143969391,10.1410447931201,379.471284088998
Weibull,151,109,0.0001,10920,2,60,131,121,0.923664122137405,24219,9394273,0.00257806005850586,25.7806005850586,121,2792,10,0.0415379334019911,0.923664122137405,0.0795006570302234,0,1,0,3.64934759758356,0.296005456877378,0.123515219193528,-1.50785143969391,13.3613964527793,382.452228567232
BurrXII,11,7,0.001,72,3,60,131,9,0.0687022900763359,7236,5292999,0.00136708886587736,1.36708886587736,9,4420,122,0.00203206141341161,0.0687022900763359,0.00394736842105263,0.434744553846647,0.565255446153353,0,2.21651049531547,2.5867227027844,0.106605371991147,-1.01254572092482,460.338806671446,810.71570524633
CA-CFAR,11,7,0.001,72,0,60,131,10,0.0763358778625954,2582,9394273,0.000274848303854912,0.274848303854912,10,745,121,0.0132450331125828,0.0763358778625954,0.0225733634311512,0,1,0.0164945496270797,NaN,NaN,0.106605371991147,-1.01254572092482,0,355.319692065048
G0,11,7,0.001,72,3,60,131,5,0.0381679389312977,1542,2167492,0.000711421310897572,0.711421310897572,5,1102,126,0.004516711833785,0.0381679389312977,0.00807754442649434,0.757605776394923,0.242394223605077,0,21.7412534662589,37.6446792809999,0.106605371991147,-1.01254572092482,4106.18074134361,4681.90796341205
G0-L1,11,7,0.001,72,2,60,131,3,0.0229007633587786,168,323910,0.000518662591460591,0.518662591460591,3,116,128,0.0252100840336134,0.0229007633587786,0.024,0.963735159831751,0.0362648401682493,0,7.13157585191383,11.5667174998825,0.106605371991147,-1.01254572092482,57.9947071404713,403.666711084162
GenGamma,11,7,0.001,72,3,60,131,60,0.458015267175573,61524,8774453,0.00701171913508455,7.01171913508455,60,33547,71,0.00178534233939358,0.458015267175573,0.00355682020273875,0.0649385536279963,0.935061446372004,0,1.25000012225835,2.74848935269421,0.106605371991147,-1.01254572092482,231.585291629986,1635.22835845938
GenGamma-exact,11,7,0.001,72,3,60,131,53,0.404580152671756,42209,7095197,0.00594895391910894,5.94895391910894,53,22878,78,0.00231128167110026,0.404580152671756,0.00459630561096176,0.241134095958033,0.758865904041967,0,1.68734250963133,3.31623818074366,0.106605371991147,-1.01254572092482,432.117615032212,1519.53629174659
K,11,7,0.001,72,2,60,131,7,0.0534351145038168,245,323910,0.000756382945880028,0.756382945880028,7,135,124,0.0492957746478873,0.0534351145038168,0.0512820512820513,0.963735159831751,0.0362648401682493,0,NaN,NaN,0.106605371991147,-1.01254572092482,37.632260375152,956.333482397201
Lognormal,11,7,0.001,72,2,60,131,5,0.0381679389312977,3264,9394273,0.000347445725709696,0.347445725709696,5,1759,126,0.00283446712018141,0.0381679389312977,0.00527704485488127,0,1,0,0.326504369629252,0.116066637523342,0.106605371991147,-1.01254572092482,11.5401855070184,331.171262317143
Weibull,11,7,0.001,72,2,60,131,73,0.557251908396947,52903,9394273,0.00563140968971202,5.63140968971202,73,21648,58,0.00336080290962663,0.557251908396947,0.00668131063518214,0,1,0,3.9281344478242,1.27087383676689,0.106605371991147,-1.01254572092482,16.8387974654774,337.325550805553
BurrXII,15,11,0.001,104,3,60,131,25,0.190839694656489,7240,4889441,0.00148074186803768,1.48074186803768,25,3637,106,0.00682687056253413,0.190839694656489,0.0131821776957553,0.473724706242757,0.526275293757243,0,2.36655954003704,2.66413625550407,0.112020641834398,-1.22699172439767,437.791237561931,763.501249151048
CA-CFAR,15,11,0.001,104,0,60,131,21,0.16030534351145,3953,9394273,0.0004207882823929,0.4207882823929,21,734,110,0.0278145695364238,0.16030534351145,0.0474040632054176,0,1,0,NaN,NaN,0.112020641834398,-1.22699172439767,0,319.231870666238
G0,15,11,0.001,104,3,60,131,13,0.099236641221374,1581,2013339,0.000785262690485805,0.785262690485805,13,979,118,0.0131048387096774,0.099236641221374,0.0231522707034728,0.771742230636284,0.228257769363716,0,17.6639209845974,38.1475520655133,0.112020641834398,-1.22699172439767,4395.84060838862,4936.97524551589
G0-L1,15,11,0.001,104,2,60,131,9,0.0687022900763359,301,333669,0.000902091593765079,0.902091593765079,9,144,122,0.0588235294117647,0.0687022900763359,0.0633802816901408,0.962095699374802,0.0379043006251978,0,7.69116968845371,13.9951299017126,0.112020641834398,-1.22699172439767,56.9747170829169,379.022937839743
GenGamma,15,11,0.001,104,3,60,131,64,0.488549618320611,70311,8834888,0.00795833518206456,7.95833518206456,64,35765,67,0.00178626252477044,0.488549618320611,0.003559510567297,0.0579168992907136,0.942083100709286,0,0.970062834510229,2.24609115016942,0.112020641834398,-1.22699172439767,218.369245450769,1617.32316661585
GenGamma-exact,15,11,0.001,104,3,60,131,63,0.480916030534351,44366,6710384,0.0066115441381596,6.6115441381596,63,21862,68,0.00287343215507412,0.480916030534351,0.00571273122959739,0.279336795285385,0.720663204714615,0,1.37025846123705,2.56518677100664,0.112020641834398,-1.22699172439767,429.366403667242,1471.21451892471
K,15,11,0.001,104,2,60,131,10,0.0763358778625954,493,333669,0.00147751214526971,1.47751214526971,10,185,121,0.0512820512820513,0.0763358778625954,0.0613496932515337,0.962095699374802,0.0379043006251978,0,NaN,NaN,0.112020641834398,-1.22699172439767,39.7473445463065,340.690555789779
Lognormal,15,11,0.001,104,2,60,131,17,0.129770992366412,4944,9394273,0.000526278084530863,0.526278084530863,17,1459,114,0.0115176151761518,0.129770992366412,0.0211574362165526,0,1,0,0.334688413912601,0.0952429842737063,0.112020641834398,-1.22699172439767,10.5206635495363,306.304517404949
Weibull,15,11,0.001,104,2,60,131,96,0.732824427480916,52360,9394273,0.00557360851659303,5.57360851659303,96,18038,35,0.00529392301753612,0.732824427480916,0.0105119080208048,0,1,0,3.83221855717613,1.01500170396048,0.112020641834398,-1.22699172439767,13.2741842081968,308.347867840578
BurrXII,17,13,0.001,120,3,60,131,31,0.236641221374046,6514,4750623,0.00137118857884534,1.37118857884534,31,3164,100,0.00970266040688576,0.236641221374046,0.0186410102224895,0.486851288364118,0.513148711635882,0,2.46877290096519,2.85549108316645,0.113412183259562,-1.32908202518665,433.869557569495,750.378646148488
CA-CFAR,17,13,0.001,120,0,60,131,30,0.229007633587786,4379,9394273,0.000466135059093982,0.466135059093982,30,676,101,0.0424929178470255,0.229007633587786,0.0716845878136201,0,1,0,NaN,NaN,0.113412183259562,-1.32908202518665,0,303.820268712326
G0,17,13,0.001,120,3,60,131,22,0.16793893129771,1483,1971202,0.000752332840571387,0.752332840571387,22,862,109,0.0248868778280543,0.16793893129771,0.0433497536945813,0.775174514783428,0.224825485216572,0,17.3333427273551,32.557698687315,0.113412183259562,-1.32908202518665,4021.6555472095,4555.38527808629
G0-L1,17,13,0.001,120,2,60,131,13,0.099236641221374,296,338662,0.000874027791721539,0.874027791721539,13,146,118,0.0817610062893082,0.099236641221374,0.0896551724137931,0.961357233405277,0.0386427665947232,0,8.07431230250783,12.2644858092096,0.113412183259562,-1.32908202518665,58.9479981388341,376.403397824
GenGamma,17,13,0.001,120,3,60,131,79,0.603053435114504,72066,8868708,0.00812587357707571,8.12587357707571,79,36703,52,0.00214778967973465,0.603053435114504,0.00428033484138379,0.0541617299654711,0.945838270034529,0,0.83182635756271,2.05626145813226,0.113412183259562,-1.32908202518665,215.292246837698,1628.61630970915
GenGamma-exact,17,13,0.001,120,3,60,131,79,0.603053435114504,43147,6592308,0.00654505220326477,6.54505220326477,79,21282,52,0.00369832872992837,0.603053435114504,0.00735157267820584,0.290870928238581,0.709129071761419,0,1.30426129309281,2.2953893642294,0.113412183259562,-1.32908202518665,429.85211470449,1463.4171055625
K,17,13,0.001,120,2,60,131,15,0.114503816793893,524,338662,0.00154726541507462,1.54726541507462,15,174,116,0.0793650793650794,0.114503816793893,0.09375,0.961357233405277,0.0386427665947232,0,NaN,NaN,0.113412183259562,-1.32908202518665,39.8465609571877,334.074887065656
Lognormal,17,13,0.001,120,2,60,131,20,0.152671755725191,5164,9394273,0.000549696607709825,0.549696607709825,20,1200,111,0.0163934426229508,0.152671755725191,0.0296076980014804,0,1,0,0.336761620808461,0.089647659757417,0.113412183259562,-1.32908202518665,11.1382019693698,301.419882748213
Weibull,17,13,0.001,120,2,60,131,108,0.824427480916031,49810,9394273,0.00530216654338234,5.30216654338234,108,16208,23,0.00661926942878156,0.824427480916031,0.0131330941813097,0,1,0,3.80860721437862,0.952896383419736,0.113412183259562,-1.32908202518665,13.4698916473159,303.374949510206
BurrXII,21,15,0.001,216,3,60,131,36,0.274809160305344,4955,4257840,0.00116373560302877,1.16373560302877,36,2154,95,0.0164383561643836,0.274809160305344,0.031021111589832,0.535041484492409,0.464958515507591,0,2.63736250025282,3.42245971143126,0.116847898667876,-1.64140194953972,400.913887374498,718.869842070317
CA-CFAR,21,15,0.001,216,0,60,131,39,0.297709923664122,4542,9394273,0.000483486055812941,0.483486055812941,39,530,92,0.0685413005272408,0.297709923664122,0.111428571428571,0,1,0,NaN,NaN,0.116847898667876,-1.64140194953972,0,304.755543059017
G0,21,15,0.001,216,3,60,131,30,0.229007633587786,1294,1809256,0.000715211114402826,0.715211114402826,30,641,101,0.0447093889716841,0.229007633587786,0.0748129675810474,0.791157804953127,0.208842195046873,0,14.0295863228012,29.418530243011,0.116847898667876,-1.64140194953972,4228.07091071157,4740.22105141726
G0-L1,21,15,0.001,216,2,60,131,16,0.122137404580153,244,338431,0.00072097414243967,0.72097414243967,16,82,115,0.163265306122449,0.122137404580153,0.139737991266376,0.961196205082068,0.0388037949179323,0,10.3175322661196,12.6266353626828,0.116847898667876,-1.64140194953972,52.9852666022353,374.188109030701
GenGamma,21,15,0.001,216,3,60,131,83,0.633587786259542,81821,8992204,0.00909910406836856,9.09910406836856,83,40117,48,0.00206467661691542,0.633587786259542,0.00411594059160447,0.0408759170055819,0.959124082994418,0,0.463827020493733,1.33863082231755,0.116847898667876,-1.64140194953972,219.263951124527,1679.27936305935
GenGamma-exact,21,15,0.001,216,3,60,131,81,0.618320610687023,43546,6213140,0.00700869447654487,7.00869447654487,81,21162,50,0.00381302075977969,0.618320610687023,0.00757930195564705,0.328426784754944,0.671573215245056,0,1.08732730114929,1.84650549567952,0.116847898667876,-1.64140194953972,407.800773280515,1394.04981354534
K,21,15,0.001,216,2,60,131,19,0.145038167938931,535,338431,0.00158082445166075,1.58082445166075,19,110,112,0.147286821705426,0.145038167938931,0.146153846153846,0.961196205082068,0.0388037949179323,0,NaN,NaN,0.116847898667876,-1.64140194953972,35.4203523045971,331.549653611148
Lognormal,21,15,0.001,216,2,60,131,25,0.190839694656489,4859,9394273,0.000517230018757173,0.517230018757173,25,899,106,0.0270562770562771,0.190839694656489,0.0473933649289099,0,1,0,0.341829171937382,0.0700239924595283,0.116847898667876,-1.64140194953972,10.5376399788252,303.859037800537
Weibull,21,15,0.001,216,2,60,131,114,0.870229007633588,41092,9394273,0.00437415433849964,4.37415433849964,114,12668,17,0.00891879205132217,0.870229007633588,0.0176566251064818,0,1,0,3.75204281325767,0.724475950141346,0.116847898667876,-1.64140194953972,13.3722563744568,306.067232277185
BurrXII,31,21,0.001,520,3,60,131,58,0.442748091603053,3162,3847724,0.000821784514689723,0.821784514689723,58,1273,73,0.0435762584522915,0.442748091603053,0.079343365253078,0.573007496577924,0.426992503422076,0,2.83320274085602,3.83336369669927,0.119228652984883,-1.84515150834728,373.835057553944,692.530537548439
CA-CFAR,31,21,0.001,520,0,60,131,57,0.435114503816794,5329,9394273,0.000567260500094047,0.567260500094047,57,483,74,0.105555555555556,0.435114503816794,0.169895678092399,0,1,0,NaN,NaN,0.119228652984883,-1.84515150834728,0,307.307114944261
G0,31,21,0.001,520,3,60,131,47,0.358778625954198,1163,1757950,0.000661566028612873,0.661566028612873,47,507,84,0.0848375451263538,0.358778625954198,0.137226277372263,0.793983070494265,0.206016929505735,0,9.81995345970197,20.2010026432719,0.119228652984883,-1.84515150834728,4131.57871742453,4646.71606474719
G0-L1,31,21,0.001,520,2,60,131,18,0.137404580152672,144,348699,0.000412963616184732,0.412963616184732,18,42,113,0.3,0.137404580152672,0.18848167539267,0.959919020275529,0.0400809797244712,0,8.12737528370364,13.8491512528651,0.119228652984883,-1.84515150834728,55.7950424873631,377.360121556227
GenGamma,31,21,0.001,520,3,60,131,93,0.709923664122137,90851,9148065,0.00993117123675881,9.93117123675881,93,41629,38,0.00222903983509899,0.709923664122137,0.00444412586911332,0.0243752434807363,0.975624756519264,0,0.298490876377073,0.49829424560208,0.119228652984883,-1.84515150834728,207.902475822891,1715.92502451544
GenGamma-exact,31,21,0.001,520,3,60,131,84,0.641221374045801,39806,5761311,0.0069091913281543,6.9091913281543,84,17703,47,0.00472255017709563,0.641221374045801,0.00937604643375377,0.372733122559426,0.627266877440574,0,0.560935800677921,0.900101752721699,0.119228652984883,-1.84515150834728,385.051525855403,1338.47670250337
K,31,21,0.001,520,2,60,131,20,0.152671755725191,370,348699,0.00106108706936355,1.06108706936355,20,74,111,0.212765957446809,0.152671755725191,0.177777777777778,0.959919020275529,0.0400809797244712,0,NaN,NaN,0.119228652984883,-1.84515150834728,42.4360593505122,340.368596560047
Lognormal,31,21,0.001,520,2,60,131,37,0.282442748091603,5954,9394273,0.000633790395488826,0.633790395488826,37,683,94,0.0513888888888889,0.282442748091603,0.0869565217391304,0,1,0,0.345294991076904,0.0499535685833376,0.119228652984883,-1.84515150834728,10.4181288292536,304.813431434626
Weibull,31,21,0.001,520,2,60,131,117,0.893129770992366,34249,9394273,0.00364573181980128,3.64573181980128,117,9815,14,0.0117801047120419,0.893129770992366,0.0232535029315314,0,1,0,3.71436047806714,0.515183323567496,0.119228652984883,-1.84515150834728,13.8095866686764,308.09041280081
BurrXII,41,27,0.001,952,3,60,131,63,0.480916030534351,2523,3737682,0.000675017296816583,0.675017296816583,63,921,68,0.0640243902439024,0.480916030534351,0.113004484304933,0.581679630526794,0.418320369473206,0,2.52292340687254,3.16919051181793,0.119847166304702,-1.90016669644414,357.191187360799,670.441768923127
CA-CFAR,41,27,0.001,952,0,60,131,64,0.488549618320611,5696,9394273,0.000606326854669861,0.606326854669861,64,405,67,0.136460554371002,0.488549618320611,0.213333333333333,0,1,0,NaN,NaN,0.119847166304702,-1.90016669644414,0,302.575996306794
G0,41,27,0.001,952,3,60,131,49,0.374045801526718,1278,1799233,0.000710302667859027,0.710302667859027,49,443,82,0.0995934959349594,0.374045801526718,0.157303370786517,0.787974071774969,0.212025928225031,0,9.60302371679256,16.6552120145661,0.119847166304702,-1.90016669644414,4003.75684635364,4514.59709742588
G0-L1,41,27,0.001,952,2,60,131,14,0.106870229007634,158,358576,0.000440631832582214,0.440631832582214,14,36,117,0.28,0.106870229007634,0.154696132596685,0.958739805579015,0.0412601944209848,0,8.00904665970813,12.7983430960731,0.119847166304702,-1.90016669644414,50.0188540306901,365.067688830789
GenGamma,41,27,0.001,952,3,60,131,101,0.770992366412214,96343,9203909,0.0104676176176883,10.4676176176883,101,42219,30,0.00238657844990548,0.770992366412214,0.004758427363313,0.0182092956591603,0.98179070434084,0,0.263454305189235,0.344916409430268,0.119847166304702,-1.90016669644414,217.040049289897,1745.52920221497
GenGamma-exact,41,27,0.001,952,3,60,131,91,0.694656488549618,36175,5546807,0.00652177009223505,6.52177009223505,91,14352,40,0.0063006300630063,0.694656488549618,0.0124879923150817,0.393572715335835,0.606427284664165,0,0.73857398431715,0.895307057353129,0.119847166304702,-1.90016669644414,362.198433029807,1284.42157758254
K,41,27,0.001,952,2,60,131,19,0.145038167938931,484,358576,0.0013497835884164,1.3497835884164,19,58,112,0.246753246753247,0.145038167938931,0.182692307692308,0.958739805579015,0.0412601944209848,0,NaN,NaN,0.119847166304702,-1.90016669644414,38.0313312901285,331.390333150982
Lognormal,41,27,0.001,952,2,60,131,45,0.343511450381679,5931,9394273,0.000631342095338298,0.631342095338298,45,574,86,0.0726978998384491,0.343511450381679,0.12,0,1,0,0.346188337368837,0.0410245405456887,0.119847166304702,-1.90016669644414,10.5641344429177,301.775409954242
Weibull,41,27,0.001,952,2,60,131,120,0.916030534351145,31074,9394273,0.0033077599511958,3.3077599511958,120,8525,11,0.0138808559861191,0.916030534351145,0.0273473108477666,0,1,0,3.70479957808441,0.41006762203633,0.119847166304702,-1.90016669644414,13.9291810360386,304.644707364119
BurrXII,51,41,0.001,920,3,60,131,66,0.50381679389313,2674,3801048,0.000703490195335602,0.703490195335602,66,952,65,0.0648330058939096,0.50381679389313,0.114882506527415,0.574245195075352,0.425754804924648,0,2.30033616903971,3.16748165084824,0.120487158112576,-1.87180061084232,376.04055785462,684.218453357833
CA-CFAR,51,41,0.001,920,0,60,131,65,0.49618320610687,6979,9394273,0.000742899423936264,0.742899423936264,65,444,66,0.12770137524558,0.49618320610687,0.203125,0,1,0,NaN,NaN,0.120487158112576,-1.87180061084232,0,297.176004274898
G0,51,41,0.001,920,3,60,131,50,0.381679389312977,1592,1860999,0.000855454516633271,0.855454516633271,50,483,81,0.0938086303939962,0.381679389312977,0.150602409638554,0.780369180318625,0.219630819681375,0,8.84094989946898,16.3913258835964,0.120487158112576,-1.87180061084232,3966.61980464832,4478.67575321723
G0-L1,51,41,0.001,920,2,60,131,13,0.099236641221374,153,374490,0.000408555635664504,0.408555635664504,13,39,118,0.25,0.099236641221374,0.14207650273224,0.957044541698751,0.0429554583012488,0,8.71324510713931,12.9152247111983,0.120487158112576,-1.87180061084232,60.6822256889367,371.77531321356
GenGamma,51,41,0.001,920,3,60,131,108,0.824427480916031,95787,9200865,0.010410651607213,10.410651607213,108,42072,23,0.00256045519203414,0.824427480916031,0.00510505542293966,0.0180986341787877,0.981901365821212,0,0.274809204082609,0.385501471745759,0.120487158112576,-1.87180061084232,207.736695581728,1702.27100310413
GenGamma-exact,51,41,0.001,920,3,60,131,101,0.770992366412214,37083,5621300,0.00659687260953872,6.59687260953872,101,14833,30,0.00676309093344047,0.770992366412214,0.0134085628941255,0.385502164418718,0.614497835581282,0,0.764850569215269,0.955843301341821,0.120487158112576,-1.87180061084232,375.820509211741,1300.33992387028
K,51,41,0.001,920,2,60,131,16,0.122137404580153,786,374490,0.00209885444204118,2.09885444204118,16,69,115,0.188235294117647,0.122137404580153,0.148148148148148,0.957044541698751,0.0429554583012488,0,NaN,NaN,0.120487158112576,-1.87180061084232,39.004656971586,326.104214263342
Lognormal,51,41,0.001,920,2,60,131,68,0.519083969465649,6464,9394273,0.000688078790130966,0.688078790130966,68,599,63,0.101949025487256,0.519083969465649,0.170426065162907,0,1,0,0.347109737888849,0.0409093051082585,0.120487158112576,-1.87180061084232,9.82118681260154,293.990936958467
Weibull,51,41,0.001,920,2,60,131,126,0.961832061068702,33253,9394273,0.00353970977850016,3.53970977850016,126,8345,5,0.0148742769448707,0.961832061068702,0.0292955126714717,0,1,0,3.69500147147882,0.421434928645709,0.120487158112576,-1.87180061084232,12.7620827290942,296.456960954941
BurrXII,61,49,0.001,1320,3,60,131,69,0.526717557251908,2677,3783507,0.000707544614031374,0.707544614031373,69,929,62,0.0691382765531062,0.526717557251908,0.122232063773251,0.575211203672696,0.424788796327304,0,2.14565997569136,2.59848719961944,0.120859912683503,-1.87387082722363,386.428759485918,718.168628162003
CA-CFAR,61,49,0.001,1320,0,60,131,71,0.541984732824427,7116,9394273,0.0007574827770068,0.7574827770068,71,464,60,0.132710280373832,0.541984732824427,0.213213213213213,0,1,0,NaN,NaN,0.120859912683503,-1.87387082722363,0,320.141316291162
G0,61,49,0.001,1320,3,60,131,52,0.396946564885496,1671,1898377,0.000880225582168347,0.880225582168347,52,460,79,0.1015625,0.396946564885496,0.161741835147745,0.775708525348718,0.224291474651282,0,7.83782044332114,13.3272240424506,0.120859912683503,-1.87387082722363,4203.84218619793,4743.02659359729
G0-L1,61,49,0.001,1320,2,60,131,11,0.083969465648855,111,383144,0.000289708308103481,0.289708308103481,11,25,120,0.305555555555556,0.083969465648855,0.131736526946108,0.95629983720312,0.0437001627968797,0,9.41912835064132,12.5954591902057,0.120859912683503,-1.87387082722363,59.7191878068461,394.404487769013
GenGamma,61,49,0.001,1320,3,60,131,109,0.83206106870229,100038,9225542,0.0108435905445989,10.8435905445989,109,42620,22,0.00255096070584381,0.83206106870229,0.00508632757816146,0.0154921421698848,0.984507857830115,0,0.272717863047107,0.352214670528147,0.120859912683503,-1.87387082722363,220.835820765106,1787.2315407077
GenGamma-exact,61,49,0.001,1320,3,60,131,96,0.732824427480916,36035,5562883,0.00647775622820038,6.47775622820038,96,13749,35,0.00693391115926327,0.732824427480916,0.0137378362907842,0.391242801744903,0.608757198255097,0,0.673522857614223,0.913800242204891,0.120859912683503,-1.87387082722363,392.579812882717,1348.61249417345
K,61,49,0.001,1320,2,60,131,15,0.114503816793893,757,383144,0.00197575846157058,1.97575846157058,15,52,116,0.223880597014925,0.114503816793893,0.151515151515152,0.95629983720312,0.0437001627968797,0,NaN,NaN,0.120859912683503,-1.87387082722363,38.9403296194274,348.467258324354
Lognormal,61,49,0.001,1320,2,60,131,71,0.541984732824427,6903,9394273,0.000734809388656259,0.734809388656259,71,591,60,0.107250755287009,0.541984732824427,0.17906683480454,0,1,0,0.347645253147904,0.0373849795842907,0.120859912683503,-1.87387082722363,11.0889890484347,318.135954776956
Weibull,61,49,0.001,1320,2,60,131,123,0.938931297709924,33025,9394273,0.00351543967266014,3.51543967266014,123,8067,8,0.015018315018315,0.938931297709924,0.0295637543564475,0,1,0,3.6893309274944,0.362011498071689,0.120859912683503,-1.87387082722363,13.8945312284641,321.09402476499
BurrXII,71,57,0.001,1792,3,60,131,71,0.541984732824427,2645,3791086,0.00069768926370966,0.69768926370966,71,860,60,0.0762620837808808,0.541984732824427,0.133709981167608,0.573958553259213,0.426041446740787,0,2.27206218644891,1.6275789996248,0.121185042204771,-1.85872244689562,388.878774459919,751.212602835085
CA-CFAR,71,57,0.001,1792,0,60,131,74,0.564885496183206,7309,9394273,0.000778027208704708,0.778027208704708,74,470,57,0.136029411764706,0.564885496183206,0.219259259259259,0,1,0,NaN,NaN,0.121185042204771,-1.85872244689562,0,352.66253760794
G0,71,57,0.001,1792,3,60,131,51,0.389312977099237,1707,1934878,0.000882226166197559,0.882226166197559,51,455,80,0.100790513833992,0.389312977099237,0.160125588697017,0.771545767335814,0.228454232664186,0,7.53611253329523,14.4782365808595,0.121185042204771,-1.85872244689562,3947.72781624347,4526.37785516339
G0-L1,71,57,0.001,1792,2,60,131,8,0.0610687022900763,99,393760,0.00025142218610321,0.25142218610321,8,26,123,0.235294117647059,0.0610687022900763,0.096969696969697,0.955288526172621,0.044711473827379,0,8.82463667216745,13.0996297166558,0.121185042204771,-1.85872244689562,59.990228150935,426.924127947769
GenGamma,71,57,0.001,1792,3,60,131,109,0.83206106870229,102047,9241334,0.0110424533947155,11.0424533947155,109,42693,22,0.00254660997149666,0.83206106870229,0.00507767917452775,0.0139026785068269,0.986097321493173,0,0.279564251707024,0.324574456070583,0.121185042204771,-1.85872244689562,232.822365696628,1835.82834832762
GenGamma-exact,71,57,0.001,1792,3,60,131,95,0.725190839694656,35005,5538740,0.00632002946518522,6.32002946518522,95,12423,36,0.00758907173669915,0.725190839694656,0.0150209502727488,0.393284844792669,0.606715155207331,0,0.705525437029352,0.912884031315197,0.121185042204771,-1.85872244689562,403.4807193221,1393.05308286027
K,71,57,0.001,1792,2,60,131,13,0.099236641221374,736,393760,0.00186915887850467,1.86915887850467,13,49,118,0.209677419354839,0.099236641221374,0.134715025906736,0.955288526172621,0.044711473827379,0,NaN,NaN,0.121185042204771,-1.85872244689562,35.6935771156901,377.546258949423
Lognormal,71,57,0.001,1792,2,60,131,74,0.564885496183206,7391,9394273,0.000786755930980503,0.786755930980503,74,605,57,0.108983799705449,0.564885496183206,0.182716049382716,0,1,0,0.348112244388126,0.0345295644679291,0.121185042204771,-1.85872244689562,10.8940513738789,350.64695070771
Weibull,71,57,0.001,1792,2,60,131,123,0.938931297709924,33208,9394273,0.00353491962603173,3.53491962603173,123,7578,8,0.0159719516945851,0.938931297709924,0.0314096016343207,0,1,0,3.68438807791691,0.338580655412996,0.121185042204771,-1.85872244689562,14.3938379722571,353.871442452453
BurrXII,81,65,0.001,2336,3,60,131,70,0.534351145038168,2991,3807462,0.000785562666153989,0.785562666153989,70,844,61,0.0765864332603939,0.534351145038168,0.133971291866029,0.571785392899295,0.428214607100705,0,2.31302085214904,1.650659331077,0.121592685794167,-1.80749071784706,378.662688024096,724.094483815128
CA-CFAR,81,65,0.001,2336,0,60,131,76,0.580152671755725,7677,9394273,0.000817200011113154,0.817200011113154,76,483,55,0.135957066189624,0.580152671755725,0.220289855072464,0,1,0,NaN,NaN,0.121592685794167,-1.80749071784706,0,335.911742956056
G0,81,65,0.001,2336,3,60,131,47,0.358778625954198,1891,1961001,0.000964303434827417,0.964303434827417,47,409,84,0.103070175438596,0.358778625954198,0.160136286201022,0.768557956531093,0.231442043468907,0,8.12828784252615,10.1081483312403,0.121592685794167,-1.80749071784706,3925.92376688658,4478.56400212663
G0-L1,81,65,0.001,2336,2,60,131,5,0.0381679389312977,94,399815,0.000235108737791228,0.235108737791228,5,25,126,0.166666666666667,0.0381679389312977,0.062111801242236,0.954817936954283,0.0451820630457167,0,6.37105872726817,10.2429864282376,0.121592685794167,-1.80749071784706,59.3547354927726,412.447436262714
GenGamma,81,65,0.001,2336,3,60,131,111,0.847328244274809,103610,9251097,0.0111997528509322,11.1997528509322,111,42612,20,0.0025981321536409,0.847328244274809,0.0051803798945256,0.0129412241179885,0.987058775882012,0,0.304677079769153,0.299183996052434,0.121592685794167,-1.80749071784706,213.460966539271,1752.20537027288
GenGamma-exact,81,65,0.001,2336,3,60,131,92,0.702290076335878,33758,5544631,0.00608841237586415,6.08841237586415,92,11179,39,0.00816254103451335,0.702290076335878,0.0161375197333801,0.392344000306439,0.607655999693561,0,0.705037913271248,0.97079119560967,0.121592685794167,-1.80749071784706,368.559444912371,1322.46382080547
K,81,65,0.001,2336,2,60,131,10,0.0763358778625954,780,399815,0.00195090229231019,1.95090229231019,10,45,121,0.181818181818182,0.0763358778625954,0.10752688172043,0.954817936954283,0.0451820630457167,0,NaN,NaN,0.121592685794167,-1.80749071784706,37.5957901784075,362.643284131855
Lognormal,81,65,0.001,2336,2,60,131,79,0.603053435114504,8097,9394273,0.000861908100818445,0.861908100818445,79,643,52,0.109418282548476,0.603053435114504,0.185228604923798,0,1,0,0.348697699732806,0.0314826930361165,0.121592685794167,-1.80749071784706,12.0941247303614,334.770140499717
Weibull,81,65,0.001,2336,2,60,131,125,0.954198473282443,33940,9394273,0.0036128394395181,3.6128394395181,125,7370,6,0.0166777851901268,0.954198473282443,0.032782585890375,0,1,0,3.67819247691368,0.316375604297631,0.121592685794167,-1.80749071784706,14.2163344248387,336.239506626685
BurrXII,91,73,0.001,2952,3,60,131,68,0.519083969465649,3714,3829428,0.000969857639313234,0.969857639313234,68,846,63,0.074398249452954,0.519083969465649,0.130143540669856,0.569076723862811,0.430923276137189,0,2.24352989197537,1.64481045757215,0.121997968790518,-1.75773943408931,370.249411000081,717.939300735468
CA-CFAR,91,73,0.001,2952,0,60,131,77,0.587786259541985,7866,9394273,0.000837318651480535,0.837318651480535,77,475,54,0.139492753623188,0.587786259541985,0.225475841874085,0,1,0,NaN,NaN,0.121997968790518,-1.75773943408931,0,339.113859517343
G0,91,73,0.001,2952,3,60,131,45,0.343511450381679,2162,1991583,0.00108556861551841,1.08556861551841,45,423,86,0.0961538461538462,0.343511450381679,0.15025041736227,0.764956583904617,0.235043416095383,0,7.703023143255,9.95112866041638,0.121997968790518,-1.75773943408931,3818.1224422882,4378.62683155856
G0-L1,91,73,0.001,2952,2,60,131,6,0.0458015267175573,122,404347,0.000301721046526869,0.301721046526869,6,16,125,0.272727272727273,0.0458015267175573,0.0784313725490196,0.954544564536424,0.0454554354635762,0,6.39674957254529,11.1248345077276,0.121997968790518,-1.75773943408931,54.1616853017305,406.73095657082
GenGamma,91,73,0.001,2952,3,60,131,114,0.870229007633588,106399,9259855,0.0114903527107066,11.4903527107066,114,42738,17,0.0026603192383086,0.870229007633588,0.00530442267873345,0.0120776399519879,0.987922360048012,0,0.330907497916093,0.286477931685661,0.121997968790518,-1.75773943408931,219.899225335989,1760.93137975409
GenGamma-exact,91,73,0.001,2952,3,60,131,95,0.725190839694656,34134,5548542,0.00615188638745097,6.15188638745097,95,10613,36,0.00887187149794546,0.725190839694656,0.0175292923701448,0.391512794355167,0.608487205644833,0,0.711471299048855,1.02515523806493,0.121997968790518,-1.75773943408931,365.631395742307,1310.73275449119
K,91,73,0.001,2952,2,60,131,11,0.083969465648855,729,404347,0.00180290690916465,1.80290690916465,11,29,120,0.275,0.083969465648855,0.128654970760234,0.954544564536424,0.0454554354635762,0,NaN,NaN,0.121997968790518,-1.75773943408931,38.6878468426494,367.569912566188
Lognormal,91,73,0.001,2952,2,60,131,78,0.595419847328244,8566,9394273,0.000911832134322688,0.911832134322688,78,633,53,0.109704641350211,0.595419847328244,0.185273159144893,0,1,0,0.349278896174879,0.0300291613902506,0.121997968790518,-1.75773943408931,10.86490434271,337.328609059359
Weibull,91,73,0.001,2952,2,60,131,124,0.946564885496183,34482,9394273,0.00367053416480445,3.67053416480445,124,7017,7,0.0173645147738412,0.946564885496183,0.0341034103410341,0,1,0,3.67206034827861,0.297643590348995,0.121997968790518,-1.75773943408931,13.5424887674187,339.366300685226
BurrXII,101,73,0.001,4872,3,60,131,65,0.49618320610687,3765,3831232,0.000982712610460552,0.982712610460552,65,797,66,0.0754060324825986,0.49618320610687,0.13091641490433,0.568123317574974,0.431876682425026,0,2.31936554379808,1.71609448924282,0.121999493948551,-1.71364342123156,381.030483820953,735.425699047645
CA-CFAR,101,73,0.001,4872,0,60,131,77,0.587786259541985,7912,9394273,0.000842215251781591,0.842215251781591,77,471,54,0.140510948905109,0.587786259541985,0.22680412371134,0,1,0,NaN,NaN,0.121999493948551,-1.71364342123156,0,350.459565047654
G0,101,73,0.001,4872,3,60,131,43,0.32824427480916,2074,2002586,0.00103566089046862,1.03566089046862,43,397,88,0.0977272727272727,0.32824427480916,0.15061295971979,0.763431709193181,0.236568290806819,0,7.57218912872621,9.41659583724427,0.121999493948551,-1.71364342123156,3971.04874908577,4543.36807780115
G0-L1,101,73,0.001,4872,2,60,131,7,0.0534351145038168,150,412979,0.000363214594446691,0.363214594446691,7,10,124,0.411764705882353,0.0534351145038168,0.0945945945945946,0.95379305989623,0.0462069401037703,0,5.4595966231293,8.6447614459726,0.121999493948551,-1.71364342123156,56.9987358177381,415.637423831016
GenGamma,101,73,0.001,4872,3,60,131,111,0.847328244274809,108470,9276358,0.0116931666501013,11.6931666501013,111,42989,20,0.0025754060324826,0.847328244274809,0.00513520390460549,0.010542675424495,0.989457324575505,0,0.355908769702781,0.238828690570502,0.121999493948551,-1.71364342123156,221.371160812243,1779.5829935707
GenGamma-exact,101,73,0.001,4872,3,60,131,88,0.67175572519084,32831,5517157,0.00595070975866737,5.95070975866737,88,9591,43,0.0090918483314392,0.67175572519084,0.017940876656473,0.393872112731485,0.606127887268515,0,0.727336159068412,0.943213129421797,0.121999493948551,-1.71364342123156,376.189382470942,1319.99499861078
K,101,73,0.001,4872,2,60,131,12,0.0916030534351145,805,412979,0.00194925165686391,1.94925165686391,12,21,119,0.363636363636364,0.0916030534351145,0.146341463414634,0.95379305989623,0.0462069401037703,0,NaN,NaN,0.121999493948551,-1.71364342123156,38.092995672987,371.906537267163
Lognormal,101,73,0.001,4872,2,60,131,79,0.603053435114504,8671,9394273,0.000923009156749011,0.923009156749011,79,618,52,0.113342898134864,0.603053435114504,0.190821256038647,0,1,0,0.349280952283827,0.0275179191837349,0.121999493948551,-1.71364342123156,10.7959271964998,343.003146984775
Weibull,101,73,0.001,4872,2,60,131,124,0.946564885496183,34397,9394273,0.00366148609903076,3.66148609903076,124,6652,7,0.0182998819362456,0.946564885496183,0.0359056030114377,0,1,0,3.67204140537321,0.259255347858181,0.121999493948551,-1.71364342123156,14.0904571142837,345.343522519618
BurrXII,111,79,0.001,6080,3,60,131,62,0.473282442748092,4097,3859289,0.00106159450613831,1.06159450613831,62,761,69,0.0753341433778858,0.473282442748092,0.129979035639413,0.56489770759086,0.43510229240914,0,2.33768012169608,1.86502723769218,0.122105913185441,-1.66675273509677,369.547656176128,765.494471270046
CA-CFAR,111,79,0.001,6080,0,60,131,78,0.595419847328244,8115,9394273,0.000863824161805815,0.863824161805815,78,487,53,0.138053097345133,0.595419847328244,0.224137931034483,0,1,0,NaN,NaN,0.122105913185441,-1.66675273509677,0,387.158444280852
G0,111,79,0.001,6080,3,60,131,47,0.358778625954198,2195,2026817,0.00108297887771812,1.08297887771812,47,402,84,0.10467706013363,0.358778625954198,0.162068965517241,0.760960150690471,0.239039849309529,0,8.92712840317517,10.9335055634609,0.122105913185441,-1.66675273509677,3894.06844392822,4502.86190142874
G0-L1,111,79,0.001,6080,2,60,131,9,0.0687022900763359,210,421447,0.000498283295408438,0.498283295408438,9,16,122,0.36,0.0687022900763359,0.115384615384615,0.953050799099605,0.046949200900395,0,5.60859887716676,8.86349939090273,0.122105913185441,-1.66675273509677,54.2904648327338,456.763021425772
GenGamma,111,79,0.001,6080,3,60,131,115,0.877862595419847,109390,9278120,0.0117901040296957,11.7901040296957,115,42837,16,0.00267740733842429,0.877862595419847,0.00533853259986538,0.0103523816713669,0.989647618328633,0,0.3843731745447,0.242651052429765,0.122105913185441,-1.66675273509677,218.757602075202,1821.63416023731
GenGamma-exact,111,79,0.001,6080,3,60,131,92,0.702290076335878,32283,5534782,0.00583275005230558,5.83275005230558,92,9279,39,0.00981752214278092,0.702290076335878,0.0193643443485582,0.391597251149153,0.608402748850847,0,0.780080351316417,1.03294707017769,0.122105913185441,-1.66675273509677,368.317853263942,1355.86261533336
K,111,79,0.001,6080,2,60,131,12,0.0916030534351145,891,421447,0.00211414483909009,2.11414483909009,12,29,119,0.292682926829268,0.0916030534351145,0.13953488372093,0.953050799099605,0.046949200900395,0,NaN,NaN,0.122105913185441,-1.66675273509677,39.9777642063431,416.438623914775
Lognormal,111,79,0.001,6080,2,60,131,73,0.557251908396947,9087,9394273,0.000967291455123776,0.967291455123776,73,627,58,0.104285714285714,0.557251908396947,0.175691937424789,0,1,0,0.349433273836101,0.0295591232809109,0.122105913185441,-1.66675273509677,11.9195546100628,386.590097977506
Weibull,111,79,0.001,6080,2,60,131,124,0.946564885496183,34962,9394273,0.00372162912446764,3.72162912446764,124,6496,7,0.0187311178247734,0.946564885496183,0.0367352984743001,0,1,0,3.67044036366554,0.25592168585006,0.122105913185441,-1.66675273509677,14.7072049651063,388.909897913616
BurrXII,121,87,0.001,7072,3,60,131,57,0.435114503816794,4279,3887475,0.00110071447404806,1.10071447404806,57,758,74,0.0699386503067485,0.435114503816794,0.120507399577167,0.561880089325399,0.438119910674601,0,2.37975841659621,1.67800989732412,0.122238018515087,-1.62492647775301,369.137153217163,742.174807499047
CA-CFAR,121,87,0.001,7072,0,60,131,80,0.610687022900763,8283,9394273,0.000881707397687932,0.881707397687932,80,476,51,0.143884892086331,0.610687022900763,0.232896652110626,0,1,0,NaN,NaN,0.122238018515087,-1.62492647775301,0,363.978586398115
G0,121,87,0.001,7072,3,60,131,46,0.351145038167939,2519,2054272,0.00122622515421522,1.22622515421522,46,398,85,0.103603603603604,0.351145038167939,0.16,0.75822991772793,0.24177008227207,0,9.30893323789685,11.0894278371196,0.122238018515087,-1.62492647775301,4029.65288091149,4621.81369221838
G0-L1,121,87,0.001,7072,2,60,131,10,0.0763358778625954,235,432383,0.000543499628801317,0.543499628801317,10,23,121,0.303030303030303,0.0763358778625954,0.121951219512195,0.95201943751904,0.0479805624809597,0,7.19740082703582,10.7394444761343,0.122238018515087,-1.62492647775301,53.3190635626847,435.744672839138
GenGamma,121,87,0.001,7072,3,60,131,110,0.83969465648855,110068,9274474,0.0118678428555625,11.8678428555625,110,42757,21,0.00256607646907878,0.83969465648855,0.00511651704730453,0.0106055923006386,0.989394407699361,0,0.411485766493435,0.255365909888112,0.122238018515087,-1.62492647775301,218.653767076941,1784.57454228395
GenGamma-exact,121,87,0.001,7072,3,60,131,86,0.656488549618321,31242,5559120,0.00561995423736131,5.61995423736131,86,9012,45,0.00945262695097824,0.656488549618321,0.0186369054068697,0.388801941958797,0.611198058041203,0,0.766318844325909,1.28635254872931,0.122238018515087,-1.62492647775301,375.822808103208,1341.76305627322
K,121,87,0.001,7072,2,60,131,14,0.106870229007634,1015,432383,0.00234745584354612,2.34745584354612,14,41,117,0.254545454545455,0.106870229007634,0.150537634408602,0.95201943751904,0.0479805624809597,0,NaN,NaN,0.122238018515087,-1.62492647775301,37.2496769849445,390.817031228204
Lognormal,121,87,0.001,7072,2,60,131,73,0.557251908396947,9434,9394273,0.00100422885304696,1.00422885304696,73,645,58,0.101671309192201,0.557251908396947,0.171967020023557,0,1,0,0.349622384020403,0.0291561274138493,0.122238018515087,-1.62492647775301,11.7247313599691,363.279910632415
Weibull,121,87,0.001,7072,2,60,131,124,0.946564885496183,35705,9394273,0.00380071986411295,3.80071986411295,124,6439,7,0.0188937985677282,0.946564885496183,0.0370481027786077,0,1,0,3.66845215609832,0.256139453812358,0.122238018515087,-1.62492647775301,13.3202036464163,364.524401484647
BurrXII,131,93,0.001,8512,3,60,131,60,0.458015267175573,4165,3908244,0.00106569600055677,1.06569600055677,60,674,71,0.0817438692098093,0.458015267175573,0.138728323699422,0.559873110098188,0.440126889901812,0,2.33949289452107,1.69436375737179,0.122603251139957,-1.58583249246445,365.350161218866,734.802085729095
CA-CFAR,131,93,0.001,8512,0,60,131,82,0.625954198473282,8448,9394273,0.000899271290072154,0.899271290072154,82,470,49,0.148550724637681,0.625954198473282,0.240117130307467,0,1,0,NaN,NaN,0.122603251139957,-1.58583249246445,0,360.31833509495
G0,131,93,0.001,8512,3,60,131,41,0.312977099236641,2473,2079751,0.0011890846548457,1.1890846548457,41,374,90,0.0987951807228916,0.312977099236641,0.15018315018315,0.755637464333968,0.244362535666032,0,9.84770723172429,10.7290514659566,0.122603251139957,-1.58583249246445,3808.12171309231,4399.58477443142
G0-L1,131,93,0.001,8512,2,60,131,10,0.0763358778625954,298,441816,0.000674488927517338,0.674488927517338,10,22,121,0.3125,0.0763358778625954,0.122699386503067,0.951225618783861,0.0487743812161387,0,6.12742903918777,8.50289478645439,0.122603251139957,-1.58583249246445,58.1529561715822,437.657028070089
GenGamma,131,93,0.001,8512,3,60,131,112,0.854961832061069,110406,9271450,0.011908169703768,11.908169703768,112,42583,19,0.0026232579927392,0.854961832061069,0.0052304674730304,0.0107534497336226,0.989246550266378,0,0.438083064652002,0.289899989641408,0.122603251139957,-1.58583249246445,215.673082654302,1761.99340519814
GenGamma-exact,131,93,0.001,8512,3,60,131,82,0.625954198473282,31085,5581254,0.00556953688185487,5.56953688185487,82,8816,49,0.00921555405709148,0.625954198473282,0.0181636947613246,0.386251974062586,0.613748025937414,0,0.744669723005848,1.30845958933356,0.122603251139957,-1.58583249246445,371.302428118293,1327.42015799106
K,131,93,0.001,8512,2,60,131,14,0.106870229007634,1091,441816,0.00246935375812555,2.46935375812555,14,39,117,0.264150943396226,0.106870229007634,0.152173913043478,0.951225618783861,0.0487743812161387,0,NaN,NaN,0.122603251139957,-1.58583249246445,39.8836968962573,389.721770679023
Lognormal,131,93,0.001,8512,2,60,131,74,0.564885496183206,9591,9394273,0.00102094116277013,1.02094116277013,74,654,57,0.101648351648352,0.564885496183206,0.172293364377183,0,1,0,0.350144334589935,0.028819242695686,0.122603251139957,-1.58583249246445,10.250008087729,357.811295129918
Weibull,131,93,0.001,8512,2,60,131,124,0.946564885496183,36387,9394273,0.00387331728596774,3.87331728596774,124,6355,7,0.0191387559808612,0.946564885496183,0.0375189107413011,0,1,0,3.66298316887526,0.266267443962328,0.122603251139957,-1.58583249246445,12.9323255242799,360.402572303517
BurrXII,141,101,0.001,9680,3,60,131,56,0.427480916030534,4275,3923009,0.00108972474954811,1.08972474954811,56,665,75,0.0776699029126214,0.427480916030534,0.131455399061033,0.558721975754774,0.441278024245226,0,2.36823011704767,1.67844605009589,0.122787043724334,-1.54304504184177,385.883350086115,767.475876462774
CA-CFAR,141,101,0.001,9680,0,60,131,82,0.625954198473282,8588,9394273,0.000914173986640584,0.914173986640584,82,475,49,0.14721723518851,0.625954198473282,0.238372093023256,0,1,0,NaN,NaN,0.122787043724334,-1.54304504184177,0,372.463545146536
G0,141,101,0.001,9680,3,60,131,40,0.305343511450382,2506,2101063,0.00119272958497675,1.19272958497675,40,349,91,0.102827763496144,0.305343511450382,0.153846153846154,0.75346084849649,0.24653915150351,0,9.83269943605801,10.3437601643305,0.122787043724334,-1.54304504184177,4013.94236065363,4620.04820598567
G0-L1,141,101,0.001,9680,2,60,131,11,0.083969465648855,243,447313,0.000543243768904548,0.543243768904548,11,27,120,0.289473684210526,0.083969465648855,0.130177514792899,0.950844100995815,0.0491558990041851,0,7.89932378442106,11.5410945543091,0.122787043724334,-1.54304504184177,58.7781922370492,447.467188525432
GenGamma,141,101,0.001,9680,3,60,131,112,0.854961832061069,110831,9264750,0.0119626541460914,11.9626541460914,112,42360,19,0.00263703145601808,0.854961832061069,0.00525784569161796,0.0113485775329313,0.988651422467069,0,0.469008248775846,0.407216631737534,0.122787043724334,-1.54304504184177,227.098448414696,1792.03381055616
GenGamma-exact,141,101,0.001,9680,3,60,131,84,0.641221374045801,31709,5610727,0.00565149578655315,5.65149578655315,84,8640,47,0.00962861072902338,0.641221374045801,0.0189723320158103,0.383213629187366,0.616786370812634,0,0.767298146471141,1.3104696825666,0.122787043724334,-1.54304504184177,373.894287816427,1347.51130435669
K,141,101,0.001,9680,2,60,131,14,0.106870229007634,1031,447313,0.00230487376847979,2.30487376847979,14,33,117,0.297872340425532,0.106870229007634,0.157303370786517,0.950844100995815,0.0491558990041851,0,NaN,NaN,0.122787043724334,-1.54304504184177,38.2528986576866,400.485502992772
Lognormal,141,101,0.001,9680,2,60,131,73,0.557251908396947,10190,9394273,0.00108470341451648,1.08470341451648,73,651,58,0.100828729281768,0.557251908396947,0.170760233918129,0,1,0,0.350406764054083,0.0294872582531483,0.122787043724334,-1.54304504184177,10.7221338206567,371.113076437933
Weibull,141,101,0.001,9680,2,60,131,125,0.954198473282443,37212,9394273,0.00396113674788885,3.96113674788885,125,6298,6,0.0194613109139032,0.954198473282443,0.0381446444919133,0,1,0,3.66023818978016,0.290287587629831,0.122787043724334,-1.54304504184177,12.5256609859082,372.040944401258
BurrXII,151,109,0.001,10920,3,60,131,53,0.404580152671756,4307,3938917,0.00109344776749548,1.09344776749548,53,657,78,0.0746478873239437,0.404580152671756,0.126040428061831,0.557589487648496,0.442410512351504,0,2.36188346422598,1.79584651517853,0.123515219193528,-1.50785143969391,390.286954706325,784.418404904274
CA-CFAR,151,109,0.001,10920,0,60,131,81,0.618320610687023,8969,9394273,0.000954730610873242,0.954730610873242,81,485,50,0.143109540636042,0.618320610687023,0.232424677187948,0,1,0,NaN,NaN,0.123515219193528,-1.50785143969391,0,383.532613936338
G0,151,109,0.001,10920,3,60,131,39,0.297709923664122,2323,2122339,0.00109454710109931,1.09454710109931,39,330,92,0.105691056910569,0.297709923664122,0.156,0.751322118214803,0.248677881785197,0,9.43773266871077,10.2767764836315,0.123515219193528,-1.50785143969391,3876.67966008445,4489.87890667218
G0-L1,151,109,0.001,10920,2,60,131,13,0.099236641221374,175,447358,0.000391185582911225,0.391185582911225,13,30,118,0.302325581395349,0.099236641221374,0.149425287356322,0.95107826714116,0.0489217328588396,0,6.29001563960497,9.55773663138285,0.123515219193528,-1.50785143969391,56.6586143052006,457.700719490616
GenGamma,151,109,0.001,10920,3,60,131,112,0.854961832061069,111368,9259262,0.0120277404397888,12.0277404397888,112,42261,19,0.00264319259906072,0.854961832061069,0.00527009222661397,0.0117610653049099,0.98823893469509,0,0.495029656068613,0.512429519761175,0.123515219193528,-1.50785143969391,215.753679084529,1775.64218388864
GenGamma-exact,151,109,0.001,10920,3,60,131,87,0.66412213740458,31980,5650792,0.00565938367577501,5.65938367577501,87,8539,44,0.0100857871551125,0.66412213740458,0.0198698184309695,0.379133597023625,0.620866402976375,0,0.771739515440345,1.29744962515524,0.123515219193528,-1.50785143969391,376.887569332122,1370.51500057888
K,151,109,0.001,10920,2,60,131,18,0.137404580152672,1096,447358,0.0024499394221183,2.4499394221183,18,38,113,0.321428571428571,0.137404580152672,0.192513368983957,0.95107826714116,0.0489217328588396,0,NaN,NaN,0.123515219193528,-1.50785143969391,36.9427697730932,409.734172210272
Lognormal,151,109,0.001,10920,2,60,131,75,0.572519083969466,10733,9394273,0.00114250458763547,1.14250458763547,75,644,56,0.104311543810848,0.572519083969466,0.176470588235294,0,1,0,0.351446991357073,0.0323841603151296,0.123515219193528,-1.50785143969391,10.1410447931201,379.915760710988
Weibull,151,109,0.001,10920,2,60,131,124,0.946564885496183,37869,9394273,0.00403107297392784,4.03107297392784,124,6188,7,0.0196451204055767,0.946564885496183,0.0384913860003104,0,1,0,3.64934759758356,0.296005456877378,0.123515219193528,-1.50785143969391,13.3613964527793,383.400089604756
