Detector,Sli,Guard,Pfa,N,NMoments,Images,ShipsTotal,ShipsDetected,Pd_pooled,FalsePixels,BackgroundPixels,Pfa_pooled,PfaRatio,TP,FP,FN,Precision_pooled,Recall_pooled,F1_pooled,FractionInvalid,CoverageFraction,MaxLogMismatchPct,MedianShape,IQRShape,MedianC2,MedianSkew,EstMsPerMP,TotalMsPerMP
BurrXII,11,7,1e-06,72,3,60,189,7,0.037037037037037,377,23955606,1.57374436697615e-05,15.7374436697615,7,296,182,0.0231023102310231,0.037037037037037,0.0284552845528455,0.3655140625,0.6344859375,0,2.68585903666822,2.71573363259371,0.104938521661552,-0.906523767223446,401.539520833333,657.409471354167
CA-CFAR,11,7,1e-06,72,0,60,189,0,0,36,37914812,9.4949699341777e-07,0.94949699341777,0,21,189,0,0,0,0,1,0,NaN,NaN,0.104938521661552,-0.906523767223446,0,228.7221796875
G0,11,7,1e-06,72,3,60,189,3,0.0158730158730159,262,9221922,2.84105634378604e-05,28.4105634378604,3,194,186,0.0152284263959391,0.0158730158730159,0.0155440414507772,0.751784609375,0.248215390625,0,23.3820520614964,36.9997516818164,0.104938521661552,-0.906523767223446,3617.66344010417,4077.06290364583
G0-L1,11,7,1e-06,72,2,60,189,0,0,0,8634,0,0,0,0,189,0,0,0,0.999623255208334,0.000376744791666667,0,11.7192027389917,19.5134049326716,0.104938521661552,-0.906523767223446,26.8001979166667,253.2959921875
GenGamma,11,7,1e-06,72,3,60,189,47,0.248677248677249,47887,37789598,0.00126720056667446,1267.20056667446,47,40923,142,0.00114718086404686,0.248677248677249,0.00228382613766126,0.00356489583333333,0.996435104166667,0,1.42906403729865,1.98806171628167,0.104938521661552,-0.906523767223446,177.138572916667,1180.27775260417
GenGamma-exact,11,7,1e-06,72,3,60,189,38,0.201058201058201,33379,35424348,0.00094226152024026,942.26152024026,38,29412,151,0.00129032258064516,0.201058201058201,0.00256418907520497,0.0655454166666667,0.934454583333333,0,1.59565067981513,2.02778398743765,0.104938521661552,-0.906523767223446,459.757653645833,1402.17391145833
K,11,7,1e-06,72,2,60,189,0,0,0,8634,0,0,0,0,189,0,0,0,0.999623255208334,0.000376744791666667,0,NaN,NaN,0.104938521661552,-0.906523767223446,12.1581822916667,408.982447916667
Lognormal,11,7,1e-06,72,2,60,189,2,0.0105820105820106,131,37914812,3.45511405938133e-06,3.45511405938133,2,72,187,0.027027027027027,0.0105820105820106,0.0152091254752852,0,1,0,0.323942110104476,0.0602730594877019,0.104938521661552,-0.906523767223446,6.91654427083333,229.6946171875
Weibull,11,7,1e-06,72,2,60,189,76,0.402116402116402,24042,37914812,0.000634105742104168,634.105742104168,76,12468,113,0.00605867346938775,0.402116402116402,0.0119374852744836,0,1,0,3.95919569756121,0.699250557217516,0.104938521661552,-0.906523767223446,8.7406015625,231.6514296875
BurrXII,15,11,1e-06,104,3,60,189,4,0.0211640211640212,376,23065297,1.63015459978686e-05,16.3015459978686,4,252,185,0.015625,0.0211640211640212,0.0179775280898876,0.388277473958333,0.611722526041667,0,2.91500773642638,3.2837810232862,0.106784567694326,-0.946225814322558,379.166893229167,646.845731770833
CA-CFAR,15,11,1e-06,104,0,60,189,0,0,59,37914812,1.55612007254579e-06,1.55612007254579,0,31,189,0,0,0,0,1,0,NaN,NaN,0.106784567694326,-0.946225814322558,0,241.1965
G0,15,11,1e-06,104,3,60,189,5,0.0264550264550265,300,7764771,3.86360396204859e-05,38.6360396204859,5,204,184,0.0239234449760766,0.0264550264550265,0.0251256281407035,0.788859010416667,0.211140989583333,0,26.6817507780678,45.4123808803809,0.106784567694326,-0.946225814322558,3463.04184114583,3900.06032291667
G0-L1,15,11,1e-06,104,2,60,189,0,0,0,8108,0,0,0,0,189,0,0,0,0.999559973958333,0.000440026041666667,0,11.3807459938127,18.1420092733577,0.106784567694326,-0.946225814322558,25.8737994791667,265.513361979167
GenGamma,15,11,1e-06,104,3,60,189,36,0.19047619047619,41798,37830402,0.0011048785577272,1104.8785577272,36,35391,153,0.00101617410449657,0.19047619047619,0.00202156334231806,0.00247018229166666,0.997529817708333,0,1.31628785683209,1.56375036937835,0.106784567694326,-0.946225814322558,182.02859375,1183.08627864583
GenGamma-exact,15,11,1e-06,104,3,60,189,30,0.158730158730159,33095,35992858,0.000919487971752618,919.487971752618,30,28974,159,0.00103434009102193,0.158730158730159,0.00205528722638989,0.050591484375,0.949408515625,0,1.43004641393633,1.60797754295036,0.106784567694326,-0.946225814322558,459.4249453125,1434.99099479167
K,15,11,1e-06,104,2,60,189,0,0,0,8108,0,0,0,0,189,0,0,0,0.999559973958333,0.000440026041666667,0,NaN,NaN,0.106784567694326,-0.946225814322558,10.8574296875,249.065911458333
Lognormal,15,11,1e-06,104,2,60,189,4,0.0211640211640212,85,37914812,2.24186790112529e-06,2.24186790112529,4,47,185,0.0784313725490196,0.0211640211640212,0.0333333333333333,0,1,0,0.326778938543229,0.0507669837582641,0.106784567694326,-0.946225814322558,6.86997395833333,243.3833671875
Weibull,15,11,1e-06,104,2,60,189,110,0.582010582010582,22818,37914812,0.000601822844327963,601.822844327963,110,10181,79,0.0106889515110291,0.582010582010582,0.0209923664122137,0,1,0,3.92482744786653,0.582178267563871,0.106784567694326,-0.946225814322558,8.48813020833334,244.756643229167
BurrXII,17,13,1e-06,120,3,60,189,4,0.0211640211640212,353,22782627,1.54942623605259e-05,15.4942623605259,4,239,185,0.0164609053497942,0.0211640211640212,0.0185185185185185,0.395470494791667,0.604529505208333,0,3.05994703659689,3.4035228822435,0.107254902632758,-0.963263827290802,375.404091145833,626.284377604167
CA-CFAR,17,13,1e-06,120,0,60,189,1,0.00529100529100529,73,37914812,1.92536890331937e-06,1.92536890331937,1,36,188,0.027027027027027,0.00529100529100529,0.00884955752212389,0,1,0,NaN,NaN,0.107254902632758,-0.963263827290802,0,225.923645833333
G0,17,13,1e-06,120,3,60,189,6,0.0317460317460317,275,7272646,3.78129225594096e-05,37.8129225594096,6,175,183,0.0331491712707182,0.0317460317460317,0.0324324324324324,0.801336328125,0.198663671875,0,27.7170709519684,47.4557304252481,0.107254902632758,-0.963263827290802,3495.763265625,3908.89465625
G0-L1,17,13,1e-06,120,2,60,189,0,0,0,8222,0,0,0,0,189,0,0,0,0.999522760416667,0.000477239583333333,0,10.9580077319186,18.1830346251835,0.107254902632758,-0.963263827290802,26.1724088541667,250.540401041667
GenGamma,17,13,1e-06,120,3,60,189,31,0.164021164021164,38188,37835491,0.00100931688715233,1009.31688715233,31,32351,158,0.000957321968995121,0.164021164021164,0.00190353381842744,0.00233617187500001,0.997663828125,0,1.27074148355253,1.44352956639652,0.107254902632758,-0.963263827290802,174.547244791667,1156.51172135417
GenGamma-exact,17,13,1e-06,120,3,60,189,25,0.132275132275132,31823,36178914,0.000879600753079542,879.600753079543,25,27880,164,0.000895896792689482,0.132275132275132,0.00177973944614508,0.045698828125,0.954301171875,0,1.37691043618916,1.48945640590018,0.107254902632758,-0.963263827290802,466.2807265625,1419.31436458333
K,17,13,1e-06,120,2,60,189,0,0,0,8222,0,0,0,0,189,0,0,0,0.999522760416667,0.000477239583333333,0,NaN,NaN,0.107254902632758,-0.963263827290802,11.0061770833333,233.7149140625
Lognormal,17,13,1e-06,120,2,60,189,1,0.00529100529100529,62,37914812,1.63524482199727e-06,1.63524482199727,1,32,188,0.0303030303030303,0.00529100529100529,0.00900900900900901,0,1,0,0.327497603478077,0.0472656221105979,0.107254902632758,-0.963263827290802,6.47450260416667,227.130213541667
Weibull,17,13,1e-06,120,2,60,189,117,0.619047619047619,22376,37914812,0.000590165131242112,590.165131242112,117,9404,72,0.0122886251444176,0.619047619047619,0.0240988671472709,0,1,0,3.91621946356527,0.541948620069244,0.107254902632758,-0.963263827290802,7.93872395833333,228.491666666667
BurrXII,21,15,1e-06,216,3,60,189,8,0.0423280423280423,270,21920774,1.23170833292657e-05,12.3170833292657,8,170,181,0.0449438202247191,0.0423280423280423,0.0435967302452316,0.417703333333333,0.582296666666667,0,3.81845884259573,4.75973570938385,0.108167498172672,-1.0200093248858,353.547442708333,608.677104166667
CA-CFAR,21,15,1e-06,216,0,60,189,4,0.0211640211640212,115,37914812,3.0331153956401e-06,3.0331153956401,4,48,185,0.0769230769230769,0.0211640211640212,0.033195020746888,0,1,0,NaN,NaN,0.108167498172672,-1.0200093248858,0,230.594299479167
G0,21,15,1e-06,216,3,60,189,13,0.0687830687830688,286,5451580,5.24618550952201e-05,52.4618550952201,13,159,176,0.0755813953488372,0.0687830687830688,0.0720221606648199,0.848317239583333,0.151682760416667,0,35.0905701040101,64.8008252645065,0.108167498172672,-1.0200093248858,3420.378859375,3789.1345703125
G0-L1,21,15,1e-06,216,2,60,189,0,0,0,6339,0,0,0,0,189,0,0,0,0.999582942708333,0.000417057291666667,0,13.7844098545925,21.2121687018737,0.108167498172672,-1.0200093248858,26.3593151041667,255.179208333333
GenGamma,21,15,1e-06,216,3,60,189,26,0.137566137566138,26568,37841887,0.000702079153716621,702.079153716621,26,22150,163,0.00117243867243867,0.137566137566138,0.00232506147999106,0.002167578125,0.997832421875,0,1.13766805361489,1.0214013403839,0.108167498172672,-1.0200093248858,174.9217265625,1138.67049479167
GenGamma-exact,21,15,1e-06,216,3,60,189,24,0.126984126984127,25041,36667301,0.000682924549041665,682.924549041665,24,21428,165,0.0011187768040276,0.126984126984127,0.00221801210664942,0.032916484375,0.967083515625,0,1.23747697545176,1.06444127370983,0.108167498172672,-1.0200093248858,475.497635416667,1427.29984375
K,21,15,1e-06,216,2,60,189,0,0,0,6339,0,0,0,0,189,0,0,0,0.999582942708333,0.000417057291666667,0,NaN,NaN,0.108167498172672,-1.0200093248858,11.15103125,238.666377604167
Lognormal,21,15,1e-06,216,2,60,189,1,0.00529100529100529,45,37914812,1.18687124177221e-06,1.18687124177221,1,24,188,0.04,0.00529100529100529,0.00934579439252336,0,1,0,0.328888275147962,0.0358046981281553,0.108167498172672,-1.0200093248858,6.5767109375,232.263802083333
Weibull,21,15,1e-06,216,2,60,189,121,0.64021164021164,19868,37914812,0.000524016840700674,524.016840700674,121,7331,68,0.0162372517444981,0.64021164021164,0.0316712472189504,0,1,0,3.89965205420419,0.402700992901659,0.108167498172672,-1.0200093248858,8.22976822916667,233.438203125
BurrXII,31,21,1e-06,520,3,60,189,17,0.0899470899470899,237,21937618,1.08033606930342e-05,10.8033606930342,17,115,172,0.128787878787879,0.0899470899470899,0.105919003115265,0.416839765625,0.583160234375,0,5.19052884456132,6.29112541470277,0.109036278620422,-1.06600897970777,352.0445859375,619.170169270833
CA-CFAR,31,21,1e-06,520,0,60,189,17,0.0899470899470899,161,37914812,4.24636155389614e-06,4.24636155389614,17,54,172,0.23943661971831,0.0899470899470899,0.130769230769231,0,1,0,NaN,NaN,0.109036278620422,-1.06600897970777,0,244.015575520833
G0,31,21,1e-06,520,3,60,189,21,0.111111111111111,188,4462993,4.21241978197143e-05,42.1241978197143,21,91,168,0.1875,0.111111111111111,0.13953488372093,0.873276484375,0.126723515625,0,5.47690596032312,21.373463295378,0.109036278620422,-1.06600897970777,3346.92590625,3704.38730729167
G0-L1,31,21,1e-06,520,2,60,189,0,0,0,5552,0,0,0,0,189,0,0,0,0.999646744791667,0.000353255208333333,0,20.3773746987009,28.5820802103769,0.109036278620422,-1.06600897970777,25.7869947916667,267.392388020833
GenGamma,31,21,1e-06,520,3,60,189,34,0.17989417989418,16999,37832947,0.000449317363513871,449.317363513871,34,14414,155,0.00235326688815061,0.17989417989418,0.00464576074332172,0.00238408854166668,0.997615911458334,0,1.04243612122118,0.586566155239367,0.109036278620422,-1.06600897970777,177.134109375,1141.39978125
GenGamma-exact,31,21,1e-06,520,3,60,189,34,0.17989417989418,17980,36963993,0.000486419310814175,486.419310814175,34,15460,155,0.00219439783141861,0.17989417989418,0.00433590512019384,0.0251044010416667,0.974895598958333,0,1.13675964893666,0.616666205939391,0.109036278620422,-1.06600897970777,473.50759375,1434.51064583333
K,31,21,1e-06,520,2,60,189,0,0,0,5552,0,0,0,0,189,0,0,0,0.999646744791667,0.000353255208333333,0,NaN,NaN,0.109036278620422,-1.06600897970777,10.4513958333333,250.845609375
Lognormal,31,21,1e-06,520,2,60,189,2,0.0105820105820106,56,37914812,1.47699532309431e-06,1.47699532309431,2,15,187,0.117647058823529,0.0105820105820106,0.0194174757281553,0,1,0,0.330206143049672,0.0234864363882069,0.109036278620422,-1.06600897970777,6.87743489583333,245.439190104167
Weibull,31,21,1e-06,520,2,60,189,141,0.746031746031746,18532,37914812,0.000488779952278281,488.779952278281,141,6020,48,0.0228858951468917,0.746031746031746,0.0444094488188976,0,1,0,3.88409481343037,0.260408799462111,0.109036278620422,-1.06600897970777,8.32878125,246.784513020833
BurrXII,41,27,1e-06,952,3,60,189,31,0.164021164021164,227,22170573,1.02387971659551e-05,10.2387971659551,31,103,158,0.23134328358209,0.164021164021164,0.191950464396285,0.4105728125,0.5894271875,0,5.62501781399278,6.79061673070256,0.109743158004747,-1.07443833748282,348.4837265625,610.031520833333
CA-CFAR,41,27,1e-06,952,0,60,189,31,0.164021164021164,177,37914812,4.66836021763737e-06,4.66836021763737,31,55,158,0.36046511627907,0.164021164021164,0.225454545454545,0,1,0,NaN,NaN,0.109743158004747,-1.07443833748282,0,238.282005208333
G0,41,27,1e-06,952,3,60,189,28,0.148148148148148,235,4547081,5.16815073230497e-05,51.6815073230497,28,85,161,0.247787610619469,0.148148148148148,0.185430463576159,0.870662135416667,0.129337864583333,0,2.97808864780247,4.72803249648022,0.109743158004747,-1.07443833748282,3292.7868125,3644.75601302083
G0-L1,41,27,1e-06,952,2,60,189,0,0,0,4845,0,0,0,0,189,0,0,0,0.999703567708333,0.000296432291666667,0,20.7080570556527,28.9380681444402,0.109743158004747,-1.07443833748282,24.8877161458333,260.640325520833
GenGamma,41,27,1e-06,952,3,60,189,45,0.238095238095238,14148,37823015,0.000374057964443078,374.057964443078,45,12013,144,0.00373196218278321,0.238095238095238,0.00734873846656324,0.0026203125,0.9973796875,0,1.02634049765859,0.429666114197655,0.109743158004747,-1.07443833748282,176.376432291667,1127.86075520833
GenGamma-exact,41,27,1e-06,952,3,60,189,45,0.238095238095238,16298,37048446,0.000439910489093119,439.910489093119,45,14077,144,0.00318651749044045,0.238095238095238,0.00628886870239676,0.0228610677083333,0.977138932291667,0,1.12000898398777,0.446323838593616,0.109743158004747,-1.07443833748282,478.759065104167,1429.85978645833
K,41,27,1e-06,952,2,60,189,0,0,0,4845,0,0,0,0,189,0,0,0,0.999703567708333,0.000296432291666667,0,NaN,NaN,0.109743158004747,-1.07443833748282,15.4206197916667,250.311567708333
Lognormal,41,27,1e-06,952,2,60,189,3,0.0158730158730159,77,37914812,2.03086856925468e-06,2.03086856925468,3,18,186,0.142857142857143,0.0158730158730159,0.0285714285714286,0,1,0,0.331275044844257,0.0177316640733797,0.109743158004747,-1.07443833748282,6.85183072916667,239.772815104167
Weibull,41,27,1e-06,952,2,60,189,151,0.798941798941799,18694,37914812,0.000493052688748661,493.052688748661,151,5681,38,0.0258916323731139,0.798941798941799,0.0501577810994851,0,1,0,3.87155592099442,0.194297881583264,0.109743158004747,-1.07443833748282,8.075296875,241.009575520833
BurrXII,51,41,1e-06,920,3,60,189,53,0.28042328042328,334,22372223,1.49292271939181e-05,14.9292271939181,53,151,136,0.259803921568627,0.28042328042328,0.269720101781171,0.405219973958333,0.594780026041667,0,5.30041653592766,6.5882556753633,0.110423433117789,-1.06777013545029,349.293877604167,615.2759453125
CA-CFAR,51,41,1e-06,920,0,60,189,50,0.264550264550265,408,37914812,1.07609659254014e-05,10.7609659254014,50,85,139,0.37037037037037,0.264550264550265,0.308641975308642,0,1,0,NaN,NaN,0.110423433117789,-1.06777013545029,0,242.832830729167
G0,51,41,1e-06,920,3,60,189,46,0.243386243386243,271,4895120,5.53612577424047e-05,55.3612577424047,46,105,143,0.304635761589404,0.243386243386243,0.270588235294118,0.861488984375,0.138511015625,0,3.2323006521183,5.01703986008612,0.110423433117789,-1.06777013545029,3308.05858854167,3673.77363541667
G0-L1,51,41,1e-06,920,2,60,189,0,0,0,7203,0,0,0,0,189,0,0,0,0.999619479166667,0.000380520833333333,0,21.927310189753,28.9615299046531,0.110423433117789,-1.06777013545029,24.7173333333333,265.12396875
GenGamma,51,41,1e-06,920,3,60,189,79,0.417989417989418,14718,37817842,0.000389181381634626,389.181381634626,79,12061,110,0.00650741350906096,0.417989417989418,0.012815313488523,0.00272901041666666,0.997270989583333,0,1.03923191544702,0.44204542203071,0.110423433117789,-1.06777013545029,178.100200520833,1143.56669010417
GenGamma-exact,51,41,1e-06,920,3,60,189,79,0.417989417989418,16943,37051724,0.000457279666662744,457.279666662744,79,14205,110,0.00553066367964156,0.417989417989418,0.0109168797070407,0.0227059895833333,0.977294010416667,0,1.13339453580072,0.456134658529155,0.110423433117789,-1.06777013545029,477.924205729167,1443.51763802083
K,51,41,1e-06,920,2,60,189,0,0,0,7203,0,0,0,0,189,0,0,0,0.999619479166667,0.000380520833333333,0,NaN,NaN,0.110423433117789,-1.06777013545029,9.7185546875,248.974002604167
Lognormal,51,41,1e-06,920,2,60,189,10,0.0529100529100529,73,37914812,1.92536890331937e-06,1.92536890331937,10,15,179,0.4,0.0529100529100529,0.0934579439252336,0,1,0,0.332298340868495,0.0182344460543223,0.110423433117789,-1.06777013545029,6.60754947916667,244.233625
Weibull,51,41,1e-06,920,2,60,189,174,0.920634920634921,20764,37914812,0.000547648765870183,547.648765870183,174,5984,15,0.0282559272491069,0.920634920634921,0.0548290530959508,0,1,0,3.85967711001012,0.197615057527194,0.110423433117789,-1.06777013545029,8.34553645833333,245.918713541667
BurrXII,61,49,1e-06,1320,3,60,189,69,0.365079365079365,411,22560984,1.82172905224347e-05,18.2172905224347,69,122,120,0.361256544502618,0.365079365079365,0.363157894736842,0.400265755208333,0.599734244791667,0,5.56652349850619,6.64272276986387,0.110639654706373,-1.06152903732262,350.887489583333,619.9283515625
CA-CFAR,61,49,1e-06,1320,0,60,189,63,0.333333333333333,587,37914812,1.54820759760064e-05,15.4820759760064,63,95,126,0.39873417721519,0.333333333333333,0.363112391930836,0,1,0,NaN,NaN,0.110639654706373,-1.06152903732262,0,244.988299479167
G0,61,49,1e-06,1320,3,60,189,63,0.333333333333333,344,5130305,6.70525436596849e-05,67.0525436596849,63,98,126,0.391304347826087,0.333333333333333,0.36,0.855373932291667,0.144626067708333,0,3.38085558013229,3.57262250260002,0.110639654706373,-1.06152903732262,3307.72309114583,3677.79478125
G0-L1,61,49,1e-06,1320,2,60,189,0,0,0,5932,0,0,0,0,189,0,0,0,0.99967484375,0.00032515625,0,24.2000841753103,39.0918690267072,0.110639654706373,-1.06152903732262,25.1653802083333,267.411140625
GenGamma,61,49,1e-06,1320,3,60,189,94,0.497354497354497,14035,37808902,0.000371208875624053,371.208875624053,94,11079,95,0.00841313881679048,0.497354497354497,0.0165463826791058,0.00294697916666666,0.997053020833333,0,1.05013819986012,0.367220464383703,0.110639654706373,-1.06152903732262,173.649591145833,1138.59100520833
GenGamma-exact,61,49,1e-06,1320,3,60,189,93,0.492063492063492,16710,37085378,0.000450581897803495,450.581897803496,93,13625,96,0.00677941390873305,0.492063492063492,0.0133745595743151,0.021805546875,0.978194453125,0,1.14474205448474,0.380336656908066,0.110639654706373,-1.06152903732262,478.110716145833,1448.23770572917
K,61,49,1e-06,1320,2,60,189,0,0,0,5932,0,0,0,0,189,0,0,0,0.99967484375,0.00032515625,0,NaN,NaN,0.110639654706373,-1.06152903732262,9.8377890625,251.084450520833
Lognormal,61,49,1e-06,1320,2,60,189,17,0.0899470899470899,105,37914812,2.76936623080183e-06,2.76936623080183,17,24,172,0.414634146341463,0.0899470899470899,0.147826086956522,0,1,0,0.332623285193766,0.0155161714531265,0.110639654706373,-1.06152903732262,6.71525520833333,246.412934895833
Weibull,61,49,1e-06,1320,2,60,189,181,0.957671957671958,21339,37914812,0.000562814342848383,562.814342848383,181,5865,8,0.0299371485279524,0.957671957671958,0.0580593424218123,0,1,0,3.85591199689274,0.166570278545074,0.110639654706373,-1.06152903732262,8.82699479166667,248.726924479167
BurrXII,71,57,1e-06,1792,3,60,189,79,0.417989417989418,603,22732608,2.65257730217316e-05,26.5257730217316,79,155,110,0.337606837606838,0.417989417989418,0.373522458628842,0.395812552083333,0.604187447916667,0,5.79208426850182,5.9041382207096,0.110824169448695,-1.05298957290805,343.91575,609.122192708333
CA-CFAR,71,57,1e-06,1792,0,60,189,72,0.380952380952381,660,37914812,1.74074448793258e-05,17.4074448793258,72,99,117,0.421052631578947,0.380952380952381,0.4,0,1,0,NaN,NaN,0.110824169448695,-1.05298957290805,0,242.5076796875
G0,71,57,1e-06,1792,3,60,189,73,0.386243386243386,465,5371147,8.65736871472704e-05,86.5736871472704,73,85,116,0.462025316455696,0.386243386243386,0.420749279538905,0.8492871875,0.1507128125,0,3.44750608400209,4.06227273385519,0.110824169448695,-1.05298957290805,3287.4151953125,3661.92930989583
G0-L1,71,57,1e-06,1792,2,60,189,0,0,0,4239,0,0,0,0,189,0,0,0,0.999739869791667,0.000260130208333333,0,36.3617921721328,46.0511850167963,0.110824169448695,-1.05298957290805,23.4743854166667,263.356494791667
GenGamma,71,57,1e-06,1792,3,60,189,109,0.576719576719577,13965,37800405,0.000369440486153521,369.440486153521,109,10541,80,0.0102347417840376,0.576719576719577,0.020112556508903,0.00315736979166667,0.996842630208333,0,1.06820295292636,0.318539040062553,0.110824169448695,-1.05298957290805,170.8473515625,1128.20126822917
GenGamma-exact,71,57,1e-06,1792,3,60,189,108,0.571428571428571,17042,37102835,0.000459318000902087,459.318000902087,108,13396,81,0.00799763033175355,0.571428571428571,0.0157744833126415,0.0213498697916667,0.978650130208333,0,1.16345471661516,0.32783353500139,0.110824169448695,-1.05298957290805,468.268419270833,1430.64026822917
K,71,57,1e-06,1792,2,60,189,0,0,0,4239,0,0,0,0,189,0,0,0,0.999739869791667,0.000260130208333333,0,NaN,NaN,0.110824169448695,-1.05298957290805,9.2625234375,248.22440625
Lognormal,71,57,1e-06,1792,2,60,189,22,0.116402116402116,141,37914812,3.7188632242196e-06,3.7188632242196,22,31,167,0.415094339622642,0.116402116402116,0.181818181818182,0,1,0,0.332900051392152,0.0134740906768306,0.110824169448695,-1.05298957290805,6.58441927083333,244.082869791667
Weibull,71,57,1e-06,1792,2,60,189,181,0.957671957671958,22087,37914812,0.000582542780378286,582.542780378286,181,5786,8,0.0303335009217362,0.957671957671958,0.0588044184535413,0,1,0,3.85271732834803,0.145136832181941,0.110824169448695,-1.05298957290805,8.07946354166667,245.653614583333
BurrXII,81,65,1e-06,2336,3,60,189,93,0.492063492063492,728,22897953,3.17932349673353e-05,31.7932349673353,93,140,96,0.399141630901288,0.492063492063492,0.440758293838863,0.391643046875,0.608356953125,0,4.91096245046534,5.85596812436119,0.110926293226674,-1.05249276558247,352.262684895833,619.377390625
CA-CFAR,81,65,1e-06,2336,0,60,189,78,0.412698412698413,632,37914812,1.66689472177786e-05,16.6689472177786,78,99,111,0.440677966101695,0.412698412698413,0.426229508196721,0,1,0,NaN,NaN,0.110926293226674,-1.05249276558247,0,243.449565104167
G0,81,65,1e-06,2336,3,60,189,78,0.412698412698413,385,5612437,6.85976519647347e-05,68.5976519647348,78,73,111,0.516556291390728,0.412698412698413,0.458823529411765,0.84335046875,0.15664953125,0,3.61395008170128,4.02918464712834,0.110926293226674,-1.05249276558247,3283.33065104167,3661.49181770833
G0-L1,81,65,1e-06,2336,2,60,189,0,0,0,3273,0,0,0,0,189,0,0,0,0.999778932291667,0.000221067708333333,0,30.6233356765926,37.7382530571412,0.110926293226674,-1.05249276558247,24.2769583333333,264.849455729167
GenGamma,81,65,1e-06,2336,3,60,189,122,0.645502645502645,13762,37790408,0.000364166483727828,364.166483727829,122,10109,67,0.0119245430554198,0.645502645502645,0.0234165067178503,0.0034103125,0.9965896875,0,1.06912795198773,0.28599619425974,0.110926293226674,-1.05249276558247,170.225072916667,1127.122953125
GenGamma-exact,81,65,1e-06,2336,3,60,189,122,0.645502645502645,17382,37119067,0.000468276856204387,468.276856204387,122,13345,67,0.00905918170342318,0.645502645502645,0.017867603983597,0.020927890625,0.979072109375,0,1.16441362612749,0.290688339772021,0.110926293226674,-1.05249276558247,481.180294270833,1444.2139375
K,81,65,1e-06,2336,2,60,189,0,0,0,3273,0,0,0,0,189,0,0,0,0.999778932291667,0.000221067708333333,0,NaN,NaN,0.110926293226674,-1.05249276558247,9.16125,248.8108828125
Lognormal,81,65,1e-06,2336,2,60,189,27,0.142857142857143,184,37914812,4.85298463302416e-06,4.85298463302416,27,34,162,0.442622950819672,0.142857142857143,0.216,0,1,0,0.333053356004506,0.0120115427556151,0.110926293226674,-1.05249276558247,6.34705208333333,244.431361979167
Weibull,81,65,1e-06,2336,2,60,189,182,0.962962962962963,22753,37914812,0.000600108474756515,600.108474756515,182,5707,7,0.0309050772626932,0.962962962962963,0.0598881210924646,0,1,0,3.85094490884055,0.128384842199763,0.110926293226674,-1.05249276558247,9.0183515625,247.187380208333
BurrXII,91,73,1e-06,2952,3,60,189,101,0.534391534391534,742,23024253,3.22268870134462e-05,32.2268870134462,101,174,88,0.367272727272727,0.534391534391534,0.435344827586207,0.388581119791667,0.611418880208333,0,4.6042723592477,5.28728261440035,0.11098521737365,-1.05118857213264,355.4051796875,629.899513020833
CA-CFAR,91,73,1e-06,2952,0,60,189,89,0.470899470899471,568,37914812,1.49809525628137e-05,14.9809525628137,89,101,100,0.468421052631579,0.470899470899471,0.469656992084433,0,1,0,NaN,NaN,0.11098521737365,-1.05118857213264,0,251.410291666667
G0,91,73,1e-06,2952,3,60,189,81,0.428571428571429,400,5840177,6.84910748424234e-05,68.4910748424234,81,74,108,0.52258064516129,0.428571428571429,0.47093023255814,0.837787317708333,0.162212682291667,0,3.82074919982782,4.00539248081427,0.11098521737365,-1.05118857213264,3239.88824479167,3634.30070833333
G0-L1,91,73,1e-06,2952,2,60,189,0,0,0,3063,0,0,0,0,189,0,0,0,0.999816276041667,0.000183723958333333,0,25.7456361596839,31.1109213460434,0.11098521737365,-1.05118857213264,25.1007890625,273.254380208333
GenGamma,91,73,1e-06,2952,3,60,189,131,0.693121693121693,13683,37783033,0.000362146681024787,362.146681024787,131,9875,58,0.0130921447131721,0.693121693121693,0.0256988719960765,0.00361752604166667,0.996382473958333,0,1.07167175823756,0.258335642082335,0.11098521737365,-1.05118857213264,174.341622395833,1137.60596614583
GenGamma-exact,91,73,1e-06,2952,3,60,189,131,0.693121693121693,17278,37128193,0.000465360649251096,465.360649251096,131,13164,58,0.00985332831891689,0.693121693121693,0.0194304360723821,0.0207059635416667,0.979294036458333,0,1.16704879169121,0.263507042252568,0.11098521737365,-1.05118857213264,465.4387421875,1444.05236458333
K,91,73,1e-06,2952,2,60,189,0,0,0,3063,0,0,0,0,189,0,0,0,0.999816276041667,0.000183723958333333,0,NaN,NaN,0.11098521737365,-1.05118857213264,9.12388802083333,256.327963541667
Lognormal,91,73,1e-06,2952,2,60,189,28,0.148148148148148,195,37914812,5.14310871434626e-06,5.14310871434626,28,32,161,0.466666666666667,0.148148148148148,0.224899598393574,0,1,0,0.33314156050009,0.0107589267587573,0.11098521737365,-1.05118857213264,6.63875,252.392653645833
Weibull,91,73,1e-06,2952,2,60,189,181,0.957671957671958,23281,37914812,0.000614034430659975,614.034430659975,181,5734,8,0.0306001690617075,0.957671957671958,0.059305373525557,0,1,0,3.8499309241617,0.116589695949014,0.11098521737365,-1.05118857213264,8.03411458333333,253.63171875
BurrXII,101,73,1e-06,4872,3,60,189,89,0.470899470899471,723,23111640,3.12829379481508e-05,31.2829379481508,89,164,100,0.351778656126482,0.470899470899471,0.402714932126697,0.386390989583333,0.613609010416667,0,3.95640212744837,4.45561341468358,0.111003394946781,-1.05401158936635,345.71096875,633.985890625
CA-CFAR,101,73,1e-06,4872,0,60,189,83,0.439153439153439,516,37914812,1.36094569056547e-05,13.6094569056547,83,109,106,0.432291666666667,0.439153439153439,0.435695538057743,0,1,0,NaN,NaN,0.111003394946781,-1.05401158936635,0,265.96396875
G0,101,73,1e-06,4872,3,60,189,75,0.396825396825397,351,6034126,5.81691532460542e-05,58.1691532460542,75,77,114,0.493421052631579,0.396825396825397,0.439882697947214,0.832857421875,0.167142578125,0,4.16725395999812,4.15448152034619,0.111003394946781,-1.05401158936635,3237.44992447917,3646.8132578125
G0-L1,101,73,1e-06,4872,2,60,189,0,0,0,2450,0,0,0,0,189,0,0,0,0.999861796875,0.000138203125,0,15.8371119441564,23.0352080976059,0.111003394946781,-1.05401158936635,24.9596380208333,287.840096354167
GenGamma,101,73,1e-06,4872,3,60,189,128,0.677248677248677,13251,37773082,0.00035080536981335,350.80536981335,128,9474,61,0.0133305561341387,0.677248677248677,0.026146461035645,0.00384684895833333,0.996153151041667,0,1.06612373130115,0.205346621438294,0.111003394946781,-1.05401158936635,175.590283854167,1148.5155390625
GenGamma-exact,101,73,1e-06,4872,3,60,189,128,0.677248677248677,16836,37137239,0.000453345495070326,453.345495070326,128,12658,61,0.0100109494759894,0.677248677248677,0.0197302504816956,0.020437109375,0.979562890625,0,1.16130039276848,0.20917345458784,0.111003394946781,-1.05401158936635,466.45959375,1448.051375
K,101,73,1e-06,4872,2,60,189,0,0,0,2450,0,0,0,0,189,0,0,0,0.999861796875,0.000138203125,0,NaN,NaN,0.111003394946781,-1.05401158936635,8.88680729166667,270.476278645833
Lognormal,101,73,1e-06,4872,2,60,189,27,0.142857142857143,211,37914812,5.56510737808749e-06,5.56510737808749,27,30,162,0.473684210526316,0.142857142857143,0.219512195121951,0,1,0,0.333169210293858,0.00856041806603747,0.111003394946781,-1.05401158936635,6.7293984375,267.1804765625
Weibull,101,73,1e-06,4872,2,60,189,180,0.952380952380952,23213,37914812,0.000612240936339075,612.240936339075,180,5600,9,0.0311418685121107,0.952380952380952,0.0603116099849221,0,1,0,3.84960288239972,0.0930492942571284,0.111003394946781,-1.05401158936635,8.39821875,269.034114583333
BurrXII,111,79,1e-06,6080,3,60,189,79,0.417989417989418,879,23205339,3.78792139171076e-05,37.8792139171076,79,195,110,0.288321167883212,0.417989417989418,0.341252699784017,0.3841278125,0.6158721875,0,3.96960727525243,4.05985172887076,0.11102570698336,-1.05262501155101,346.5296015625,626.416109375
CA-CFAR,111,79,1e-06,6080,0,60,189,81,0.428571428571429,518,37914812,1.36622067386224e-05,13.6622067386224,81,121,108,0.400990099009901,0.428571428571429,0.414322250639386,0,1,0,NaN,NaN,0.11102570698336,-1.05262501155101,0,258.337880208333
G0,111,79,1e-06,6080,3,60,189,74,0.391534391534392,451,6238563,7.22922891056803e-05,72.2922891056803,74,83,115,0.471337579617834,0.391534391534392,0.427745664739884,0.827848177083333,0.172151822916667,0,4.40169442471024,4.43882719211046,0.11102570698336,-1.05262501155101,3190.1913828125,3596.97304166667
G0-L1,111,79,1e-06,6080,2,60,189,0,0,0,1744,0,0,0,0,189,0,0,0,0.99989484375,0.00010515625,0,53.6941837705077,34.6476052061009,0.11102570698336,-1.05262501155101,24.242578125,279.537497395833
GenGamma,111,79,1e-06,6080,3,60,189,128,0.677248677248677,13592,37765435,0.000359905823936624,359.905823936624,128,9413,61,0.0134157845089613,0.677248677248677,0.0263103802672148,0.004024296875,0.995975703125,0,1.06884572733267,0.185521623858735,0.11102570698336,-1.05262501155101,172.872973958333,1136.1593046875
GenGamma-exact,111,79,1e-06,6080,3,60,189,128,0.677248677248677,17248,37140340,0.000464400702847631,464.400702847631,128,12634,61,0.0100297758971948,0.677248677248677,0.0197668133734847,0.0203307291666667,0.979669270833333,0,1.16412057668997,0.190584246238796,0.11102570698336,-1.05262501155101,467.728791666667,1446.96091666667
K,111,79,1e-06,6080,2,60,189,0,0,0,1744,0,0,0,0,189,0,0,0,0.99989484375,0.00010515625,0,NaN,NaN,0.11102570698336,-1.05262501155101,9.349671875,263.3284609375
Lognormal,111,79,1e-06,6080,2,60,189,35,0.185185185185185,294,37914812,7.75422544624512e-06,7.75422544624513,35,29,154,0.546875,0.185185185185185,0.276679841897233,0,1,0,0.333202714602314,0.00778008052890897,0.11102570698336,-1.05262501155101,6.78026041666667,259.462822916667
Weibull,111,79,1e-06,6080,2,60,189,177,0.936507936507937,24149,37914812,0.000636927858167937,636.927858167937,177,5566,12,0.0308201288525161,0.936507936507937,0.0596763317599461,0,1,0,3.84921528862898,0.0845880100676153,0.11102570698336,-1.05262501155101,8.44864322916667,260.944018229167
BurrXII,121,87,1e-06,7072,3,60,189,78,0.412698412698413,1012,23289644,4.34527895746281e-05,43.4527895746281,78,228,111,0.254901960784314,0.412698412698413,0.315151515151515,0.382088125,0.617911875,0,3.96018091878875,3.99034436368988,0.111088066628716,-1.05009237318315,353.484890625,640.1942421875
CA-CFAR,121,87,1e-06,7072,0,60,189,88,0.465608465608466,557,37914812,1.46908284814916e-05,14.6908284814916,88,147,101,0.374468085106383,0.465608465608466,0.415094339622641,0,1,0,NaN,NaN,0.111088066628716,-1.05009237318315,0,264.0190625
G0,121,87,1e-06,7072,3,60,189,65,0.343915343915344,542,6428370,8.43137529420366e-05,84.3137529420366,65,82,124,0.442176870748299,0.343915343915344,0.386904761904762,0.823184244791667,0.176815755208333,0,4.65345126804897,5.03723107443295,0.111088066628716,-1.05009237318315,3211.62321875,3633.11018229167
G0-L1,121,87,1e-06,7072,2,60,189,0,0,0,684,0,0,0,0,189,0,0,0,0.999922760416667,7.72395833333333e-05,0,22.9482190586103,45.0401928821252,0.111088066628716,-1.05009237318315,23.4212994791667,284.222932291667
GenGamma,121,87,1e-06,7072,3,60,189,127,0.671957671957672,14149,37761222,0.000374696560402627,374.696560402627,127,9310,62,0.0134576666313447,0.671957671957672,0.026386868896738,0.00414106770833333,0.995858932291667,0,1.07378799325085,0.174957273245451,0.111088066628716,-1.05009237318315,170.2943359375,1144.31008854167
GenGamma-exact,121,87,1e-06,7072,3,60,189,127,0.671957671957672,17754,37147892,0.000477927522778412,477.927522778412,127,12468,62,0.0100833664152441,0.671957671957672,0.0198685857321652,0.0201554947916667,0.979844505208333,0,1.16923817669525,0.178941279028214,0.111088066628716,-1.05009237318315,468.874140625,1448.11219010417
K,121,87,1e-06,7072,2,60,189,0,0,0,684,0,0,0,0,189,0,0,0,0.999922760416667,7.72395833333333e-05,0,NaN,NaN,0.111088066628716,-1.05009237318315,9.1078515625,269.10978125
Lognormal,121,87,1e-06,7072,2,60,189,36,0.19047619047619,418,37914812,1.10247150902397e-05,11.0247150902397,36,31,153,0.537313432835821,0.19047619047619,0.28125,0,1,0,0.333296109488098,0.0072952482857645,0.111088066628716,-1.05009237318315,6.67268229166667,265.39115625
Weibull,121,87,1e-06,7072,2,60,189,176,0.931216931216931,25462,37914812,0.000671558123511202,671.558123511202,176,5735,13,0.0297749957705972,0.931216931216931,0.0577049180327869,0,1,0,3.84814052697079,0.0812057037604972,0.111088066628716,-1.05009237318315,7.95121354166667,266.48628125
BurrXII,131,93,1e-06,8512,3,60,189,77,0.407407407407407,1116,23361292,4.77713304555245e-05,47.7713304555245,77,224,112,0.255813953488372,0.407407407407407,0.314285714285714,0.38031484375,0.61968515625,0,4.0201588529296,3.90414190059698,0.111117964331022,-1.04949402660091,355.113544270833,641.627588541667
CA-CFAR,131,93,1e-06,8512,0,60,189,88,0.465608465608466,636,37914812,1.67744468837139e-05,16.7744468837139,88,167,101,0.345098039215686,0.465608465608466,0.396396396396396,0,1,0,NaN,NaN,0.111117964331022,-1.04949402660091,0,264.40053125
G0,131,93,1e-06,8512,3,60,189,51,0.26984126984127,618,6599389,9.36450328962272e-05,93.6450328962272,51,77,138,0.3984375,0.26984126984127,0.321766561514196,0.818924453125,0.181075546875,0,4.90284878577154,5.02343788191815,0.111117964331022,-1.04949402660091,3200.38407291667,3622.8933203125
G0-L1,131,93,1e-06,8512,2,60,189,0,0,0,530,0,0,0,0,189,0,0,0,0.999923697916666,7.63020833333333e-05,0,55.017925124826,80.7781528842036,0.111117964331022,-1.04949402660091,24.1944505208333,285.303192708333
GenGamma,131,93,1e-06,8512,3,60,189,133,0.703703703703704,14680,37753960,0.000388833383306016,388.833383306016,133,9252,56,0.0141715503462973,0.703703703703704,0.0277835805306037,0.00433078125,0.99566921875,0,1.07483138146211,0.163254873167702,0.111117964331022,-1.04949402660091,169.192114583333,1145.030203125
GenGamma-exact,131,93,1e-06,8512,3,60,189,133,0.703703703703704,18325,37148701,0.000493287773373287,493.287773373287,133,12387,56,0.0106230031948882,0.703703703703704,0.02093004957117,0.0201377083333333,0.979862291666667,0,1.17031722120937,0.16994202148161,0.111117964331022,-1.04949402660091,461.353153645833,1439.25264583333
K,131,93,1e-06,8512,2,60,189,0,0,0,530,0,0,0,0,189,0,0,0,0.999923697916666,7.63020833333333e-05,0,NaN,NaN,0.111117964331022,-1.04949402660091,8.93294010416667,269.04921875
Lognormal,131,93,1e-06,8512,2,60,189,36,0.19047619047619,537,37914812,1.41633301518151e-05,14.1633301518151,36,34,153,0.514285714285714,0.19047619047619,0.277992277992278,0,1,0,0.333340962173588,0.00687846992235158,0.111117964331022,-1.04949402660091,6.4959296875,265.601520833333
Weibull,131,93,1e-06,8512,2,60,189,177,0.936507936507937,26408,37914812,0.000696508794504902,696.508794504902,177,5850,12,0.0293678446988552,0.936507936507937,0.0569498069498069,0,1,0,3.84762262842018,0.0753110054425732,0.111117964331022,-1.04949402660091,8.06684375,266.9495234375
BurrXII,141,101,1e-06,9680,3,60,189,73,0.386243386243386,1145,23444506,4.88387343286312e-05,48.8387343286312,73,241,116,0.232484076433121,0.386243386243386,0.290258449304175,0.378237473958333,0.621762526041667,0,3.98541007762658,3.60475177449333,0.111144159290776,-1.04817420394579,345.172450520833,637.8383046875
CA-CFAR,141,101,1e-06,9680,0,60,189,89,0.470899470899471,704,37914812,1.85679412046142e-05,18.5679412046142,89,163,100,0.353174603174603,0.470899470899471,0.403628117913832,0,1,0,NaN,NaN,0.111144159290776,-1.04817420394579,0,271.004627604167
G0,141,101,1e-06,9680,3,60,189,47,0.248677248677249,851,6770014,0.000125701364871624,125.701364871624,47,87,142,0.350746268656716,0.248677248677249,0.291021671826625,0.814636354166667,0.185363645833333,0,4.98864743092575,5.62024412061368,0.111144159290776,-1.04817420394579,3226.04799479167,3658.9191875
G0-L1,141,101,1e-06,9680,2,60,189,0,0,0,869,0,0,0,0,189,0,0,0,0.999928151041667,7.18489583333333e-05,0,36.1613209427938,49.0325208256847,0.111144159290776,-1.04817420394579,24.350875,292.311705729167
GenGamma,141,101,1e-06,9680,3,60,189,134,0.708994708994709,15409,37748971,0.00040819655719887,408.19655719887,134,9200,55,0.0143561174201843,0.708994708994709,0.0281423921033288,0.00444533854166667,0.995554661458333,0,1.07723593361526,0.157803904005845,0.111144159290776,-1.04817420394579,172.232388020833,1155.991203125
GenGamma-exact,141,101,1e-06,9680,3,60,189,134,0.708994708994709,19020,37154402,0.000511917807208955,511.917807208955,134,12326,55,0.0107544141252006,0.708994708994709,0.0211874456478773,0.019982265625,0.980017734375,0,1.17280633527707,0.163176529329988,0.111144159290776,-1.04817420394579,470.678825520833,1454.83582552083
K,141,101,1e-06,9680,2,60,189,0,0,0,869,0,0,0,0,189,0,0,0,0.999928151041667,7.18489583333333e-05,0,NaN,NaN,0.111144159290776,-1.04817420394579,8.7802421875,275.885302083333
Lognormal,141,101,1e-06,9680,2,60,189,38,0.201058201058201,665,37914812,1.75393194617449e-05,17.5393194617449,38,43,151,0.469135802469136,0.201058201058201,0.281481481481481,0,1,0,0.333380214647127,0.00641243676214631,0.111144159290776,-1.04817420394579,6.67722395833333,272.394385416667
Weibull,141,101,1e-06,9680,2,60,189,176,0.931216931216931,27235,37914812,0.000718320850437027,718.320850437027,176,5940,13,0.0287769784172662,0.931216931216931,0.0558287073750991,0,1,0,3.8471704398392,0.0713468633678336,0.111144159290776,-1.04817420394579,8.58178645833333,274.311989583333
BurrXII,151,109,1e-06,10920,3,60,189,75,0.396825396825397,1093,23520473,4.64701538952894e-05,46.4701538952894,75,250,114,0.230769230769231,0.396825396825397,0.291828793774319,0.37631734375,0.62368265625,0,3.97160729986746,3.68297300905567,0.111175097190195,-1.04516846959985,347.8101796875,644.496856770833
CA-CFAR,151,109,1e-06,10920,0,60,189,89,0.470899470899471,778,37914812,2.05196850244174e-05,20.5196850244174,89,173,100,0.33969465648855,0.470899470899471,0.394678492239468,0,1,0,NaN,NaN,0.111175097190195,-1.04516846959985,0,274.4203984375
G0,151,109,1e-06,10920,3,60,189,47,0.248677248677249,994,6928643,0.000143462435573604,143.462435573604,47,96,142,0.328671328671329,0.248677248677249,0.283132530120482,0.810588255208333,0.189411744791667,0,5.20336320670473,6.39279337964907,0.111175097190195,-1.04516846959985,3218.57566666667,3658.94297395833
G0-L1,151,109,1e-06,10920,2,60,189,0,0,0,1154,0,0,0,0,189,0,0,0,0.999934453125,6.5546875e-05,0,39.2636205438064,63.2903767782473,0.111175097190195,-1.04516846959985,23.8949348958333,295.151606770833
GenGamma,151,109,1e-06,10920,3,60,189,136,0.71957671957672,16149,37739689,0.00042790495703343,427.90495703343,136,9219,53,0.014537680384821,0.71957671957672,0.0284995808885163,0.00468005208333333,0.995319947916667,0,1.08309558260832,0.151919722978525,0.111175097190195,-1.04516846959985,167.306697916667,1152.38403385417
GenGamma-exact,151,109,1e-06,10920,3,60,189,136,0.71957671957672,19569,37151361,0.000526737095849598,526.737095849598,136,12236,53,0.0109925638538636,0.71957671957672,0.0216543268848022,0.0200646614583333,0.979935338541667,0,1.17886901604803,0.157006736403111,0.111175097190195,-1.04516846959985,458.185546875,1454.27301302083
K,151,109,1e-06,10920,2,60,189,0,0,0,1154,0,0,0,0,189,0,0,0,0.999934453125,6.5546875e-05,0,NaN,NaN,0.111175097190195,-1.04516846959985,9.090234375,279.463708333333
Lognormal,151,109,1e-06,10920,2,60,189,40,0.211640211640212,760,37914812,2.00449365277085e-05,20.0449365277085,40,46,149,0.465116279069767,0.211640211640212,0.290909090909091,0,1,0,0.333426402739631,0.00609989824525006,0.111175097190195,-1.04516846959985,6.6401953125,275.77840625
Weibull,151,109,1e-06,10920,2,60,189,176,0.931216931216931,28190,37914812,0.000743508895679082,743.508895679082,176,6096,13,0.0280612244897959,0.931216931216931,0.0544807305370686,0,1,0,3.84664231353684,0.0683133650983136,0.111175097190195,-1.04516846959985,8.08742447916667,277.255005208333
BurrXII,11,7,1e-05,72,3,60,189,11,0.0582010582010582,879,23955606,3.6692872641168e-05,3.6692872641168,11,685,178,0.0158045977011494,0.0582010582010582,0.0248587570621469,0.3655140625,0.6344859375,0,2.68585903666822,2.71573363259371,0.104938521661552,-0.906523767223446,401.539520833333,656.212354166667
CA-CFAR,11,7,1e-05,72,0,60,189,0,0,169,37914812,4.45736088576676e-06,0.445736088576676,0,87,189,0,0,0,0,1,0,NaN,NaN,0.104938521661552,-0.906523767223446,0,228.61296875
G0,11,7,1e-05,72,3,60,189,5,0.0264550264550265,572,9221922,6.20261155971608e-05,6.20261155971608,5,394,184,0.012531328320802,0.0264550264550265,0.0170068027210884,0.751784609375,0.248215390625,0,23.3820520614964,36.9997516818164,0.104938521661552,-0.906523767223446,3617.66344010417,4064.96922395833
G0-L1,11,7,1e-05,72,2,60,189,0,0,0,8634,0,0,0,0,189,0,0,0,0.999623255208334,0.000376744791666667,0,11.7192027389917,19.5134049326716,0.104938521661552,-0.906523767223446,26.8001979166667,253.405989583333
GenGamma,11,7,1e-05,72,3,60,189,57,0.301587301587302,67526,37789598,0.00178689384311524,178.689384311524,57,56756,132,0.00100329150018482,0.301587301587302,0.00199992982702361,0.00356489583333333,0.996435104166667,0,1.42906403729865,1.98806171628167,0.104938521661552,-0.906523767223446,177.138572916667,1187.533203125
GenGamma-exact,11,7,1e-05,72,3,60,189,53,0.28042328042328,47255,35424348,0.00133396950594546,133.396950594546,53,40906,136,0.001293976903733,0.28042328042328,0.00257606688052882,0.0655454166666667,0.934454583333333,0,1.59565067981513,2.02778398743765,0.104938521661552,-0.906523767223446,459.757653645833,1405.29708072917
K,11,7,1e-05,72,2,60,189,0,0,0,8634,0,0,0,0,189,0,0,0,0.999623255208334,0.000376744791666667,0,NaN,NaN,0.104938521661552,-0.906523767223446,12.1581822916667,455.992565104167
Lognormal,11,7,1e-05,72,2,60,189,7,0.037037037037037,417,37914812,1.09983401737558e-05,1.09983401737558,7,223,182,0.0304347826086957,0.037037037037037,0.0334128878281623,0,1,0,0.323942110104476,0.0602730594877019,0.104938521661552,-0.906523767223446,6.91654427083333,229.68015625
Weibull,11,7,1e-05,72,2,60,189,96,0.507936507936508,40933,37914812,0.00107960445643249,107.960445643249,96,22550,93,0.00423915923341871,0.507936507936508,0.00840814539084738,0,1,0,3.95919569756121,0.699250557217516,0.104938521661552,-0.906523767223446,8.7406015625,231.880885416667
BurrXII,15,11,1e-05,104,3,60,189,10,0.0529100529100529,782,23065297,3.39037472615245e-05,3.39037472615245,10,538,179,0.0182481751824818,0.0529100529100529,0.0271370420624152,0.388277473958333,0.611722526041667,0,2.91500773642638,3.2837810232862,0.106784567694326,-0.946225814322558,379.166893229167,646.891481770833
CA-CFAR,15,11,1e-05,104,0,60,189,3,0.0158730158730159,287,37914812,7.56960103085834e-06,0.756960103085834,3,136,186,0.0215827338129496,0.0158730158730159,0.0182926829268293,0,1,0,NaN,NaN,0.106784567694326,-0.946225814322558,0,241.25978125
G0,15,11,1e-05,104,3,60,189,7,0.037037037037037,625,7764771,8.04917492093456e-05,8.04917492093456,7,393,182,0.0175,0.037037037037037,0.0237691001697793,0.788859010416667,0.211140989583333,0,26.6817507780678,45.4123808803809,0.106784567694326,-0.946225814322558,3463.04184114583,3893.68566666667
G0-L1,15,11,1e-05,104,2,60,189,0,0,0,8108,0,0,0,0,189,0,0,0,0.999559973958333,0.000440026041666667,0,11.3807459938127,18.1420092733577,0.106784567694326,-0.946225814322558,25.8737994791667,265.591153645833
GenGamma,15,11,1e-05,104,3,60,189,42,0.222222222222222,60304,37830402,0.00159406183418299,159.406183418299,42,50330,147,0.000833796553640912,0.222222222222222,0.00166135954589506,0.00247018229166666,0.997529817708333,0,1.31628785683209,1.56375036937835,0.106784567694326,-0.946225814322558,182.02859375,1197.98510416667
GenGamma-exact,15,11,1e-05,104,3,60,189,37,0.195767195767196,47185,35992858,0.0013109545232557,131.09545232557,37,40644,152,0.000909515498635727,0.195767195767196,0.0018106190359677,0.050591484375,0.949408515625,0,1.43004641393633,1.60797754295036,0.106784567694326,-0.946225814322558,459.4249453125,1438.34902083333
K,15,11,1e-05,104,2,60,189,0,0,0,8108,0,0,0,0,189,0,0,0,0.999559973958333,0.000440026041666667,0,NaN,NaN,0.106784567694326,-0.946225814322558,10.8574296875,249.019783854167
Lognormal,15,11,1e-05,104,2,60,189,4,0.0211640211640212,310,37914812,8.17622410998636e-06,0.817622410998636,4,153,185,0.0254777070063694,0.0211640211640212,0.023121387283237,0,1,0,0.326778938543229,0.0507669837582641,0.106784567694326,-0.946225814322558,6.86997395833333,243.316953125
Weibull,15,11,1e-05,104,2,60,189,129,0.682539682539683,37625,37914812,0.000992356232703989,99.2356232703989,129,18055,60,0.00709414870215574,0.682539682539683,0.0140423447450063,0,1,0,3.92482744786653,0.582178267563871,0.106784567694326,-0.946225814322558,8.48813020833334,245.428052083333
BurrXII,17,13,1e-05,120,3,60,189,8,0.0423280423280423,793,22782627,3.4807223943051e-05,3.4807223943051,8,505,181,0.0155945419103314,0.0423280423280423,0.0227920227920228,0.395470494791667,0.604529505208333,0,3.05994703659689,3.4035228822435,0.107254902632758,-0.963263827290802,375.404091145833,626.2482109375
CA-CFAR,17,13,1e-05,120,0,60,189,4,0.0211640211640212,323,37914812,8.51909802427611e-06,0.85190980242761,4,136,185,0.0285714285714286,0.0211640211640212,0.0243161094224924,0,1,0,NaN,NaN,0.107254902632758,-0.963263827290802,0,225.943091145833
G0,17,13,1e-05,120,3,60,189,10,0.0529100529100529,616,7272646,8.47009465330775e-05,8.47009465330775,10,374,179,0.0260416666666667,0.0529100529100529,0.0349040139616056,0.801336328125,0.198663671875,0,27.7170709519684,47.4557304252481,0.107254902632758,-0.963263827290802,3495.763265625,3900.90611458333
G0-L1,17,13,1e-05,120,2,60,189,0,0,0,8222,0,0,0,0,189,0,0,0,0.999522760416667,0.000477239583333333,0,10.9580077319186,18.1830346251835,0.107254902632758,-0.963263827290802,26.1724088541667,250.663140625
GenGamma,17,13,1e-05,120,3,60,189,37,0.195767195767196,55981,37835491,0.00147958962657575,147.958962657575,37,46835,152,0.000789383853899983,0.195767195767196,0.00157242727523852,0.00233617187500001,0.997663828125,0,1.27074148355253,1.44352956639652,0.107254902632758,-0.963263827290802,174.547244791667,1159.29072135417
GenGamma-exact,17,13,1e-05,120,3,60,189,34,0.17989417989418,45799,36178914,0.00126590311693712,126.590311693712,34,39405,155,0.000862090823803849,0.17989417989418,0.00171595841324316,0.045698828125,0.954301171875,0,1.37691043618916,1.48945640590018,0.107254902632758,-0.963263827290802,466.2807265625,1419.8241171875
K,17,13,1e-05,120,2,60,189,0,0,0,8222,0,0,0,0,189,0,0,0,0.999522760416667,0.000477239583333333,0,NaN,NaN,0.107254902632758,-0.963263827290802,11.0061770833333,233.738122395833
Lognormal,17,13,1e-05,120,2,60,189,5,0.0264550264550265,279,37914812,7.35860169898772e-06,0.735860169898772,5,128,184,0.037593984962406,0.0264550264550265,0.031055900621118,0,1,0,0.327497603478077,0.0472656221105979,0.107254902632758,-0.963263827290802,6.47450260416667,227.068541666667
Weibull,17,13,1e-05,120,2,60,189,137,0.724867724867725,36810,37914812,0.00097086067576967,97.086067576967,137,16677,52,0.00814797192815511,0.724867724867725,0.0161148032700112,0,1,0,3.91621946356527,0.541948620069244,0.107254902632758,-0.963263827290802,7.93872395833333,228.685776041667
BurrXII,21,15,1e-05,216,3,60,189,13,0.0687830687830688,589,21920774,2.68694891886573e-05,2.68694891886573,13,349,176,0.0359116022099447,0.0687830687830688,0.0471869328493648,0.417703333333333,0.582296666666667,0,3.81845884259573,4.75973570938385,0.108167498172672,-1.0200093248858,353.547442708333,608.0677734375
CA-CFAR,21,15,1e-05,216,0,60,189,11,0.0582010582010582,377,37914812,9.94334351440276e-06,0.994334351440276,11,133,178,0.0763888888888889,0.0582010582010582,0.0660660660660661,0,1,0,NaN,NaN,0.108167498172672,-1.0200093248858,0,230.700703125
G0,21,15,1e-05,216,3,60,189,18,0.0952380952380952,548,5451580,0.000100521316755876,10.0521316755876,18,262,171,0.0642857142857143,0.0952380952380952,0.0767590618336887,0.848317239583333,0.151682760416667,0,35.0905701040101,64.8008252645065,0.108167498172672,-1.0200093248858,3420.378859375,3786.87895572917
G0-L1,21,15,1e-05,216,2,60,189,0,0,0,6339,0,0,0,0,189,0,0,0,0.999582942708333,0.000417057291666667,0,13.7844098545925,21.2121687018737,0.108167498172672,-1.0200093248858,26.3593151041667,255.4451953125
GenGamma,21,15,1e-05,216,3,60,189,35,0.185185185185185,40987,37841887,0.00108311194946489,108.311194946489,35,33939,154,0.00103019956437276,0.185185185185185,0.00204900038052864,0.002167578125,0.997832421875,0,1.13766805361489,1.0214013403839,0.108167498172672,-1.0200093248858,174.9217265625,1142.181390625
GenGamma-exact,21,15,1e-05,216,3,60,189,33,0.174603174603175,37059,36667301,0.00101068251519249,101.068251519249,33,31329,156,0.00105222881193801,0.174603174603175,0.00209185128839023,0.032916484375,0.967083515625,0,1.23747697545176,1.06444127370983,0.108167498172672,-1.0200093248858,475.497635416667,1428.53906510417
K,21,15,1e-05,216,2,60,189,0,0,0,6339,0,0,0,0,189,0,0,0,0.999582942708333,0.000417057291666667,0,NaN,NaN,0.108167498172672,-1.0200093248858,11.15103125,238.592973958333
Lognormal,21,15,1e-05,216,2,60,189,2,0.0105820105820106,211,37914812,5.56510737808749e-06,0.556510737808749,2,89,187,0.021978021978022,0.0105820105820106,0.0142857142857143,0,1,0,0.328888275147962,0.0358046981281553,0.108167498172672,-1.0200093248858,6.5767109375,232.037270833333
Weibull,21,15,1e-05,216,2,60,189,134,0.708994708994709,32309,37914812,0.000852147176675965,85.2147176675965,134,12831,55,0.0103355187042036,0.708994708994709,0.0203740307130911,0,1,0,3.89965205420419,0.402700992901659,0.108167498172672,-1.0200093248858,8.22976822916667,233.703354166667
BurrXII,31,21,1e-05,520,3,60,189,24,0.126984126984127,556,21937618,2.53445930182575e-05,2.53445930182575,24,283,165,0.0781758957654723,0.126984126984127,0.0967741935483871,0.416839765625,0.583160234375,0,5.19052884456132,6.29112541470277,0.109036278620422,-1.06600897970777,352.0445859375,618.723513020833
CA-CFAR,31,21,1e-05,520,0,60,189,37,0.195767195767196,484,37914812,1.27654595781722e-05,1.27654595781722,37,166,152,0.182266009852217,0.195767195767196,0.188775510204082,0,1,0,NaN,NaN,0.109036278620422,-1.06600897970777,0,244.0746875
G0,31,21,1e-05,520,3,60,189,25,0.132275132275132,393,4462993,8.80574986337644e-05,8.80574986337644,25,186,164,0.118483412322275,0.132275132275132,0.125,0.873276484375,0.126723515625,0,5.47690596032312,21.373463295378,0.109036278620422,-1.06600897970777,3346.92590625,3699.3300234375
G0-L1,31,21,1e-05,520,2,60,189,0,0,0,5552,0,0,0,0,189,0,0,0,0.999646744791667,0.000353255208333333,0,20.3773746987009,28.5820802103769,0.109036278620422,-1.06600897970777,25.7869947916667,267.5198515625
GenGamma,31,21,1e-05,520,3,60,189,41,0.216931216931217,28197,37832947,0.000745302764809731,74.530276480973,41,23824,148,0.00171799706683428,0.216931216931217,0.00340899642471107,0.00238408854166668,0.997615911458334,0,1.04243612122118,0.586566155239367,0.109036278620422,-1.06600897970777,177.134109375,1148.32797916667
GenGamma-exact,31,21,1e-05,520,3,60,189,42,0.222222222222222,27452,36963993,0.000742668683007271,74.2668683007271,42,23353,147,0.00179525539645223,0.222222222222222,0.00356173677069199,0.0251044010416667,0.974895598958333,0,1.13675964893666,0.616666205939391,0.109036278620422,-1.06600897970777,473.50759375,1434.75510677083
K,31,21,1e-05,520,2,60,189,0,0,0,5552,0,0,0,0,189,0,0,0,0.999646744791667,0.000353255208333333,0,NaN,NaN,0.109036278620422,-1.06600897970777,10.4513958333333,250.817669270833
Lognormal,31,21,1e-05,520,2,60,189,5,0.0264550264550265,189,37914812,4.98485921544329e-06,0.498485921544329,5,61,184,0.0757575757575758,0.0264550264550265,0.0392156862745098,0,1,0,0.330206143049672,0.0234864363882069,0.109036278620422,-1.06600897970777,6.87743489583333,245.294411458333
Weibull,31,21,1e-05,520,2,60,189,163,0.862433862433862,29816,37914812,0.000786394509881784,78.6394509881784,163,10512,26,0.0152693208430913,0.862433862433862,0.0300073637702504,0,1,0,3.88409481343037,0.260408799462111,0.109036278620422,-1.06600897970777,8.32878125,247.031552083333
BurrXII,41,27,1e-05,952,3,60,189,33,0.174603174603175,481,22170573,2.16954248318255e-05,2.16954248318255,33,248,156,0.117437722419929,0.174603174603175,0.140425531914894,0.4105728125,0.5894271875,0,5.62501781399278,6.79061673070256,0.109743158004747,-1.07443833748282,348.4837265625,610.8187109375
CA-CFAR,41,27,1e-05,952,0,60,189,52,0.275132275132275,509,37914812,1.34248324902679e-05,1.34248324902679,52,160,137,0.245283018867925,0.275132275132275,0.259351620947631,0,1,0,NaN,NaN,0.109743158004747,-1.07443833748282,0,238.409875
G0,41,27,1e-05,952,3,60,189,38,0.201058201058201,460,4547081,0.000101163801568523,10.1163801568523,38,171,151,0.181818181818182,0.201058201058201,0.190954773869347,0.870662135416667,0.129337864583333,0,2.97808864780247,4.72803249648022,0.109743158004747,-1.07443833748282,3292.7868125,3639.40709375
G0-L1,41,27,1e-05,952,2,60,189,0,0,0,4845,0,0,0,0,189,0,0,0,0.999703567708333,0.000296432291666667,0,20.7080570556527,28.9380681444402,0.109743158004747,-1.07443833748282,24.8877161458333,260.613916666667
GenGamma,41,27,1e-05,952,3,60,189,51,0.26984126984127,23986,37823015,0.000634164145824969,63.4164145824969,51,20364,138,0.00249816311535636,0.26984126984127,0.00495049504950495,0.0026203125,0.9973796875,0,1.02634049765859,0.429666114197655,0.109743158004747,-1.07443833748282,176.376432291667,1133.95398697917
GenGamma-exact,41,27,1e-05,952,3,60,189,50,0.264550264550265,24778,37048446,0.000668799981516094,66.8799981516094,50,21136,139,0.00236004908902105,0.264550264550265,0.00467836257309942,0.0228610677083333,0.977138932291667,0,1.12000898398777,0.446323838593616,0.109743158004747,-1.07443833748282,478.759065104167,1433.36325260417
K,41,27,1e-05,952,2,60,189,0,0,0,4845,0,0,0,0,189,0,0,0,0.999703567708333,0.000296432291666667,0,NaN,NaN,0.109743158004747,-1.07443833748282,15.4206197916667,250.186760416667
Lognormal,41,27,1e-05,952,2,60,189,16,0.0846560846560847,165,37914812,4.35186121983145e-06,0.435186121983145,16,41,173,0.280701754385965,0.0846560846560847,0.130081300813008,0,1,0,0.331275044844257,0.0177316640733797,0.109743158004747,-1.07443833748282,6.85183072916667,239.7743828125
Weibull,41,27,1e-05,952,2,60,189,164,0.867724867724868,29764,37914812,0.000785023014224625,78.5023014224625,164,9864,25,0.0163542082169924,0.867724867724868,0.0321033571498483,0,1,0,3.87155592099442,0.194297881583264,0.109743158004747,-1.07443833748282,8.075296875,241.123677083333
BurrXII,51,41,1e-05,920,3,60,189,60,0.317460317460317,644,22372223,2.87856955475547e-05,2.87856955475547,60,335,129,0.151898734177215,0.317460317460317,0.205479452054795,0.405219973958333,0.594780026041667,0,5.30041653592766,6.5882556753633,0.110423433117789,-1.06777013545029,349.293877604167,617.013770833333
CA-CFAR,51,41,1e-05,920,0,60,189,70,0.37037037037037,1031,37914812,2.71925388948256e-05,2.71925388948256,70,201,119,0.25830258302583,0.37037037037037,0.304347826086957,0,1,0,NaN,NaN,0.110423433117789,-1.06777013545029,0,242.78334375
G0,51,41,1e-05,920,3,60,189,57,0.301587301587302,572,4895120,0.000116851068002419,11.6851068002419,57,210,132,0.213483146067416,0.301587301587302,0.25,0.861488984375,0.138511015625,0,3.2323006521183,5.01703986008612,0.110423433117789,-1.06777013545029,3308.05858854167,3667.51878125
G0-L1,51,41,1e-05,920,2,60,189,0,0,0,7203,0,0,0,0,189,0,0,0,0.999619479166667,0.000380520833333333,0,21.927310189753,28.9615299046531,0.110423433117789,-1.06777013545029,24.7173333333333,265.255669270833
GenGamma,51,41,1e-05,920,3,60,189,88,0.465608465608466,24900,37817842,0.000658419377816429,65.8419377816429,88,20529,101,0.0042683222583305,0.465608465608466,0.00845909833701817,0.00272901041666666,0.997270989583333,0,1.03923191544702,0.44204542203071,0.110423433117789,-1.06777013545029,178.100200520833,1140.22639583333
GenGamma-exact,51,41,1e-05,920,3,60,189,88,0.465608465608466,25703,37051724,0.000693705912307886,69.3705912307886,88,21348,101,0.00410524351558126,0.465608465608466,0.00813872832369942,0.0227059895833333,0.977294010416667,0,1.13339453580072,0.456134658529155,0.110423433117789,-1.06777013545029,477.924205729167,1436.70205989583
K,51,41,1e-05,920,2,60,189,0,0,0,7203,0,0,0,0,189,0,0,0,0.999619479166667,0.000380520833333333,0,NaN,NaN,0.110423433117789,-1.06777013545029,9.7185546875,248.994872395833
Lognormal,51,41,1e-05,920,2,60,189,32,0.169312169312169,292,37914812,7.70147561327747e-06,0.770147561327747,32,71,157,0.310679611650485,0.169312169312169,0.219178082191781,0,1,0,0.332298340868495,0.0182344460543223,0.110423433117789,-1.06777013545029,6.60754947916667,244.558947916667
Weibull,51,41,1e-05,920,2,60,189,180,0.952380952380952,32500,37914812,0.000857184785724376,85.7184785724376,180,10419,9,0.0169827342202095,0.952380952380952,0.0333704115684093,0,1,0,3.85967711001012,0.197615057527194,0.110423433117789,-1.06777013545029,8.34553645833333,246.2650390625
BurrXII,61,49,1e-05,1320,3,60,189,75,0.396825396825397,812,22560984,3.59913379664646e-05,3.59913379664646,75,286,114,0.207756232686981,0.396825396825397,0.272727272727273,0.400265755208333,0.599734244791667,0,5.56652349850619,6.64272276986387,0.110639654706373,-1.06152903732262,350.887489583333,621.11484375
CA-CFAR,61,49,1e-05,1320,0,60,189,90,0.476190476190476,1162,37914812,3.06476529542069e-05,3.06476529542069,90,199,99,0.311418685121107,0.476190476190476,0.376569037656904,0,1,0,NaN,NaN,0.110639654706373,-1.06152903732262,0,244.927205729167
G0,61,49,1e-05,1320,3,60,189,77,0.407407407407407,678,5130305,0.000132155885468798,13.2155885468798,77,201,112,0.276978417266187,0.407407407407407,0.329764453961456,0.855373932291667,0.144626067708333,0,3.38085558013229,3.57262250260002,0.110639654706373,-1.06152903732262,3307.72309114583,3677.10384895833
G0-L1,61,49,1e-05,1320,2,60,189,0,0,0,5932,0,0,0,0,189,0,0,0,0.99967484375,0.00032515625,0,24.2000841753103,39.0918690267072,0.110639654706373,-1.06152903732262,25.1653802083333,267.6496171875
GenGamma,61,49,1e-05,1320,3,60,189,107,0.566137566137566,23738,37808902,0.000627841559641166,62.7841559641166,107,19096,82,0.00557204603447378,0.566137566137566,0.0110354785478548,0.00294697916666666,0.997053020833333,0,1.05013819986012,0.367220464383703,0.110639654706373,-1.06152903732262,173.649591145833,1131.42140364583
GenGamma-exact,61,49,1e-05,1320,3,60,189,107,0.566137566137566,25009,37085378,0.000674362817604286,67.4362817604286,107,20336,82,0.00523406545027638,0.566137566137566,0.0103722373012796,0.021805546875,0.978194453125,0,1.14474205448474,0.380336656908066,0.110639654706373,-1.06152903732262,478.110716145833,1437.4839765625
K,61,49,1e-05,1320,2,60,189,0,0,0,5932,0,0,0,0,189,0,0,0,0.99967484375,0.00032515625,0,NaN,NaN,0.110639654706373,-1.06152903732262,9.8377890625,251.2074140625
Lognormal,61,49,1e-05,1320,2,60,189,40,0.211640211640212,433,37914812,1.14203388374971e-05,1.14203388374971,40,69,149,0.36697247706422,0.211640211640212,0.268456375838926,0,1,0,0.332623285193766,0.0155161714531265,0.110639654706373,-1.06152903732262,6.71525520833333,246.4810703125
Weibull,61,49,1e-05,1320,2,60,189,185,0.978835978835979,33023,37914812,0.000870978867045417,87.0978867045417,185,10115,4,0.0179611650485437,0.978835978835979,0.0352750500524359,0,1,0,3.85591199689274,0.166570278545074,0.110639654706373,-1.06152903732262,8.82699479166667,248.864395833333
BurrXII,71,57,1e-05,1792,3,60,189,83,0.439153439153439,1077,22732608,4.73768781830928e-05,4.73768781830928,83,333,106,0.199519230769231,0.439153439153439,0.274380165289256,0.395812552083333,0.604187447916667,0,5.79208426850182,5.9041382207096,0.110824169448695,-1.05298957290805,343.91575,609.631544270833
CA-CFAR,71,57,1e-05,1792,0,60,189,98,0.518518518518518,1330,37914812,3.50786389234899e-05,3.50786389234898,98,225,91,0.303405572755418,0.518518518518518,0.3828125,0,1,0,NaN,NaN,0.110824169448695,-1.05298957290805,0,242.440815104167
G0,71,57,1e-05,1792,3,60,189,85,0.44973544973545,809,5371147,0.000150619597639015,15.0619597639015,85,168,104,0.33596837944664,0.44973544973545,0.384615384615385,0.8492871875,0.1507128125,0,3.44750608400209,4.06227273385519,0.110824169448695,-1.05298957290805,3287.4151953125,3658.913609375
G0-L1,71,57,1e-05,1792,2,60,189,0,0,0,4239,0,0,0,0,189,0,0,0,0.999739869791667,0.000260130208333333,0,36.3617921721328,46.0511850167963,0.110824169448695,-1.05298957290805,23.4743854166667,263.2270234375
GenGamma,71,57,1e-05,1792,3,60,189,119,0.62962962962963,23227,37800405,0.000614464315924657,61.4464315924657,119,18068,70,0.00654313520646616,0.62962962962963,0.0129516760992599,0.00315736979166667,0.996842630208333,0,1.06820295292636,0.318539040062553,0.110824169448695,-1.05298957290805,170.8473515625,1129.25809895833
GenGamma-exact,71,57,1e-05,1792,3,60,189,118,0.624338624338624,25311,37102835,0.000682185067529206,68.2185067529206,118,19910,71,0.00589175154783303,0.624338624338624,0.0116733442152644,0.0213498697916667,0.978650130208333,0,1.16345471661516,0.32783353500139,0.110824169448695,-1.05298957290805,468.268419270833,1437.60010416667
K,71,57,1e-05,1792,2,60,189,0,0,0,4239,0,0,0,0,189,0,0,0,0.999739869791667,0.000260130208333333,0,NaN,NaN,0.110824169448695,-1.05298957290805,9.2625234375,248.3403671875
Lognormal,71,57,1e-05,1792,2,60,189,47,0.248677248677249,527,37914812,1.38995809869768e-05,1.38995809869768,47,85,142,0.356060606060606,0.248677248677249,0.292834890965732,0,1,0,0.332900051392152,0.0134740906768306,0.110824169448695,-1.05298957290805,6.58441927083333,243.976213541667
Weibull,71,57,1e-05,1792,2,60,189,183,0.968253968253968,33466,37914812,0.000882662955047753,88.2662955047753,183,9925,6,0.0181044717055797,0.968253968253968,0.0355443333009614,0,1,0,3.85271732834803,0.145136832181941,0.110824169448695,-1.05298957290805,8.07946354166667,245.699348958333
BurrXII,81,65,1e-05,2336,3,60,189,96,0.507936507936508,1262,22897953,5.51140968801884e-05,5.51140968801884,96,315,93,0.233576642335766,0.507936507936508,0.32,0.391643046875,0.608356953125,0,4.91096245046534,5.85596812436119,0.110926293226674,-1.05249276558247,352.262684895833,619.837903645833
CA-CFAR,81,65,1e-05,2336,0,60,189,108,0.571428571428571,1347,37914812,3.55270125037149e-05,3.55270125037149,108,250,81,0.301675977653631,0.571428571428571,0.394881170018282,0,1,0,NaN,NaN,0.110926293226674,-1.05249276558247,0,243.38590625
G0,81,65,1e-05,2336,3,60,189,88,0.465608465608466,691,5612437,0.000123119422097745,12.3119422097745,88,150,101,0.369747899159664,0.465608465608466,0.412177985948478,0.84335046875,0.15664953125,0,3.61395008170128,4.02918464712834,0.110926293226674,-1.05249276558247,3283.33065104167,3660.36383072917
G0-L1,81,65,1e-05,2336,2,60,189,0,0,0,3273,0,0,0,0,189,0,0,0,0.999778932291667,0.000221067708333333,0,30.6233356765926,37.7382530571412,0.110926293226674,-1.05249276558247,24.2769583333333,264.817677083333
GenGamma,81,65,1e-05,2336,3,60,189,131,0.693121693121693,22835,37790408,0.00060425386251453,60.425386251453,131,17451,58,0.00745080195654647,0.693121693121693,0.0147431208148106,0.0034103125,0.9965896875,0,1.06912795198773,0.28599619425974,0.110926293226674,-1.05249276558247,170.225072916667,1123.61579166667
GenGamma-exact,81,65,1e-05,2336,3,60,189,131,0.693121693121693,25566,37119067,0.000688756535825644,68.8756535825644,131,19817,58,0.0065670743934229,0.693121693121693,0.0130108755028058,0.020927890625,0.979072109375,0,1.16441362612749,0.290688339772021,0.110926293226674,-1.05249276558247,481.180294270833,1436.5013828125
K,81,65,1e-05,2336,2,60,189,0,0,0,3273,0,0,0,0,189,0,0,0,0.999778932291667,0.000221067708333333,0,NaN,NaN,0.110926293226674,-1.05249276558247,9.16125,248.7020859375
Lognormal,81,65,1e-05,2336,2,60,189,49,0.259259259259259,515,37914812,1.35830819891709e-05,1.35830819891709,49,73,140,0.401639344262295,0.259259259259259,0.315112540192926,0,1,0,0.333053356004506,0.0120115427556151,0.110926293226674,-1.05249276558247,6.34705208333333,244.4255859375
Weibull,81,65,1e-05,2336,2,60,189,183,0.968253968253968,34417,37914812,0.000907745500623872,90.7745500623872,183,9914,6,0.0181241953055363,0.968253968253968,0.0355823449348629,0,1,0,3.85094490884055,0.128384842199763,0.110926293226674,-1.05249276558247,9.0183515625,247.388122395833
BurrXII,91,73,1e-05,2952,3,60,189,104,0.55026455026455,1278,23024253,5.55066867967443e-05,5.55066867967443,104,348,85,0.230088495575221,0.55026455026455,0.324492979719189,0.388581119791667,0.611418880208333,0,4.6042723592477,5.28728261440035,0.11098521737365,-1.05118857213264,355.4051796875,630.537625
CA-CFAR,91,73,1e-05,2952,0,60,189,118,0.624338624338624,1416,37914812,3.7346881741099e-05,3.7346881741099,118,284,71,0.293532338308458,0.624338624338624,0.399323181049069,0,1,0,NaN,NaN,0.11098521737365,-1.05118857213264,0,251.113265625
G0,91,73,1e-05,2952,3,60,189,91,0.481481481481481,751,5840177,0.00012859199301665,12.859199301665,91,168,98,0.351351351351351,0.481481481481481,0.40625,0.837787317708333,0.162212682291667,0,3.82074919982782,4.00539248081427,0.11098521737365,-1.05118857213264,3239.88824479167,3628.50410677083
G0-L1,91,73,1e-05,2952,2,60,189,0,0,0,3063,0,0,0,0,189,0,0,0,0.999816276041667,0.000183723958333333,0,25.7456361596839,31.1109213460434,0.11098521737365,-1.05118857213264,25.1007890625,273.214385416667
GenGamma,91,73,1e-05,2952,3,60,189,137,0.724867724867725,22642,37783033,0.000599263695955801,59.9263695955801,137,17070,52,0.00796187598070553,0.724867724867725,0.0157507472982295,0.00361752604166667,0.996382473958333,0,1.07167175823756,0.258335642082335,0.11098521737365,-1.05118857213264,174.341622395833,1139.9123984375
GenGamma-exact,91,73,1e-05,2952,3,60,189,137,0.724867724867725,25231,37128193,0.000679564448504133,67.9564448504133,137,19303,52,0.00704732510288066,0.724867724867725,0.0139589383055683,0.0207059635416667,0.979294036458333,0,1.16704879169121,0.263507042252568,0.11098521737365,-1.05118857213264,465.4387421875,1436.877390625
K,91,73,1e-05,2952,2,60,189,0,0,0,3063,0,0,0,0,189,0,0,0,0.999816276041667,0.000183723958333333,0,NaN,NaN,0.11098521737365,-1.05118857213264,9.12388802083333,256.108309895833
Lognormal,91,73,1e-05,2952,2,60,189,54,0.285714285714286,610,37914812,1.60886990551344e-05,1.60886990551344,54,81,135,0.4,0.285714285714286,0.333333333333333,0,1,0,0.33314156050009,0.0107589267587573,0.11098521737365,-1.05118857213264,6.63875,252.1654921875
Weibull,91,73,1e-05,2952,2,60,189,182,0.962962962962963,35358,37914812,0.000932564297035153,93.2564297035153,182,9884,7,0.0180806675938804,0.962962962962963,0.0354948805460751,0,1,0,3.8499309241617,0.116589695949014,0.11098521737365,-1.05118857213264,8.03411458333333,253.76909375
BurrXII,101,73,1e-05,4872,3,60,189,99,0.523809523809524,1225,23111640,5.30035947254284e-05,5.30035947254284,99,330,90,0.230769230769231,0.523809523809524,0.320388349514563,0.386390989583333,0.613609010416667,0,3.95640212744837,4.45561341468358,0.111003394946781,-1.05401158936635,345.71096875,634.304356770833
CA-CFAR,101,73,1e-05,4872,0,60,189,117,0.619047619047619,1405,37914812,3.70567576597769e-05,3.70567576597769,117,302,72,0.279236276849642,0.619047619047619,0.384868421052632,0,1,0,NaN,NaN,0.111003394946781,-1.05401158936635,0,265.787471354167
G0,101,73,1e-05,4872,3,60,189,85,0.44973544973545,775,6034126,0.000128436164574621,12.8436164574621,85,149,104,0.363247863247863,0.44973544973545,0.401891252955083,0.832857421875,0.167142578125,0,4.16725395999812,4.15448152034619,0.111003394946781,-1.05401158936635,3237.44992447917,3643.03525260417
G0-L1,101,73,1e-05,4872,2,60,189,0,0,0,2450,0,0,0,0,189,0,0,0,0.999861796875,0.000138203125,0,15.8371119441564,23.0352080976059,0.111003394946781,-1.05401158936635,24.9596380208333,287.816890625
GenGamma,101,73,1e-05,4872,3,60,189,131,0.693121693121693,21927,37773082,0.000580492743483309,58.0492743483309,131,16423,58,0.00791349522773952,0.693121693121693,0.015648330645643,0.00384684895833333,0.996153151041667,0,1.06612373130115,0.205346621438294,0.111003394946781,-1.05401158936635,175.590283854167,1160.06045833333
GenGamma-exact,101,73,1e-05,4872,3,60,189,131,0.693121693121693,24615,37137239,0.00066281179384391,66.281179384391,131,18626,58,0.00698405928453377,0.693121693121693,0.0138287765227489,0.020437109375,0.979562890625,0,1.16130039276848,0.20917345458784,0.111003394946781,-1.05401158936635,466.45959375,1442.3991875
K,101,73,1e-05,4872,2,60,189,0,0,0,2450,0,0,0,0,189,0,0,0,0.999861796875,0.000138203125,0,NaN,NaN,0.111003394946781,-1.05401158936635,8.88680729166667,270.553317708333
Lognormal,101,73,1e-05,4872,2,60,189,53,0.28042328042328,601,37914812,1.585132480678e-05,1.585132480678,53,75,136,0.4140625,0.28042328042328,0.334384858044164,0,1,0,0.333169210293858,0.00856041806603747,0.111003394946781,-1.05401158936635,6.7293984375,267.283005208333
Weibull,101,73,1e-05,4872,2,60,189,183,0.968253968253968,35424,37914812,0.000934305041523086,93.4305041523086,183,9674,6,0.0185654864563255,0.968253968253968,0.0364324109098149,0,1,0,3.84960288239972,0.0930492942571284,0.111003394946781,-1.05401158936635,8.39821875,269.156526041667
BurrXII,111,79,1e-05,6080,3,60,189,88,0.465608465608466,1461,23205339,6.29596490704144e-05,6.29596490704143,88,380,101,0.188034188034188,0.465608465608466,0.267884322678843,0.3841278125,0.6158721875,0,3.96960727525243,4.05985172887076,0.11102570698336,-1.05262501155101,346.5296015625,626.366236979167
CA-CFAR,111,79,1e-05,6080,0,60,189,120,0.634920634920635,1503,37914812,3.96414994751919e-05,3.96414994751919,120,337,69,0.262582056892779,0.634920634920635,0.371517027863777,0,1,0,NaN,NaN,0.11102570698336,-1.05262501155101,0,258.208763020833
G0,111,79,1e-05,6080,3,60,189,78,0.412698412698413,877,6238563,0.000140577245112376,14.0577245112376,78,168,111,0.317073170731707,0.412698412698413,0.358620689655172,0.827848177083333,0.172151822916667,0,4.40169442471024,4.43882719211046,0.11102570698336,-1.05262501155101,3190.1913828125,3591.850546875
G0-L1,111,79,1e-05,6080,2,60,189,0,0,0,1744,0,0,0,0,189,0,0,0,0.99989484375,0.00010515625,0,53.6941837705077,34.6476052061009,0.11102570698336,-1.05262501155101,24.242578125,279.001067708333
GenGamma,111,79,1e-05,6080,3,60,189,132,0.698412698412698,22178,37765435,0.000587256574695883,58.7256574695883,132,16206,57,0.00807932427469703,0.698412698412698,0.0159738609548012,0.004024296875,0.995975703125,0,1.06884572733267,0.185521623858735,0.11102570698336,-1.05262501155101,172.872973958333,1149.36904947917
GenGamma-exact,111,79,1e-05,6080,3,60,189,131,0.693121693121693,24959,37140340,0.000672018619107956,67.2018619107956,131,18487,58,0.00703620152540552,0.693121693121693,0.0139309831445738,0.0203307291666667,0.979669270833333,0,1.16412057668997,0.190584246238796,0.11102570698336,-1.05262501155101,467.728791666667,1431.54638541667
K,111,79,1e-05,6080,2,60,189,0,0,0,1744,0,0,0,0,189,0,0,0,0.99989484375,0.00010515625,0,NaN,NaN,0.11102570698336,-1.05262501155101,9.349671875,263.215205729167
Lognormal,111,79,1e-05,6080,2,60,189,51,0.26984126984127,665,37914812,1.75393194617449e-05,1.75393194617449,51,81,138,0.386363636363636,0.26984126984127,0.317757009345794,0,1,0,0.333202714602314,0.00778008052890897,0.11102570698336,-1.05262501155101,6.78026041666667,259.413572916667
Weibull,111,79,1e-05,6080,2,60,189,183,0.968253968253968,36732,37914812,0.000968803432283932,96.8803432283932,183,9784,6,0.0183605899468245,0.968253968253968,0.0360378101614809,0,1,0,3.84921528862898,0.0845880100676153,0.11102570698336,-1.05262501155101,8.44864322916667,261.3654453125
BurrXII,121,87,1e-05,7072,3,60,189,84,0.444444444444444,1628,23289644,6.99023136635322e-05,6.99023136635322,84,428,105,0.1640625,0.444444444444444,0.239657631954351,0.382088125,0.617911875,0,3.96018091878875,3.99034436368988,0.111088066628716,-1.05009237318315,353.484890625,639.742125
CA-CFAR,121,87,1e-05,7072,0,60,189,126,0.666666666666667,1581,37914812,4.16987429609304e-05,4.16987429609304,126,364,63,0.257142857142857,0.666666666666667,0.371134020618557,0,1,0,NaN,NaN,0.111088066628716,-1.05009237318315,0,263.6928515625
G0,121,87,1e-05,7072,3,60,189,70,0.37037037037037,932,6428370,0.000144982320557155,14.4982320557155,70,172,119,0.289256198347107,0.37037037037037,0.324825986078886,0.823184244791667,0.176815755208333,0,4.65345126804897,5.03723107443295,0.111088066628716,-1.05009237318315,3211.62321875,3625.97046875
G0-L1,121,87,1e-05,7072,2,60,189,0,0,0,684,0,0,0,0,189,0,0,0,0.999922760416667,7.72395833333333e-05,0,22.9482190586103,45.0401928821252,0.111088066628716,-1.05009237318315,23.4212994791667,284.164322916667
GenGamma,121,87,1e-05,7072,3,60,189,133,0.703703703703704,22877,37761222,0.000605833148090388,60.5833148090388,133,16137,56,0.00817455439459127,0.703703703703704,0.0161613706786561,0.00414106770833333,0.995858932291667,0,1.07378799325085,0.174957273245451,0.111088066628716,-1.05009237318315,170.2943359375,1152.7808828125
GenGamma-exact,121,87,1e-05,7072,3,60,189,132,0.698412698412698,25485,37147892,0.000686041619804429,68.6041619804429,132,18195,57,0.00720248813226387,0.698412698412698,0.0142579390797148,0.0201554947916667,0.979844505208333,0,1.16923817669525,0.178941279028214,0.111088066628716,-1.05009237318315,468.874140625,1444.659328125
K,121,87,1e-05,7072,2,60,189,0,0,0,684,0,0,0,0,189,0,0,0,0.999922760416667,7.72395833333333e-05,0,NaN,NaN,0.111088066628716,-1.05009237318315,9.1078515625,269.129875
Lognormal,121,87,1e-05,7072,2,60,189,52,0.275132275132275,825,37914812,2.17593060991572e-05,2.17593060991572,52,95,137,0.353741496598639,0.275132275132275,0.30952380952381,0,1,0,0.333296109488098,0.0072952482857645,0.111088066628716,-1.05009237318315,6.67268229166667,265.334794270833
Weibull,121,87,1e-05,7072,2,60,189,182,0.962962962962963,37946,37914812,0.0010008225808953,100.08225808953,182,9802,7,0.0182291666666667,0.962962962962963,0.0357809888921655,0,1,0,3.84814052697079,0.0812057037604972,0.111088066628716,-1.05009237318315,7.95121354166667,266.762690104167
BurrXII,131,93,1e-05,8512,3,60,189,84,0.444444444444444,1803,23361292,7.71789505477694e-05,7.71789505477694,84,421,105,0.166336633663366,0.444444444444444,0.24207492795389,0.38031484375,0.61968515625,0,4.0201588529296,3.90414190059698,0.111117964331022,-1.04949402660091,355.113544270833,642.1566484375
CA-CFAR,131,93,1e-05,8512,0,60,189,128,0.677248677248677,1567,37914812,4.13294941301568e-05,4.13294941301568,128,361,61,0.261758691206544,0.677248677248677,0.377581120943953,0,1,0,NaN,NaN,0.111117964331022,-1.04949402660091,0,264.200192708333
G0,131,93,1e-05,8512,3,60,189,62,0.328042328042328,1019,6599389,0.000154408233853164,15.4408233853164,62,176,127,0.260504201680672,0.328042328042328,0.2903981264637,0.818924453125,0.181075546875,0,4.90284878577154,5.02343788191815,0.111117964331022,-1.04949402660091,3200.38407291667,3618.26709114583
G0-L1,131,93,1e-05,8512,2,60,189,0,0,0,530,0,0,0,0,189,0,0,0,0.999923697916666,7.63020833333333e-05,0,55.017925124826,80.7781528842036,0.111117964331022,-1.04949402660091,24.1944505208333,285.385502604167
GenGamma,131,93,1e-05,8512,3,60,189,137,0.724867724867725,23331,37753960,0.000617974909122116,61.7974909122116,137,15891,52,0.00854754180184677,0.724867724867725,0.016895850033915,0.00433078125,0.99566921875,0,1.07483138146211,0.163254873167702,0.111117964331022,-1.04949402660091,169.192114583333,1134.3780625
GenGamma-exact,131,93,1e-05,8512,3,60,189,137,0.724867724867725,25843,37148701,0.000695663624954208,69.5663624954208,137,17909,52,0.00759171007425468,0.724867724867725,0.0150260488072388,0.0201377083333333,0.979862291666667,0,1.17031722120937,0.16994202148161,0.111117964331022,-1.04949402660091,461.353153645833,1432.17199739583
K,131,93,1e-05,8512,2,60,189,0,0,0,530,0,0,0,0,189,0,0,0,0.999923697916666,7.63020833333333e-05,0,NaN,NaN,0.111117964331022,-1.04949402660091,8.93294010416667,269.047921875
Lognormal,131,93,1e-05,8512,2,60,189,51,0.26984126984127,975,37914812,2.57155435717313e-05,2.57155435717313,51,105,138,0.326923076923077,0.26984126984127,0.295652173913043,0,1,0,0.333340962173588,0.00687846992235158,0.111117964331022,-1.04949402660091,6.4959296875,265.3848984375
Weibull,131,93,1e-05,8512,2,60,189,182,0.962962962962963,38857,37914812,0.00102485012981206,102.485012981206,182,9871,7,0.0181040485427236,0.962962962962963,0.0355399336067174,0,1,0,3.84762262842018,0.0753110054425732,0.111117964331022,-1.04949402660091,8.06684375,267.258158854167
BurrXII,141,101,1e-05,9680,3,60,189,76,0.402116402116402,1856,23444506,7.91656689204712e-05,7.91656689204712,76,455,113,0.143126177024482,0.402116402116402,0.211111111111111,0.378237473958333,0.621762526041667,0,3.98541007762658,3.60475177449333,0.111144159290776,-1.04817420394579,345.172450520833,638.142653645833
CA-CFAR,141,101,1e-05,9680,0,60,189,130,0.687830687830688,1638,37914812,4.32021132005085e-05,4.32021132005085,130,384,59,0.252918287937743,0.687830687830688,0.369843527738265,0,1,0,NaN,NaN,0.111144159290776,-1.04817420394579,0,271.072875
G0,141,101,1e-05,9680,3,60,189,57,0.301587301587302,1190,6770014,0.00017577511656549,17.577511656549,57,167,132,0.254464285714286,0.301587301587302,0.276029055690073,0.814636354166667,0.185363645833333,0,4.98864743092575,5.62024412061368,0.111144159290776,-1.04817420394579,3226.04799479167,3654.1454453125
G0-L1,141,101,1e-05,9680,2,60,189,0,0,0,869,0,0,0,0,189,0,0,0,0.999928151041667,7.18489583333333e-05,0,36.1613209427938,49.0325208256847,0.111144159290776,-1.04817420394579,24.350875,292.321135416667
GenGamma,141,101,1e-05,9680,3,60,189,139,0.735449735449735,24029,37748971,0.000636547152503839,63.6547152503839,139,15865,50,0.00868532866783304,0.735449735449735,0.017167912060767,0.00444533854166667,0.995554661458333,0,1.07723593361526,0.157803904005845,0.111144159290776,-1.04817420394579,172.232388020833,1147.95427083333
GenGamma-exact,141,101,1e-05,9680,3,60,189,139,0.735449735449735,26541,37154402,0.00071434335021729,71.434335021729,139,17804,50,0.00774675360864961,0.735449735449735,0.0153320097065961,0.019982265625,0.980017734375,0,1.17280633527707,0.163176529329988,0.111144159290776,-1.04817420394579,470.678825520833,1457.27631770833
K,141,101,1e-05,9680,2,60,189,0,0,0,869,0,0,0,0,189,0,0,0,0.999928151041667,7.18489583333333e-05,0,NaN,NaN,0.111144159290776,-1.04817420394579,8.7802421875,275.795526041667
Lognormal,141,101,1e-05,9680,2,60,189,53,0.28042328042328,1131,37914812,2.98300305432083e-05,2.98300305432083,53,108,136,0.329192546583851,0.28042328042328,0.302857142857143,0,1,0,0.333380214647127,0.00641243676214631,0.111144159290776,-1.04817420394579,6.67722395833333,272.3907265625
Weibull,141,101,1e-05,9680,2,60,189,183,0.968253968253968,40149,37914812,0.00105892652190917,105.892652190917,183,10069,6,0.0178501755754975,0.968253968253968,0.0350541135906522,0,1,0,3.8471704398392,0.0713468633678336,0.111144159290776,-1.04817420394579,8.58178645833333,274.487541666667
BurrXII,151,109,1e-05,10920,3,60,189,78,0.412698412698413,1898,23520473,8.06956560780049e-05,8.06956560780049,78,461,111,0.144712430426716,0.412698412698413,0.214285714285714,0.37631734375,0.62368265625,0,3.97160729986746,3.68297300905567,0.111175097190195,-1.04516846959985,347.8101796875,644.331419270833
CA-CFAR,151,109,1e-05,10920,0,60,189,132,0.698412698412698,1735,37914812,4.57604800994398e-05,4.57604800994398,132,392,57,0.251908396946565,0.698412698412698,0.370266479663394,0,1,0,NaN,NaN,0.111175097190195,-1.04516846959985,0,274.280661458333
G0,151,109,1e-05,10920,3,60,189,54,0.285714285714286,1428,6928643,0.000206100963781797,20.6100963781797,54,174,135,0.236842105263158,0.285714285714286,0.258992805755396,0.810588255208333,0.189411744791667,0,5.20336320670473,6.39279337964907,0.111175097190195,-1.04516846959985,3218.57566666667,3652.08585416667
G0-L1,151,109,1e-05,10920,2,60,189,0,0,0,1154,0,0,0,0,189,0,0,0,0.999934453125,6.5546875e-05,0,39.2636205438064,63.2903767782473,0.111175097190195,-1.04516846959985,23.8949348958333,295.022809895833
GenGamma,151,109,1e-05,10920,3,60,189,141,0.746031746031746,24859,37739689,0.00065869647203505,65.869647203505,141,15820,48,0.00883403295532861,0.746031746031746,0.0174613003095975,0.00468005208333333,0.995319947916667,0,1.08309558260832,0.151919722978525,0.111175097190195,-1.04516846959985,167.306697916667,1147.765828125
GenGamma-exact,151,109,1e-05,10920,3,60,189,141,0.746031746031746,27223,37151361,0.000732759157867729,73.2759157867729,141,17761,48,0.0078762149480505,0.746031746031746,0.0155878613675308,0.0200646614583333,0.979935338541667,0,1.17886901604803,0.157006736403111,0.111175097190195,-1.04516846959985,458.185546875,1447.6512421875
K,151,109,1e-05,10920,2,60,189,0,0,0,1154,0,0,0,0,189,0,0,0,0.999934453125,6.5546875e-05,0,NaN,NaN,0.111175097190195,-1.04516846959985,9.090234375,279.481692708333
Lognormal,151,109,1e-05,10920,2,60,189,57,0.301587301587302,1270,37914812,3.34961439344602e-05,3.34961439344602,57,112,132,0.337278106508876,0.301587301587302,0.318435754189944,0,1,0,0.333426402739631,0.00609989824525006,0.111175097190195,-1.04516846959985,6.6401953125,275.766315104167
Weibull,151,109,1e-05,10920,2,60,189,184,0.973544973544973,41495,37914812,0.0010944271594964,109.44271594964,184,10202,5,0.0177161563643366,0.973544973544973,0.0347990543735225,0,1,0,3.84664231353684,0.0683133650983136,0.111175097190195,-1.04516846959985,8.08742447916667,277.398291666667
BurrXII,11,7,0.0001,72,3,60,189,16,0.0846560846560847,2781,23955606,0.000116089736990999,1.16089736990999,16,2094,173,0.00758293838862559,0.0846560846560847,0.0139190952588082,0.3655140625,0.6344859375,0,2.68585903666822,2.71573363259371,0.104938521661552,-0.906523767223446,401.539520833333,656.482700520833
CA-CFAR,11,7,0.0001,72,0,60,189,7,0.037037037037037,663,37914812,1.74865696287773e-05,0.174865696287773,7,306,182,0.0223642172523962,0.037037037037037,0.0278884462151394,0,1,0,NaN,NaN,0.104938521661552,-0.906523767223446,0,228.5582421875
G0,11,7,0.0001,72,3,60,189,18,0.0952380952380952,1565,9221922,0.000169704319771952,1.69704319771952,18,1004,171,0.0176125244618395,0.0952380952380952,0.0297274979355904,0.751784609375,0.248215390625,0,23.3820520614964,36.9997516818164,0.104938521661552,-0.906523767223446,3617.66344010417,4064.73719791667
G0-L1,11,7,0.0001,72,2,60,189,0,0,0,8634,0,0,0,0,189,0,0,0,0.999623255208334,0.000376744791666667,0,11.7192027389917,19.5134049326716,0.104938521661552,-0.906523767223446,26.8001979166667,253.214091145833
GenGamma,11,7,0.0001,72,3,60,189,74,0.391534391534392,106286,37789598,0.00281257292019883,28.1257292019883,74,86917,115,0.000850662712234599,0.391534391534392,0.0016976370727231,0.00356489583333333,0.996435104166667,0,1.42906403729865,1.98806171628167,0.104938521661552,-0.906523767223446,177.138572916667,1210.71409114583
GenGamma-exact,11,7,0.0001,72,3,60,189,71,0.375661375661376,76249,35424348,0.00215244610853529,21.5244610853529,71,64068,118,0.00110697079779853,0.375661375661376,0.00220743688595946,0.0655454166666667,0.934454583333333,0,1.59565067981513,2.02778398743765,0.104938521661552,-0.906523767223446,459.757653645833,1449.0227890625
K,11,7,0.0001,72,2,60,189,0,0,0,8634,0,0,0,0,189,0,0,0,0.999623255208334,0.000376744791666667,0,NaN,NaN,0.104938521661552,-0.906523767223446,12.1581822916667,425.621822916667
Lognormal,11,7,0.0001,72,2,60,189,10,0.0529100529100529,1548,37914812,4.08283707169641e-05,0.408283707169641,10,734,179,0.0134408602150538,0.0529100529100529,0.0214362272240086,0,1,0,0.323942110104476,0.0602730594877019,0.104938521661552,-0.906523767223446,6.91654427083333,229.654372395833
Weibull,11,7,0.0001,72,2,60,189,125,0.661375661375661,81102,37914812,0.00213905847667133,21.3905847667133,125,47859,64,0.00260503501167056,0.661375661375661,0.00518962904531584,0,1,0,3.95919569756121,0.699250557217516,0.104938521661552,-0.906523767223446,8.7406015625,231.414278645833
BurrXII,15,11,0.0001,104,3,60,189,18,0.0952380952380952,2303,23065297,9.9846969236945e-05,0.99846969236945,18,1622,171,0.0109756097560976,0.0952380952380952,0.0196828868234008,0.388277473958333,0.611722526041667,0,2.91500773642638,3.2837810232862,0.106784567694326,-0.946225814322558,379.166893229167,646.7402890625
CA-CFAR,15,11,0.0001,104,0,60,189,17,0.0899470899470899,1152,37914812,3.03839037893687e-05,0.303839037893686,17,463,172,0.0354166666666667,0.0899470899470899,0.0508221225710015,0,1,0,NaN,NaN,0.106784567694326,-0.946225814322558,0,241.141278645833
G0,15,11,0.0001,104,3,60,189,14,0.0740740740740741,1639,7764771,0.000211081563126588,2.11081563126588,14,1019,175,0.0135527589545015,0.0740740740740741,0.0229132569558101,0.788859010416667,0.211140989583333,0,26.6817507780678,45.4123808803809,0.106784567694326,-0.946225814322558,3463.04184114583,3894.02431510417
G0-L1,15,11,0.0001,104,2,60,189,0,0,0,8108,0,0,0,0,189,0,0,0,0.999559973958333,0.000440026041666667,0,11.3807459938127,18.1420092733577,0.106784567694326,-0.946225814322558,25.8737994791667,265.465578125
GenGamma,15,11,0.0001,104,3,60,189,59,0.312169312169312,98601,37830402,0.00260639577660317,26.0639577660317,59,80354,130,0.000733712210712198,0.312169312169312,0.00146398352398204,0.00247018229166666,0.997529817708333,0,1.31628785683209,1.56375036937835,0.106784567694326,-0.946225814322558,182.02859375,1211.22374739583
GenGamma-exact,15,11,0.0001,104,3,60,189,52,0.275132275132275,76836,35992858,0.00213475684537193,21.3475684537193,52,64404,137,0.000806751892764056,0.275132275132275,0.00160878644906799,0.050591484375,0.949408515625,0,1.43004641393633,1.60797754295036,0.106784567694326,-0.946225814322558,459.4249453125,1462.7594921875
K,15,11,0.0001,104,2,60,189,0,0,0,8108,0,0,0,0,189,0,0,0,0.999559973958333,0.000440026041666667,0,NaN,NaN,0.106784567694326,-0.946225814322558,10.8574296875,249.104611979167
Lognormal,15,11,0.0001,104,2,60,189,8,0.0423280423280423,1232,37914812,3.24938971080748e-05,0.324938971080748,8,560,181,0.0140845070422535,0.0423280423280423,0.0211360634081902,0,1,0,0.326778938543229,0.0507669837582641,0.106784567694326,-0.946225814322558,6.86997395833333,243.454747395833
Weibull,15,11,0.0001,104,2,60,189,150,0.793650793650794,73333,37914812,0.00193415175050848,19.3415175050848,150,38712,39,0.00385981164119191,0.793650793650794,0.00768226165783207,0,1,0,3.92482744786653,0.582178267563871,0.106784567694326,-0.946225814322558,8.48813020833334,244.505356770833
BurrXII,17,13,0.0001,120,3,60,189,19,0.100529100529101,2277,22782627,9.99445761895676e-05,0.999445761895676,19,1541,170,0.0121794871794872,0.100529100529101,0.021726700971984,0.395470494791667,0.604529505208333,0,3.05994703659689,3.4035228822435,0.107254902632758,-0.963263827290802,375.404091145833,626.447255208333
CA-CFAR,17,13,0.0001,120,0,60,189,26,0.137566137566138,1334,37914812,3.51841385894252e-05,0.351841385894252,26,502,163,0.0492424242424242,0.137566137566138,0.0725244072524407,0,1,0,NaN,NaN,0.107254902632758,-0.963263827290802,0,225.929395833333
G0,17,13,0.0001,120,3,60,189,20,0.105820105820106,1669,7272646,0.000229490064551471,2.29490064551471,20,963,169,0.0203458799593082,0.105820105820106,0.0341296928327645,0.801336328125,0.198663671875,0,27.7170709519684,47.4557304252481,0.107254902632758,-0.963263827290802,3495.763265625,3900.99284635417
G0-L1,17,13,0.0001,120,2,60,189,0,0,0,8222,0,0,0,0,189,0,0,0,0.999522760416667,0.000477239583333333,0,10.9580077319186,18.1830346251835,0.107254902632758,-0.963263827290802,26.1724088541667,250.547768229167
GenGamma,17,13,0.0001,120,3,60,189,60,0.317460317460317,93156,37835491,0.00246213271026402,24.6213271026402,60,76074,129,0.000788084167389077,0.317460317460317,0.00157226524114618,0.00233617187500001,0.997663828125,0,1.27074148355253,1.44352956639652,0.107254902632758,-0.963263827290802,174.547244791667,1190.1121171875
GenGamma-exact,17,13,0.0001,120,3,60,189,57,0.301587301587302,75260,36178914,0.0020802172226618,20.802172226618,57,63076,132,0.000902855875691002,0.301587301587302,0.00180032216291336,0.045698828125,0.954301171875,0,1.37691043618916,1.48945640590018,0.107254902632758,-0.963263827290802,466.2807265625,1449.4938828125
K,17,13,0.0001,120,2,60,189,0,0,0,8222,0,0,0,0,189,0,0,0,0.999522760416667,0.000477239583333333,0,NaN,NaN,0.107254902632758,-0.963263827290802,11.0061770833333,233.8378671875
Lognormal,17,13,0.0001,120,2,60,189,11,0.0582010582010582,1162,37914812,3.06476529542069e-05,0.306476529542069,11,505,178,0.0213178294573643,0.0582010582010582,0.0312056737588652,0,1,0,0.327497603478077,0.0472656221105979,0.107254902632758,-0.963263827290802,6.47450260416667,227.243497395833
Weibull,17,13,0.0001,120,2,60,189,158,0.835978835978836,71515,37914812,0.00188620215234088,18.8620215234088,158,36166,31,0.00434974121792754,0.835978835978836,0.00865445183907102,0,1,0,3.91621946356527,0.541948620069244,0.107254902632758,-0.963263827290802,7.93872395833333,228.343989583333
BurrXII,21,15,0.0001,216,3,60,189,22,0.116402116402116,1870,21920774,8.5307206761951e-05,0.85307206761951,22,1203,167,0.0179591836734694,0.116402116402116,0.0311173974540311,0.417703333333333,0.582296666666667,0,3.81845884259573,4.75973570938385,0.108167498172672,-1.0200093248858,353.547442708333,608.356841145833
CA-CFAR,21,15,0.0001,216,0,60,189,44,0.232804232804233,1513,37914812,3.99052486400302e-05,0.399052486400302,44,510,145,0.0794223826714801,0.232804232804233,0.118438761776581,0,1,0,NaN,NaN,0.108167498172672,-1.0200093248858,0,230.808549479167
G0,21,15,0.0001,216,3,60,189,24,0.126984126984127,1437,5451580,0.000263593306894515,2.63593306894515,24,700,165,0.0331491712707182,0.126984126984127,0.0525739320920044,0.848317239583333,0.151682760416667,0,35.0905701040101,64.8008252645065,0.108167498172672,-1.0200093248858,3420.378859375,3781.90904947917
G0-L1,21,15,0.0001,216,2,60,189,1,0.00529100529100529,0,6339,0,0,1,0,188,1,0.00529100529100529,0.0105263157894737,0.999582942708333,0.000417057291666667,0,13.7844098545925,21.2121687018737,0.108167498172672,-1.0200093248858,26.3593151041667,255.356614583333
GenGamma,21,15,0.0001,216,3,60,189,50,0.264550264550265,73786,37841887,0.00194984991102584,19.4984991102584,50,60140,139,0.000830702774547267,0.264550264550265,0.00165620497192733,0.002167578125,0.997832421875,0,1.13766805361489,1.0214013403839,0.108167498172672,-1.0200093248858,174.9217265625,1169.11220572917
GenGamma-exact,21,15,0.0001,216,3,60,189,47,0.248677248677249,63940,36667301,0.00174378801428553,17.4378801428553,47,52889,142,0.000887864591204473,0.248677248677249,0.00176941176470588,0.032916484375,0.967083515625,0,1.23747697545176,1.06444127370983,0.108167498172672,-1.0200093248858,475.497635416667,1452.37395572917
K,21,15,0.0001,216,2,60,189,1,0.00529100529100529,0,6339,0,0,1,0,188,1,0.00529100529100529,0.0105263157894737,0.999582942708333,0.000417057291666667,0,NaN,NaN,0.108167498172672,-1.0200093248858,11.15103125,238.812479166667
Lognormal,21,15,0.0001,216,2,60,189,11,0.0582010582010582,962,37914812,2.53726696574415e-05,0.253726696574415,11,358,178,0.029810298102981,0.0582010582010582,0.039426523297491,0,1,0,0.328888275147962,0.0358046981281553,0.108167498172672,-1.0200093248858,6.5767109375,231.9426015625
Weibull,21,15,0.0001,216,2,60,189,161,0.851851851851852,61593,37914812,0.00162451023098835,16.2451023098835,161,28105,28,0.00569588905398712,0.851851851851852,0.0113161131611316,0,1,0,3.89965205420419,0.402700992901659,0.108167498172672,-1.0200093248858,8.22976822916667,233.304979166667
BurrXII,31,21,0.0001,520,3,60,189,33,0.174603174603175,1728,21937618,7.87688070783255e-05,0.787688070783255,33,1062,156,0.0301369863013699,0.174603174603175,0.0514018691588785,0.416839765625,0.583160234375,0,5.19052884456132,6.29112541470277,0.109036278620422,-1.06600897970777,352.0445859375,619.360309895833
CA-CFAR,31,21,0.0001,520,0,60,189,63,0.333333333333333,1655,37914812,4.36504867807336e-05,0.436504867807336,63,520,126,0.108061749571184,0.333333333333333,0.163212435233161,0,1,0,NaN,NaN,0.109036278620422,-1.06600897970777,0,243.831442708333
G0,31,21,0.0001,520,3,60,189,37,0.195767195767196,1116,4462993,0.000250056408334048,2.50056408334048,37,500,152,0.068901303538175,0.195767195767196,0.101928374655647,0.873276484375,0.126723515625,0,5.47690596032312,21.373463295378,0.109036278620422,-1.06600897970777,3346.92590625,3697.62083072917
G0-L1,31,21,0.0001,520,2,60,189,0,0,0,5552,0,0,0,0,189,0,0,0,0.999646744791667,0.000353255208333333,0,20.3773746987009,28.5820802103769,0.109036278620422,-1.06600897970777,25.7869947916667,267.419828125
GenGamma,31,21,0.0001,520,3,60,189,51,0.26984126984127,55329,37832947,0.00146245546243067,14.6245546243067,51,46129,138,0.00110437418796016,0.26984126984127,0.00219974551963596,0.00238408854166668,0.997615911458334,0,1.04243612122118,0.586566155239367,0.109036278620422,-1.06600897970777,177.134109375,1169.57056770833
GenGamma-exact,31,21,0.0001,520,3,60,189,51,0.26984126984127,49994,36963993,0.00135250539626495,13.5250539626495,51,41702,138,0.00122146911599167,0.26984126984127,0.00243192980782986,0.0251044010416667,0.974895598958333,0,1.13675964893666,0.616666205939391,0.109036278620422,-1.06600897970777,473.50759375,1447.72980208333
K,31,21,0.0001,520,2,60,189,0,0,0,5552,0,0,0,0,189,0,0,0,0.999646744791667,0.000353255208333333,0,NaN,NaN,0.109036278620422,-1.06600897970777,10.4513958333333,250.722588541667
Lognormal,31,21,0.0001,520,2,60,189,26,0.137566137566138,784,37914812,2.06779345233203e-05,0.206779345233203,26,265,163,0.0893470790378007,0.137566137566138,0.108333333333333,0,1,0,0.330206143049672,0.0234864363882069,0.109036278620422,-1.06600897970777,6.87743489583333,245.531192708333
Weibull,31,21,0.0001,520,2,60,189,172,0.91005291005291,56245,37914812,0.00148345717763285,14.8345717763285,172,23102,17,0.00739022084729741,0.91005291005291,0.0146613817499893,0,1,0,3.88409481343037,0.260408799462111,0.109036278620422,-1.06600897970777,8.32878125,246.733828125
BurrXII,41,27,0.0001,952,3,60,189,45,0.238095238095238,1663,22170573,7.50093378281202e-05,0.750093378281202,45,1039,144,0.0415129151291513,0.238095238095238,0.0706991358994501,0.4105728125,0.5894271875,0,5.62501781399278,6.79061673070256,0.109743158004747,-1.07443833748282,348.4837265625,610.9121640625
CA-CFAR,41,27,0.0001,952,0,60,189,87,0.46031746031746,1774,37914812,4.6789101842309e-05,0.46789101842309,87,524,102,0.142389525368249,0.46031746031746,0.2175,0,1,0,NaN,NaN,0.109743158004747,-1.07443833748282,0,238.195455729167
G0,41,27,0.0001,952,3,60,189,45,0.238095238095238,1142,4547081,0.000251150133459246,2.51150133459246,45,445,144,0.0918367346938776,0.238095238095238,0.132547864506627,0.870662135416667,0.129337864583333,0,2.97808864780247,4.72803249648022,0.109743158004747,-1.07443833748282,3292.7868125,3636.85853645833
G0-L1,41,27,0.0001,952,2,60,189,0,0,0,4845,0,0,0,0,189,0,0,0,0.999703567708333,0.000296432291666667,0,20.7080570556527,28.9380681444402,0.109743158004747,-1.07443833748282,24.8877161458333,260.6414921875
GenGamma,41,27,0.0001,952,3,60,189,64,0.338624338624339,48834,37823015,0.00129111864826218,12.9111864826218,64,40986,125,0.00155907429963459,0.338624338624339,0.00310385799849657,0.0026203125,0.9973796875,0,1.02634049765859,0.429666114197655,0.109743158004747,-1.07443833748282,176.376432291667,1147.78040625
GenGamma-exact,41,27,0.0001,952,3,60,189,64,0.338624338624339,45209,37048446,0.00122026710647999,12.2026710647999,64,37758,125,0.00169213685156787,0.338624338624339,0.00336744626555471,0.0228610677083333,0.977138932291667,0,1.12000898398777,0.446323838593616,0.109743158004747,-1.07443833748282,478.759065104167,1454.14933072917
K,41,27,0.0001,952,2,60,189,0,0,0,4845,0,0,0,0,189,0,0,0,0.999703567708333,0.000296432291666667,0,NaN,NaN,0.109743158004747,-1.07443833748282,15.4206197916667,250.212059895833
Lognormal,41,27,0.0001,952,2,60,189,39,0.206349206349206,745,37914812,1.96493127804511e-05,0.196493127804511,39,223,150,0.148854961832061,0.206349206349206,0.172949002217295,0,1,0,0.331275044844257,0.0177316640733797,0.109743158004747,-1.07443833748282,6.85183072916667,239.857208333333
Weibull,41,27,0.0001,952,2,60,189,180,0.952380952380952,55496,37914812,0.00146370236518646,14.6370236518646,180,21889,9,0.00815623725587929,0.952380952380952,0.0161739599245215,0,1,0,3.87155592099442,0.194297881583264,0.109743158004747,-1.07443833748282,8.075296875,240.838171875
BurrXII,51,41,0.0001,920,3,60,189,72,0.380952380952381,1986,22372223,8.87707940332975e-05,0.887707940332975,72,1180,117,0.0575079872204473,0.380952380952381,0.0999306037473976,0.405219973958333,0.594780026041667,0,5.30041653592766,6.5882556753633,0.110423433117789,-1.06777013545029,349.293877604167,615.729713541667
CA-CFAR,51,41,0.0001,920,0,60,189,117,0.619047619047619,2570,37914812,6.77835353634353e-05,0.677835353634353,117,589,72,0.165722379603399,0.619047619047619,0.26145251396648,0,1,0,NaN,NaN,0.110423433117789,-1.06777013545029,0,242.8808203125
G0,51,41,0.0001,920,3,60,189,76,0.402116402116402,1434,4895120,0.000292944810341728,2.92944810341728,76,487,113,0.134991119005329,0.402116402116402,0.202127659574468,0.861488984375,0.138511015625,0,3.2323006521183,5.01703986008612,0.110423433117789,-1.06777013545029,3308.05858854167,3666.54683854167
G0-L1,51,41,0.0001,920,2,60,189,1,0.00529100529100529,0,7203,0,0,1,0,188,1,0.00529100529100529,0.0105263157894737,0.999619479166667,0.000380520833333333,0,21.927310189753,28.9615299046531,0.110423433117789,-1.06777013545029,24.7173333333333,265.213447916667
GenGamma,51,41,0.0001,920,3,60,189,102,0.53968253968254,50061,37817842,0.00132374025995455,13.2374025995455,102,41171,87,0.00247134930826448,0.53968253968254,0.00492016786455067,0.00272901041666666,0.997270989583333,0,1.03923191544702,0.44204542203071,0.110423433117789,-1.06777013545029,178.100200520833,1164.342125
GenGamma-exact,51,41,0.0001,920,3,60,189,102,0.53968253968254,46556,37051724,0.00125651373199261,12.5651373199261,102,38165,87,0.00266548200799645,0.53968253968254,0.00530476388599958,0.0227059895833333,0.977294010416667,0,1.13339453580072,0.456134658529155,0.110423433117789,-1.06777013545029,477.924205729167,1459.1531015625
K,51,41,0.0001,920,2,60,189,1,0.00529100529100529,0,7203,0,0,1,0,188,1,0.00529100529100529,0.0105263157894737,0.999619479166667,0.000380520833333333,0,NaN,NaN,0.110423433117789,-1.06777013545029,9.7185546875,248.870838541667
Lognormal,51,41,0.0001,920,2,60,189,66,0.349206349206349,1109,37914812,2.92497823805641e-05,0.292497823805641,66,259,123,0.203076923076923,0.349206349206349,0.256809338521401,0,1,0,0.332298340868495,0.0182344460543223,0.110423433117789,-1.06777013545029,6.60754947916667,244.459489583333
Weibull,51,41,0.0001,920,2,60,189,185,0.978835978835979,59575,37914812,0.00157128564952399,15.7128564952399,185,22689,4,0.00808778525837195,0.978835978835979,0.0160430126176126,0,1,0,3.85967711001012,0.197615057527194,0.110423433117789,-1.06777013545029,8.34553645833333,245.820338541667
BurrXII,61,49,0.0001,1320,3,60,189,84,0.444444444444444,2191,22560984,9.71145584784777e-05,0.971145584784777,84,1108,105,0.0704697986577181,0.444444444444444,0.121650977552498,0.400265755208333,0.599734244791667,0,5.56652349850619,6.64272276986387,0.110639654706373,-1.06152903732262,350.887489583333,619.8945390625
CA-CFAR,61,49,0.0001,1320,0,60,189,130,0.687830687830688,2843,37914812,7.498388756352e-05,0.7498388756352,130,647,59,0.167310167310167,0.687830687830688,0.269151138716356,0,1,0,NaN,NaN,0.110639654706373,-1.06152903732262,0,244.8170078125
G0,61,49,0.0001,1320,3,60,189,92,0.486772486772487,1696,5130305,0.000330584633857051,3.30584633857051,92,498,97,0.155932203389831,0.486772486772487,0.23620025673941,0.855373932291667,0.144626067708333,0,3.38085558013229,3.57262250260002,0.110639654706373,-1.06152903732262,3307.72309114583,3671.09090885417
G0-L1,61,49,0.0001,1320,2,60,189,1,0.00529100529100529,0,5932,0,0,1,0,188,1,0.00529100529100529,0.0105263157894737,0.99967484375,0.00032515625,0,24.2000841753103,39.0918690267072,0.110639654706373,-1.06152903732262,25.1653802083333,267.486705729167
GenGamma,61,49,0.0001,1320,3,60,189,115,0.608465608465608,48046,37808902,0.00127075893396746,12.7075893396746,115,38926,74,0.00294562126994698,0.608465608465608,0.00586286005607953,0.00294697916666666,0.997053020833333,0,1.05013819986012,0.367220464383703,0.110639654706373,-1.06152903732262,173.649591145833,1153.32162760417
GenGamma-exact,61,49,0.0001,1320,3,60,189,115,0.608465608465608,45293,37085378,0.0012213169298153,12.213169298153,115,36589,74,0.00313317349607672,0.608465608465608,0.00623424497872225,0.021805546875,0.978194453125,0,1.14474205448474,0.380336656908066,0.110639654706373,-1.06152903732262,478.110716145833,1470.27047395833
K,61,49,0.0001,1320,2,60,189,1,0.00529100529100529,0,5932,0,0,1,0,188,1,0.00529100529100529,0.0105263157894737,0.99967484375,0.00032515625,0,NaN,NaN,0.110639654706373,-1.06152903732262,9.8377890625,251.276463541667
Lognormal,61,49,0.0001,1320,2,60,189,83,0.439153439153439,1311,37914812,3.45775155102971e-05,0.345775155102971,83,265,106,0.238505747126437,0.439153439153439,0.309124767225326,0,1,0,0.332623285193766,0.0155161714531265,0.110639654706373,-1.06152903732262,6.71525520833333,246.614455729167
Weibull,61,49,0.0001,1320,2,60,189,186,0.984126984126984,59666,37914812,0.00157368576692402,15.7368576692402,186,22053,3,0.00836368541750978,0.984126984126984,0.0165864098448368,0,1,0,3.85591199689274,0.166570278545074,0.110639654706373,-1.06152903732262,8.82699479166667,248.379966145833
BurrXII,71,57,0.0001,1792,3,60,189,94,0.497354497354497,2696,22732608,0.000118596159314409,1.18596159314409,94,1181,95,0.0737254901960784,0.497354497354497,0.128415300546448,0.395812552083333,0.604187447916667,0,5.79208426850182,5.9041382207096,0.110824169448695,-1.05298957290805,343.91575,609.417796875
CA-CFAR,71,57,0.0001,1792,0,60,189,139,0.735449735449735,3107,37914812,8.19468655152503e-05,0.819468655152503,139,671,50,0.171604938271605,0.735449735449735,0.278278278278278,0,1,0,NaN,NaN,0.110824169448695,-1.05298957290805,0,242.603013020833
G0,71,57,0.0001,1792,3,60,189,99,0.523809523809524,1777,5371147,0.000330841810883225,3.30841810883225,99,442,90,0.182994454713494,0.523809523809524,0.271232876712329,0.8492871875,0.1507128125,0,3.44750608400209,4.06227273385519,0.110824169448695,-1.05298957290805,3287.4151953125,3651.93282552083
G0-L1,71,57,0.0001,1792,2,60,189,1,0.00529100529100529,0,4239,0,0,1,0,188,1,0.00529100529100529,0.0105263157894737,0.999739869791667,0.000260130208333333,0,36.3617921721328,46.0511850167963,0.110824169448695,-1.05298957290805,23.4743854166667,263.318513020833
GenGamma,71,57,0.0001,1792,3,60,189,130,0.687830687830688,46815,37800405,0.00123847879407641,12.3847879407641,130,37352,59,0.00346833146577024,0.687830687830688,0.00690186084786706,0.00315736979166667,0.996842630208333,0,1.06820295292636,0.318539040062553,0.110824169448695,-1.05298957290805,170.8473515625,1150.11369270833
GenGamma-exact,71,57,0.0001,1792,3,60,189,128,0.677248677248677,44732,37102835,0.00120562215798335,12.0562215798335,128,35366,61,0.00360624330872824,0.677248677248677,0.00717428467337388,0.0213498697916667,0.978650130208333,0,1.16345471661516,0.32783353500139,0.110824169448695,-1.05298957290805,468.268419270833,1453.28358333333
K,71,57,0.0001,1792,2,60,189,1,0.00529100529100529,0,4239,0,0,1,0,188,1,0.00529100529100529,0.0105263157894737,0.999739869791667,0.000260130208333333,0,NaN,NaN,0.110824169448695,-1.05298957290805,9.2625234375,248.157877604167
Lognormal,71,57,0.0001,1792,2,60,189,89,0.470899470899471,1450,37914812,3.82436289015491e-05,0.382436289015491,89,235,100,0.274691358024691,0.470899470899471,0.346978557504873,0,1,0,0.332900051392152,0.0134740906768306,0.110824169448695,-1.05298957290805,6.58441927083333,244.1888046875
Weibull,71,57,0.0001,1792,2,60,189,185,0.978835978835979,60668,37914812,0.00160011343324081,16.0011343324081,185,21815,4,0.00840909090909091,0.978835978835979,0.0166749290188832,0,1,0,3.85271732834803,0.145136832181941,0.110824169448695,-1.05298957290805,8.07946354166667,245.385888020833
BurrXII,81,65,0.0001,2336,3,60,189,107,0.566137566137566,2929,22897953,0.00012791536431226,1.2791536431226,107,1167,82,0.0839874411302983,0.566137566137566,0.146274777853725,0.391643046875,0.608356953125,0,4.91096245046534,5.85596812436119,0.110926293226674,-1.05249276558247,352.262684895833,619.7978984375
CA-CFAR,81,65,0.0001,2336,0,60,189,152,0.804232804232804,3315,37914812,8.74328481438864e-05,0.874328481438863,152,732,37,0.171945701357466,0.804232804232804,0.28331780055918,0,1,0,NaN,NaN,0.110926293226674,-1.05249276558247,0,243.598080729167
G0,81,65,0.0001,2336,3,60,189,105,0.555555555555556,1609,5612437,0.000286684732496775,2.86684732496775,105,429,84,0.196629213483146,0.555555555555556,0.29045643153527,0.84335046875,0.15664953125,0,3.61395008170128,4.02918464712834,0.110926293226674,-1.05249276558247,3283.33065104167,3655.59329166667
G0-L1,81,65,0.0001,2336,2,60,189,0,0,0,3273,0,0,0,0,189,0,0,0,0.999778932291667,0.000221067708333333,0,30.6233356765926,37.7382530571412,0.110926293226674,-1.05249276558247,24.2769583333333,264.885401041667
GenGamma,81,65,0.0001,2336,3,60,189,136,0.71957671957672,46080,37790408,0.00121935703896079,12.1935703896079,136,36410,53,0.00372133749247524,0.71957671957672,0.00740438274125493,0.0034103125,0.9965896875,0,1.06912795198773,0.28599619425974,0.110926293226674,-1.05249276558247,170.225072916667,1150.65648958333
GenGamma-exact,81,65,0.0001,2336,3,60,189,136,0.71957671957672,44735,37119067,0.00120517576586718,12.0517576586718,136,34893,53,0.00388249735933084,0.71957671957672,0.00772332330058493,0.020927890625,0.979072109375,0,1.16441362612749,0.290688339772021,0.110926293226674,-1.05249276558247,481.180294270833,1463.48114322917
K,81,65,0.0001,2336,2,60,189,0,0,0,3273,0,0,0,0,189,0,0,0,0.999778932291667,0.000221067708333333,0,NaN,NaN,0.110926293226674,-1.05249276558247,9.16125,248.8346875
Lognormal,81,65,0.0001,2336,2,60,189,104,0.55026455026455,1484,37914812,3.91403760619992e-05,0.391403760619992,104,229,85,0.312312312312312,0.55026455026455,0.398467432950192,0,1,0,0.333053356004506,0.0120115427556151,0.110926293226674,-1.05249276558247,6.34705208333333,244.5774453125
Weibull,81,65,0.0001,2336,2,60,189,185,0.978835978835979,61336,37914812,0.00161773187745201,16.1773187745201,185,21468,4,0.00854385073661848,0.978835978835979,0.016939840673931,0,1,0,3.85094490884055,0.128384842199763,0.110926293226674,-1.05249276558247,9.0183515625,247.116716145833
BurrXII,91,73,0.0001,2952,3,60,189,118,0.624338624338624,3004,23024253,0.000130471116695947,1.30471116695947,118,1194,71,0.0899390243902439,0.624338624338624,0.157228514323784,0.388581119791667,0.611418880208333,0,4.6042723592477,5.28728261440035,0.11098521737365,-1.05118857213264,355.4051796875,630.574994791667
CA-CFAR,91,73,0.0001,2952,0,60,189,157,0.830687830687831,3534,37914812,9.32089548538444e-05,0.932089548538445,157,804,32,0.163371488033299,0.830687830687831,0.27304347826087,0,1,0,NaN,NaN,0.11098521737365,-1.05118857213264,0,251.163377604167
G0,91,73,0.0001,2952,3,60,189,100,0.529100529100529,1761,5840177,0.000301531956993769,3.01531956993769,100,399,89,0.200400801603206,0.529100529100529,0.290697674418605,0.837787317708333,0.162212682291667,0,3.82074919982782,4.00539248081427,0.11098521737365,-1.05118857213264,3239.88824479167,3623.61029427083
G0-L1,91,73,0.0001,2952,2,60,189,0,0,0,3063,0,0,0,0,189,0,0,0,0.999816276041667,0.000183723958333333,0,25.7456361596839,31.1109213460434,0.11098521737365,-1.05118857213264,25.1007890625,273.1726015625
GenGamma,91,73,0.0001,2952,3,60,189,141,0.746031746031746,45644,37783033,0.00120805547823543,12.0805547823543,141,35577,48,0.00394758945069713,0.746031746031746,0.00785362185646253,0.00361752604166667,0.996382473958333,0,1.07167175823756,0.258335642082335,0.11098521737365,-1.05118857213264,174.341622395833,1163.06342708333
GenGamma-exact,91,73,0.0001,2952,3,60,189,141,0.746031746031746,44707,37128193,0.00120412539333654,12.0412539333654,141,34463,48,0.00407467344815628,0.746031746031746,0.00810507860776593,0.0207059635416667,0.979294036458333,0,1.16704879169121,0.263507042252568,0.11098521737365,-1.05118857213264,465.4387421875,1457.7306796875
K,91,73,0.0001,2952,2,60,189,0,0,0,3063,0,0,0,0,189,0,0,0,0.999816276041667,0.000183723958333333,0,NaN,NaN,0.11098521737365,-1.05118857213264,9.12388802083333,256.206513020833
Lognormal,91,73,0.0001,2952,2,60,189,116,0.613756613756614,1579,37914812,4.16459931279628e-05,0.416459931279628,116,235,73,0.33048433048433,0.613756613756614,0.42962962962963,0,1,0,0.33314156050009,0.0107589267587573,0.11098521737365,-1.05118857213264,6.63875,252.3568671875
Weibull,91,73,0.0001,2952,2,60,189,186,0.984126984126984,62656,37914812,0.00165254676721066,16.5254676721066,186,21408,3,0.00861350375104196,0.984126984126984,0.0170775375292659,0,1,0,3.8499309241617,0.116589695949014,0.11098521737365,-1.05118857213264,8.03411458333333,253.445372395833
BurrXII,101,73,0.0001,4872,3,60,189,105,0.555555555555556,3000,23111640,0.000129804721776559,1.29804721776559,105,1221,84,0.0791855203619909,0.555555555555556,0.138613861386139,0.386390989583333,0.613609010416667,0,3.95640212744837,4.45561341468358,0.111003394946781,-1.05401158936635,345.71096875,635.105575520833
CA-CFAR,101,73,0.0001,4872,0,60,189,153,0.80952380952381,3541,37914812,9.33935792692312e-05,0.933935792692312,153,819,36,0.157407407407407,0.80952380952381,0.263565891472868,0,1,0,NaN,NaN,0.111003394946781,-1.05401158936635,0,265.841255208333
G0,101,73,0.0001,4872,3,60,189,92,0.486772486772487,1667,6034126,0.000276262046897927,2.76262046897927,92,387,97,0.192066805845511,0.486772486772487,0.275449101796407,0.832857421875,0.167142578125,0,4.16725395999812,4.15448152034619,0.111003394946781,-1.05401158936635,3237.44992447917,3638.19571614583
G0-L1,101,73,0.0001,4872,2,60,189,0,0,0,2450,0,0,0,0,189,0,0,0,0.999861796875,0.000138203125,0,15.8371119441564,23.0352080976059,0.111003394946781,-1.05401158936635,24.9596380208333,287.671684895833
GenGamma,101,73,0.0001,4872,3,60,189,141,0.746031746031746,44389,37773082,0.00117514901219869,11.7514901219869,141,34533,48,0.00406644748226337,0.746031746031746,0.00808880475002151,0.00384684895833333,0.996153151041667,0,1.06612373130115,0.205346621438294,0.111003394946781,-1.05401158936635,175.590283854167,1177.60718229167
GenGamma-exact,101,73,0.0001,4872,3,60,189,140,0.740740740740741,43437,37137239,0.00116963460853942,11.6963460853942,140,33216,49,0.00419714594076028,0.740740740740741,0.00834699657176927,0.020437109375,0.979562890625,0,1.16130039276848,0.20917345458784,0.111003394946781,-1.05401158936635,466.45959375,1471.76890625
K,101,73,0.0001,4872,2,60,189,0,0,0,2450,0,0,0,0,189,0,0,0,0.999861796875,0.000138203125,0,NaN,NaN,0.111003394946781,-1.05401158936635,8.88680729166667,270.655145833333
Lognormal,101,73,0.0001,4872,2,60,189,110,0.582010582010582,1588,37914812,4.18833673763172e-05,0.418833673763172,110,237,79,0.31700288184438,0.582010582010582,0.41044776119403,0,1,0,0.333169210293858,0.00856041806603747,0.111003394946781,-1.05401158936635,6.7293984375,267.3472265625
Weibull,101,73,0.0001,4872,2,60,189,186,0.984126984126984,62630,37914812,0.00165186101938208,16.5186101938208,186,21033,3,0.00876572882793723,0.984126984126984,0.0173766816143498,0,1,0,3.84960288239972,0.0930492942571284,0.111003394946781,-1.05401158936635,8.39821875,268.705893229167
BurrXII,111,79,0.0001,6080,3,60,189,101,0.534391534391534,3318,23205339,0.000142984336492563,1.42984336492563,101,1278,88,0.0732414793328499,0.534391534391534,0.128826530612245,0.3841278125,0.6158721875,0,3.96960727525243,4.05985172887076,0.11102570698336,-1.05262501155101,346.5296015625,626.568713541667
CA-CFAR,111,79,0.0001,6080,0,60,189,155,0.82010582010582,3849,37914812,0.00010151705354625,1.0151705354625,155,849,34,0.154382470119522,0.82010582010582,0.259849119865884,0,1,0,NaN,NaN,0.11102570698336,-1.05262501155101,0,258.080856770833
G0,111,79,0.0001,6080,3,60,189,82,0.433862433862434,1918,6238563,0.00030744259535409,3.0744259535409,82,409,107,0.167006109979633,0.433862433862434,0.241176470588235,0.827848177083333,0.172151822916667,0,4.40169442471024,4.43882719211046,0.11102570698336,-1.05262501155101,3190.1913828125,3587.83667447917
G0-L1,111,79,0.0001,6080,2,60,189,0,0,0,1744,0,0,0,0,189,0,0,0,0.99989484375,0.00010515625,0,53.6941837705077,34.6476052061009,0.11102570698336,-1.05262501155101,24.242578125,278.850513020833
GenGamma,111,79,0.0001,6080,3,60,189,139,0.735449735449735,44512,37765435,0.00117864391076126,11.7864391076126,139,34099,50,0.00405981657807115,0.735449735449735,0.00807505736776367,0.004024296875,0.995975703125,0,1.06884572733267,0.185521623858735,0.11102570698336,-1.05262501155101,172.872973958333,1159.679421875
GenGamma-exact,111,79,0.0001,6080,3,60,189,139,0.735449735449735,43351,37140340,0.00116722140938936,11.6722140938936,139,32615,50,0.00424375648775722,0.735449735449735,0.00843881856540084,0.0203307291666667,0.979669270833333,0,1.16412057668997,0.190584246238796,0.11102570698336,-1.05262501155101,467.728791666667,1455.47525
K,111,79,0.0001,6080,2,60,189,0,0,0,1744,0,0,0,0,189,0,0,0,0.99989484375,0.00010515625,0,NaN,NaN,0.11102570698336,-1.05262501155101,9.349671875,263.1921953125
Lognormal,111,79,0.0001,6080,2,60,189,108,0.571428571428571,1722,37914812,4.541760618515e-05,0.4541760618515,108,253,81,0.299168975069252,0.571428571428571,0.392727272727273,0,1,0,0.333202714602314,0.00778008052890897,0.11102570698336,-1.05262501155101,6.78026041666667,259.323213541667
Weibull,111,79,0.0001,6080,2,60,189,185,0.978835978835979,64156,37914812,0.0016921091419364,16.921091419364,185,21025,4,0.00872230080150872,0.978835978835979,0.0172905275947474,0,1,0,3.84921528862898,0.0845880100676153,0.11102570698336,-1.05262501155101,8.44864322916667,260.814674479167
BurrXII,121,87,0.0001,7072,3,60,189,97,0.513227513227513,3746,23289644,0.000160844021488693,1.60844021488693,97,1297,92,0.069583931133429,0.513227513227513,0.122552116234997,0.382088125,0.617911875,0,3.96018091878875,3.99034436368988,0.111088066628716,-1.05009237318315,353.484890625,640.5738203125
CA-CFAR,121,87,0.0001,7072,0,60,189,155,0.82010582010582,4203,37914812,0.000110853773981525,1.10853773981525,155,895,34,0.147619047619048,0.82010582010582,0.250201775625504,0,1,0,NaN,NaN,0.111088066628716,-1.05009237318315,0,263.895752604167
G0,121,87,0.0001,7072,3,60,189,78,0.412698412698413,1960,6428370,0.000304898442373417,3.04898442373417,78,437,111,0.151456310679612,0.412698412698413,0.221590909090909,0.823184244791667,0.176815755208333,0,4.65345126804897,5.03723107443295,0.111088066628716,-1.05009237318315,3211.62321875,3627.13985416667
G0-L1,121,87,0.0001,7072,2,60,189,0,0,0,684,0,0,0,0,189,0,0,0,0.999922760416667,7.72395833333333e-05,0,22.9482190586103,45.0401928821252,0.111088066628716,-1.05009237318315,23.4212994791667,284.098184895833
GenGamma,121,87,0.0001,7072,3,60,189,139,0.735449735449735,45014,37761222,0.0011920694727517,11.920694727517,139,33742,50,0.00410259437442815,0.735449735449735,0.00815967126504256,0.00414106770833333,0.995858932291667,0,1.07378799325085,0.174957273245451,0.111088066628716,-1.05009237318315,170.2943359375,1162.76016666667
GenGamma-exact,121,87,0.0001,7072,3,60,189,139,0.735449735449735,43896,37147892,0.00118165520670729,11.8165520670729,139,32306,50,0.00428417321621205,0.735449735449735,0.00851872280443709,0.0201554947916667,0.979844505208333,0,1.16923817669525,0.178941279028214,0.111088066628716,-1.05009237318315,468.874140625,1465.0689609375
K,121,87,0.0001,7072,2,60,189,0,0,0,684,0,0,0,0,189,0,0,0,0.999922760416667,7.72395833333333e-05,0,NaN,NaN,0.111088066628716,-1.05009237318315,9.1078515625,269.094208333333
Lognormal,121,87,0.0001,7072,2,60,189,120,0.634920634920635,1931,37914812,5.09299637302698e-05,0.509299637302698,120,299,69,0.286396181384248,0.634920634920635,0.394736842105263,0,1,0,0.333296109488098,0.0072952482857645,0.111088066628716,-1.05009237318315,6.67268229166667,265.246434895833
Weibull,121,87,0.0001,7072,2,60,189,185,0.978835978835979,66153,37914812,0.0017447798501546,17.447798501546,185,21152,4,0.00867038477761635,0.978835978835979,0.0171885162129518,0,1,0,3.84814052697079,0.0812057037604972,0.111088066628716,-1.05009237318315,7.95121354166667,266.4725546875
BurrXII,131,93,0.0001,8512,3,60,189,93,0.492063492063492,4079,23361292,0.000174605068931975,1.74605068931975,93,1339,96,0.0649441340782123,0.492063492063492,0.114743985194324,0.38031484375,0.61968515625,0,4.0201588529296,3.90414190059698,0.111117964331022,-1.04949402660091,355.113544270833,642.6386484375
CA-CFAR,131,93,0.0001,8512,0,60,189,157,0.830687830687831,4459,37914812,0.000117605752601384,1.17605752601384,157,939,32,0.143248175182482,0.830687830687831,0.244357976653696,0,1,0,NaN,NaN,0.111117964331022,-1.04949402660091,0,264.523046875
G0,131,93,0.0001,8512,3,60,189,70,0.37037037037037,1949,6599389,0.000295330370735836,2.95330370735836,70,418,119,0.14344262295082,0.37037037037037,0.206794682422452,0.818924453125,0.181075546875,0,4.90284878577154,5.02343788191815,0.111117964331022,-1.04949402660091,3200.38407291667,3615.86058854167
G0-L1,131,93,0.0001,8512,2,60,189,0,0,0,530,0,0,0,0,189,0,0,0,0.999923697916666,7.63020833333333e-05,0,55.017925124826,80.7781528842036,0.111117964331022,-1.04949402660091,24.1944505208333,285.268861979167
GenGamma,131,93,0.0001,8512,3,60,189,141,0.746031746031746,45507,37753960,0.00120535700096096,12.0535700096096,141,33410,48,0.00420255730082561,0.746031746031746,0.00835803200948429,0.00433078125,0.99566921875,0,1.07483138146211,0.163254873167702,0.111117964331022,-1.04949402660091,169.192114583333,1167.0631640625
GenGamma-exact,131,93,0.0001,8512,3,60,189,141,0.746031746031746,44394,37148701,0.00119503505654208,11.9503505654208,141,31970,48,0.00439101865404379,0.746031746031746,0.00873065015479876,0.0201377083333333,0.979862291666667,0,1.17031722120937,0.16994202148161,0.111117964331022,-1.04949402660091,461.353153645833,1456.24331510417
K,131,93,0.0001,8512,2,60,189,0,0,0,530,0,0,0,0,189,0,0,0,0.999923697916666,7.63020833333333e-05,0,NaN,NaN,0.111117964331022,-1.04949402660091,8.93294010416667,269.035815104167
Lognormal,131,93,0.0001,8512,2,60,189,123,0.650793650793651,2138,37914812,5.6389571442422e-05,0.56389571442422,123,324,66,0.275167785234899,0.650793650793651,0.386792452830189,0,1,0,0.333340962173588,0.00687846992235158,0.111117964331022,-1.04949402660091,6.4959296875,265.556015625
Weibull,131,93,0.0001,8512,2,60,189,185,0.978835978835979,68246,37914812,0.00179998255035525,17.9998255035525,185,21396,4,0.00857235531254344,0.978835978835979,0.0169958658704639,0,1,0,3.84762262842018,0.0753110054425732,0.111117964331022,-1.04949402660091,8.06684375,266.872830729167
BurrXII,141,101,0.0001,9680,3,60,189,88,0.465608465608466,4229,23444506,0.000180383412642604,1.80383412642604,88,1351,101,0.0611535788742182,0.465608465608466,0.108108108108108,0.378237473958333,0.621762526041667,0,3.98541007762658,3.60475177449333,0.111144159290776,-1.04817420394579,345.172450520833,638.322770833333
CA-CFAR,141,101,0.0001,9680,0,60,189,156,0.825396825396825,4739,37914812,0.000124990729216856,1.24990729216856,156,990,33,0.136125654450262,0.825396825396825,0.233707865168539,0,1,0,NaN,NaN,0.111144159290776,-1.04817420394579,0,270.9291953125
G0,141,101,0.0001,9680,3,60,189,64,0.338624338624339,2153,6770014,0.000318020021819748,3.18020021819748,64,410,125,0.135021097046413,0.338624338624339,0.193061840120664,0.814636354166667,0.185363645833333,0,4.98864743092575,5.62024412061368,0.111144159290776,-1.04817420394579,3226.04799479167,3648.5893046875
G0-L1,141,101,0.0001,9680,2,60,189,0,0,0,869,0,0,0,0,189,0,0,0,0.999928151041667,7.18489583333333e-05,0,36.1613209427938,49.0325208256847,0.111144159290776,-1.04817420394579,24.350875,292.282041666667
GenGamma,141,101,0.0001,9680,3,60,189,147,0.777777777777778,46436,37748971,0.00123012624635517,12.3012624635517,147,33223,42,0.00440515433023674,0.777777777777778,0.00876069012783456,0.00444533854166667,0.995554661458333,0,1.07723593361526,0.157803904005845,0.111144159290776,-1.04817420394579,172.232388020833,1171.7060390625
GenGamma-exact,141,101,0.0001,9680,3,60,189,147,0.777777777777778,45343,37154402,0.00122039375038253,12.2039375038253,147,31811,42,0.0045997872207272,0.777777777777778,0.00914548791489097,0.019982265625,0.980017734375,0,1.17280633527707,0.163176529329988,0.111144159290776,-1.04817420394579,470.678825520833,1476.44506510417
K,141,101,0.0001,9680,2,60,189,0,0,0,869,0,0,0,0,189,0,0,0,0.999928151041667,7.18489583333333e-05,0,NaN,NaN,0.111144159290776,-1.04817420394579,8.7802421875,275.810161458333
Lognormal,141,101,0.0001,9680,2,60,189,123,0.650793650793651,2398,37914812,6.3247049728217e-05,0.63247049728217,123,347,66,0.261702127659574,0.650793650793651,0.373292867981791,0,1,0,0.333380214647127,0.00641243676214631,0.111144159290776,-1.04817420394579,6.67722395833333,272.438122395833
Weibull,141,101,0.0001,9680,2,60,189,186,0.984126984126984,70391,37914812,0.00185655674621306,18.5655674621306,186,21645,3,0.00851999450322935,0.984126984126984,0.0168937329700273,0,1,0,3.8471704398392,0.0713468633678336,0.111144159290776,-1.04817420394579,8.58178645833333,274.091067708333
BurrXII,151,109,0.0001,10920,3,60,189,91,0.481481481481481,4451,23520473,0.00018923939157176,1.8923939157176,91,1372,98,0.062200956937799,0.481481481481481,0.110169491525424,0.37631734375,0.62368265625,0,3.97160729986746,3.68297300905567,0.111175097190195,-1.04516846959985,347.8101796875,644.7677890625
CA-CFAR,151,109,0.0001,10920,0,60,189,155,0.82010582010582,5036,37914812,0.000132824079412553,1.32824079412553,155,1039,34,0.129815745393635,0.82010582010582,0.224150397686189,0,1,0,NaN,NaN,0.111175097190195,-1.04516846959985,0,274.434013020833
G0,151,109,0.0001,10920,3,60,189,60,0.317460317460317,2384,6928643,0.000344078919927033,3.44078919927033,60,428,129,0.122950819672131,0.317460317460317,0.17725258493353,0.810588255208333,0.189411744791667,0,5.20336320670473,6.39279337964907,0.111175097190195,-1.04516846959985,3218.57566666667,3647.0308984375
G0-L1,151,109,0.0001,10920,2,60,189,0,0,0,1154,0,0,0,0,189,0,0,0,0.999934453125,6.5546875e-05,0,39.2636205438064,63.2903767782473,0.111175097190195,-1.04516846959985,23.8949348958333,295.18278125
GenGamma,151,109,0.0001,10920,3,60,189,146,0.772486772486772,47317,37739689,0.00125377291794853,12.5377291794853,146,33052,43,0.0043978552924875,0.772486772486772,0.00874591907029682,0.00468005208333333,0.995319947916667,0,1.08309558260832,0.151919722978525,0.111175097190195,-1.04516846959985,167.306697916667,1167.00301041667
GenGamma-exact,151,109,0.0001,10920,3,60,189,146,0.772486772486772,46162,37151361,0.00124253859771113,12.4253859771113,146,31646,43,0.00459235027679919,0.772486772486772,0.00913042118758013,0.0200646614583333,0.979935338541667,0,1.17886901604803,0.157006736403111,0.111175097190195,-1.04516846959985,458.185546875,1461.93970572917
K,151,109,0.0001,10920,2,60,189,0,0,0,1154,0,0,0,0,189,0,0,0,0.999934453125,6.5546875e-05,0,NaN,NaN,0.111175097190195,-1.04516846959985,9.090234375,279.321416666667
Lognormal,151,109,0.0001,10920,2,60,189,122,0.645502645502645,2692,37914812,7.10012751744622e-05,0.710012751744622,122,366,67,0.25,0.645502645502645,0.360413589364845,0,1,0,0.333426402739631,0.00609989824525006,0.111175097190195,-1.04516846959985,6.6401953125,275.867356770833
Weibull,151,109,0.0001,10920,2,60,189,186,0.984126984126984,72264,37914812,0.00190595696478727,19.0595696478727,186,21894,3,0.00842391304347826,0.984126984126984,0.0167048363195474,0,1,0,3.84664231353684,0.0683133650983136,0.111175097190195,-1.04516846959985,8.08742447916667,277.1926484375
BurrXII,11,7,0.001,72,3,60,189,40,0.211640211640212,13455,23955606,0.000561663937869073,0.561663937869073,40,9902,149,0.00402333534500101,0.211640211640212,0.00789655512782549,0.3655140625,0.6344859375,0,2.68585903666822,2.71573363259371,0.104938521661552,-0.906523767223446,401.539520833333,656.775645833333
CA-CFAR,11,7,0.001,72,0,60,189,31,0.164021164021164,3155,37914812,8.3212861506474e-05,0.083212861506474,31,1352,158,0.0224150397686189,0.164021164021164,0.039440203562341,0,1,0,NaN,NaN,0.104938521661552,-0.906523767223446,0,236.048192708333
G0,11,7,0.001,72,3,60,189,37,0.195767195767196,6612,9221922,0.000716987196378369,0.716987196378369,37,4263,152,0.0086046511627907,0.195767195767196,0.0164847404767209,0.751784609375,0.248215390625,0,23.3820520614964,36.9997516818164,0.104938521661552,-0.906523767223446,3617.66344010417,4061.5287734375
G0-L1,11,7,0.001,72,2,60,189,0,0,0,8634,0,0,0,0,189,0,0,0,0.999623255208334,0.000376744791666667,0,11.7192027389917,19.5134049326716,0.104938521661552,-0.906523767223446,26.8001979166667,253.642830729167
GenGamma,11,7,0.001,72,3,60,189,97,0.513227513227513,209033,37789598,0.00553149573065053,5.53149573065053,97,163229,92,0.000593904216107662,0.513227513227513,0.00118643549521451,0.00356489583333333,0.996435104166667,0,1.42906403729865,1.98806171628167,0.104938521661552,-0.906523767223446,177.138572916667,1307.11641145833
GenGamma-exact,11,7,0.001,72,3,60,189,93,0.492063492063492,157767,35424348,0.00445363172245259,4.45363172245259,93,125963,96,0.000737767341499016,0.492063492063492,0.00147332567626441,0.0655454166666667,0.934454583333333,0,1.59565067981513,2.02778398743765,0.104938521661552,-0.906523767223446,459.757653645833,1513.3411796875
K,11,7,0.001,72,2,60,189,0,0,0,8634,0,0,0,0,189,0,0,0,0.999623255208334,0.000376744791666667,0,NaN,NaN,0.104938521661552,-0.906523767223446,12.1581822916667,471.73490625
Lognormal,11,7,0.001,72,2,60,189,26,0.137566137566138,6576,37914812,0.000173441450797646,0.173441450797646,26,2870,163,0.00897790055248619,0.137566137566138,0.0168557536466775,0,1,0,0.323942110104476,0.0602730594877019,0.104938521661552,-0.906523767223446,6.91654427083333,229.636026041667
Weibull,11,7,0.001,72,2,60,189,163,0.862433862433862,204713,37914812,0.00539928827815367,5.39928827815367,163,128354,26,0.00126831469766646,0.862433862433862,0.00253290444889904,0,1,0,3.95919569756121,0.699250557217516,0.104938521661552,-0.906523767223446,8.7406015625,231.3749140625
BurrXII,15,11,0.001,104,3,60,189,36,0.19047619047619,11895,23065297,0.000515709812884699,0.515709812884699,36,8703,153,0.00411946446961895,0.19047619047619,0.00806451612903226,0.388277473958333,0.611722526041667,0,2.91500773642638,3.2837810232862,0.106784567694326,-0.946225814322558,379.166893229167,646.899046875
CA-CFAR,15,11,0.001,104,0,60,189,67,0.354497354497354,4701,37914812,0.000123988482390471,0.123988482390471,67,1729,122,0.0373051224944321,0.354497354497354,0.0675062972292192,0,1,0,NaN,NaN,0.106784567694326,-0.946225814322558,0,243.805005208333
G0,15,11,0.001,104,3,60,189,41,0.216931216931217,6559,7764771,0.000844712612902557,0.844712612902557,41,3802,148,0.0106687483736664,0.216931216931217,0.0203373015873016,0.788859010416667,0.211140989583333,0,26.6817507780678,45.4123808803809,0.106784567694326,-0.946225814322558,3463.04184114583,3888.24132291667
G0-L1,15,11,0.001,104,2,60,189,0,0,1,8108,0.000123334977799704,0.123334977799704,0,1,189,0,0,0,0.999559973958333,0.000440026041666667,0,11.3807459938127,18.1420092733577,0.106784567694326,-0.946225814322558,25.8737994791667,265.595588541667
GenGamma,15,11,0.001,104,3,60,189,88,0.465608465608466,201553,37830402,0.00532780486974471,5.32780486974471,88,157297,101,0.000559138418527814,0.465608465608466,0.0011169355350502,0.00247018229166666,0.997529817708333,0,1.31628785683209,1.56375036937835,0.106784567694326,-0.946225814322558,182.02859375,1308.74566145833
GenGamma-exact,15,11,0.001,104,3,60,189,83,0.439153439153439,160616,35992858,0.00446244085423836,4.46244085423836,83,128377,106,0.000646115522341585,0.439153439153439,0.00129033261043615,0.050591484375,0.949408515625,0,1.43004641393633,1.60797754295036,0.106784567694326,-0.946225814322558,459.4249453125,1532.03466927083
K,15,11,0.001,104,2,60,189,0,0,1,8108,0.000123334977799704,0.123334977799704,0,1,189,0,0,0,0.999559973958333,0.000440026041666667,0,NaN,NaN,0.106784567694326,-0.946225814322558,10.8574296875,249.367203125
Lognormal,15,11,0.001,104,2,60,189,36,0.19047619047619,6096,37914812,0.000160781490885409,0.160781490885409,36,2433,153,0.0145808019441069,0.19047619047619,0.0270880361173815,0,1,0,0.326778938543229,0.0507669837582641,0.106784567694326,-0.946225814322558,6.86997395833333,243.037575520833
Weibull,15,11,0.001,104,2,60,189,168,0.888888888888889,183849,37914812,0.0048490020206351,4.8490020206351,168,107641,21,0.00155831145822705,0.888888888888889,0.00311116872534677,0,1,0,3.92482744786653,0.582178267563871,0.106784567694326,-0.946225814322558,8.48813020833334,244.48146875
BurrXII,17,13,0.001,120,3,60,189,44,0.232804232804233,11575,22782627,0.000508062568903928,0.508062568903928,44,8407,145,0.00520648443971128,0.232804232804233,0.0101851851851852,0.395470494791667,0.604529505208333,0,3.05994703659689,3.4035228822435,0.107254902632758,-0.963263827290802,375.404091145833,626.8256640625
CA-CFAR,17,13,0.001,120,0,60,189,84,0.444444444444444,5355,37914812,0.000141237677770893,0.141237677770893,84,1889,105,0.0425747592498733,0.444444444444444,0.0777058279370953,0,1,0,NaN,NaN,0.107254902632758,-0.963263827290802,0,228.322192708333
G0,17,13,0.001,120,3,60,189,49,0.259259259259259,6446,7272646,0.000886334904792561,0.886334904792561,49,3586,140,0.0134800550206327,0.259259259259259,0.0256276150627615,0.801336328125,0.198663671875,0,27.7170709519684,47.4557304252481,0.107254902632758,-0.963263827290802,3495.763265625,3890.54809635417
G0-L1,17,13,0.001,120,2,60,189,2,0.0105820105820106,0,8222,0,0,2,0,187,1,0.0105820105820106,0.0209424083769633,0.999522760416667,0.000477239583333333,0,10.9580077319186,18.1830346251835,0.107254902632758,-0.963263827290802,26.1724088541667,250.747458333333
GenGamma,17,13,0.001,120,3,60,189,95,0.502645502645503,195574,37835491,0.00516906203225961,5.16906203225961,95,152888,94,0.000620984030905395,0.502645502645503,0.0012404355887499,0.00233617187500001,0.997663828125,0,1.27074148355253,1.44352956639652,0.107254902632758,-0.963263827290802,174.547244791667,1289.31651041667
GenGamma-exact,17,13,0.001,120,3,60,189,93,0.492063492063492,159570,36178914,0.00441058015174253,4.41058015174253,93,127270,96,0.000730196367861938,0.492063492063492,0.00145822880080281,0.045698828125,0.954301171875,0,1.37691043618916,1.48945640590018,0.107254902632758,-0.963263827290802,466.2807265625,1529.19324739583
K,17,13,0.001,120,2,60,189,2,0.0105820105820106,0,8222,0,0,2,0,187,1,0.0105820105820106,0.0209424083769633,0.999522760416667,0.000477239583333333,0,NaN,NaN,0.107254902632758,-0.963263827290802,11.0061770833333,234.065317708333
Lognormal,17,13,0.001,120,2,60,189,42,0.222222222222222,6020,37914812,0.000158776997232638,0.158776997232638,42,2278,147,0.0181034482758621,0.222222222222222,0.0334794738939817,0,1,0,0.327497603478077,0.0472656221105979,0.107254902632758,-0.963263827290802,6.47450260416667,226.888893229167
Weibull,17,13,0.001,120,2,60,189,176,0.931216931216931,178445,37914812,0.0047064719719565,4.7064719719565,176,101974,13,0.00172295643661282,0.931216931216931,0.00343954895005814,0,1,0,3.91621946356527,0.541948620069244,0.107254902632758,-0.963263827290802,7.93872395833333,228.117953125
BurrXII,21,15,0.001,216,3,60,189,39,0.206349206349206,10255,21920774,0.000467821072376368,0.467821072376368,39,7445,150,0.00521111704970604,0.206349206349206,0.0101655154437638,0.417703333333333,0.582296666666667,0,3.81845884259573,4.75973570938385,0.108167498172672,-1.0200093248858,353.547442708333,608.449731770833
CA-CFAR,21,15,0.001,216,0,60,189,101,0.534391534391534,6045,37914812,0.000159436370144734,0.159436370144734,101,1975,88,0.0486512524084778,0.534391534391534,0.0891832229580574,0,1,0,NaN,NaN,0.108167498172672,-1.0200093248858,0,233.060294270833
G0,21,15,0.001,216,3,60,189,55,0.291005291005291,5641,5451580,0.0010347458901823,1.0347458901823,55,2707,134,0.0199131064446054,0.291005291005291,0.0372754998305659,0.848317239583333,0.151682760416667,0,35.0905701040101,64.8008252645065,0.108167498172672,-1.0200093248858,3420.378859375,3777.5368046875
G0-L1,21,15,0.001,216,2,60,189,3,0.0158730158730159,0,6339,0,0,3,0,186,1,0.0158730158730159,0.03125,0.999582942708333,0.000417057291666667,0,13.7844098545925,21.2121687018737,0.108167498172672,-1.0200093248858,26.3593151041667,255.523861979167
GenGamma,21,15,0.001,216,3,60,189,76,0.402116402116402,170161,37841887,0.00449663094232061,4.49663094232061,76,133681,113,0.000568194561779944,0.402116402116402,0.00113478565989279,0.002167578125,0.997832421875,0,1.13766805361489,1.0214013403839,0.108167498172672,-1.0200093248858,174.9217265625,1255.721796875
GenGamma-exact,21,15,0.001,216,3,60,189,77,0.407407407407407,145029,36667301,0.00395526793750104,3.95526793750104,77,115036,112,0.000668907942630285,0.407407407407407,0.00133562297271513,0.032916484375,0.967083515625,0,1.23747697545176,1.06444127370983,0.108167498172672,-1.0200093248858,475.497635416667,1528.9114921875
K,21,15,0.001,216,2,60,189,3,0.0158730158730159,0,6339,0,0,3,0,186,1,0.0158730158730159,0.03125,0.999582942708333,0.000417057291666667,0,NaN,NaN,0.108167498172672,-1.0200093248858,11.15103125,238.988
Lognormal,21,15,0.001,216,2,60,189,50,0.264550264550265,4999,37914812,0.000131848207502651,0.131848207502651,50,1722,139,0.0282167042889391,0.264550264550265,0.0509943906170321,0,1,0,0.328888275147962,0.0358046981281553,0.108167498172672,-1.0200093248858,6.5767109375,231.4422109375
Weibull,21,15,0.001,216,2,60,189,181,0.957671957671958,156148,37914812,0.00411839045911661,4.11839045911661,181,84440,8,0.00213894896065988,0.957671957671958,0.00426836457964863,0,1,0,3.89965205420419,0.402700992901659,0.108167498172672,-1.0200093248858,8.22976822916667,233.187236979167
BurrXII,31,21,0.001,520,3,60,189,51,0.26984126984127,10382,21937618,0.000473251015675448,0.473251015675448,51,7680,138,0.00659681800543267,0.26984126984127,0.0128787878787879,0.416839765625,0.583160234375,0,5.19052884456132,6.29112541470277,0.109036278620422,-1.06600897970777,352.0445859375,619.465015625
CA-CFAR,31,21,0.001,520,0,60,189,124,0.656084656084656,6842,37914812,0.000180457178582344,0.180457178582344,124,2077,65,0.0563380281690141,0.656084656084656,0.103765690376569,0,1,0,NaN,NaN,0.109036278620422,-1.06600897970777,0,246.101466145833
G0,31,21,0.001,520,3,60,189,65,0.343915343915344,4762,4462993,0.00106699696817808,1.06699696817808,65,2001,124,0.0314617618586641,0.343915343915344,0.057649667405765,0.873276484375,0.126723515625,0,5.47690596032312,21.373463295378,0.109036278620422,-1.06600897970777,3346.92590625,3695.75683854167
G0-L1,31,21,0.001,520,2,60,189,1,0.00529100529100529,0,5552,0,0,1,0,188,1,0.00529100529100529,0.0105263157894737,0.999646744791667,0.000353255208333333,0,20.3773746987009,28.5820802103769,0.109036278620422,-1.06600897970777,25.7869947916667,267.7673359375
GenGamma,31,21,0.001,520,3,60,189,91,0.481481481481481,143401,37832947,0.00379037350698586,3.79037350698586,91,115145,98,0.000789683779374501,0.481481481481481,0.0015767814598224,0.00238408854166668,0.997615911458334,0,1.04243612122118,0.586566155239367,0.109036278620422,-1.06600897970777,177.134109375,1256.83165364583
GenGamma-exact,31,21,0.001,520,3,60,189,91,0.481481481481481,124097,36963993,0.00335724011201928,3.35724011201928,91,99658,98,0.000912289847517268,0.481481481481481,0.00182112910004203,0.0251044010416667,0.974895598958333,0,1.13675964893666,0.616666205939391,0.109036278620422,-1.06600897970777,473.50759375,1527.154578125
K,31,21,0.001,520,2,60,189,1,0.00529100529100529,0,5552,0,0,1,0,188,1,0.00529100529100529,0.0105263157894737,0.999646744791667,0.000353255208333333,0,NaN,NaN,0.109036278620422,-1.06600897970777,10.4513958333333,256.124380208333
Lognormal,31,21,0.001,520,2,60,189,68,0.35978835978836,4222,37914812,0.000111354897394717,0.111354897394717,68,1329,121,0.0486757337151038,0.35978835978836,0.085750315258512,0,1,0,0.330206143049672,0.0234864363882069,0.109036278620422,-1.06600897970777,6.87743489583333,245.290856770833
Weibull,31,21,0.001,520,2,60,189,184,0.973544973544973,142134,37914812,0.00374877237951226,3.74877237951226,184,72190,5,0.00254234946251416,0.973544973544973,0.00507145514931852,0,1,0,3.88409481343037,0.260408799462111,0.109036278620422,-1.06600897970777,8.32878125,246.613317708333
BurrXII,41,27,0.001,952,3,60,189,59,0.312169312169312,10675,22170573,0.00048149409579987,0.48149409579987,59,7917,130,0.00739719157472417,0.312169312169312,0.0144519289650949,0.4105728125,0.5894271875,0,5.62501781399278,6.79061673070256,0.109743158004747,-1.07443833748282,348.4837265625,611.010625
CA-CFAR,41,27,0.001,952,0,60,189,143,0.756613756613757,7496,37914812,0.000197706373962767,0.197706373962767,143,2089,46,0.0640681003584229,0.756613756613757,0.118133002891367,0,1,0,NaN,NaN,0.109743158004747,-1.07443833748282,0,240.572364583333
G0,41,27,0.001,952,3,60,189,76,0.402116402116402,4549,4547081,0.00100042202898959,1.00042202898959,76,1746,113,0.0417124039517014,0.402116402116402,0.0755842864246643,0.870662135416667,0.129337864583333,0,2.97808864780247,4.72803249648022,0.109743158004747,-1.07443833748282,3292.7868125,3637.06944010417
G0-L1,41,27,0.001,952,2,60,189,1,0.00529100529100529,0,4845,0,0,1,0,188,1,0.00529100529100529,0.0105263157894737,0.999703567708333,0.000296432291666667,0,20.7080570556527,28.9380681444402,0.109743158004747,-1.07443833748282,24.8877161458333,260.730723958333
GenGamma,41,27,0.001,952,3,60,189,91,0.481481481481481,133312,37823015,0.003524626474119,3.524626474119,91,108050,98,0.000841493975457967,0.481481481481481,0.00168005169389827,0.0026203125,0.9973796875,0,1.02634049765859,0.429666114197655,0.109743158004747,-1.07443833748282,176.376432291667,1231.88991666667
GenGamma-exact,41,27,0.001,952,3,60,189,91,0.481481481481481,115597,37048446,0.00312015786033239,3.12015786033239,91,93219,98,0.000975243810952738,0.481481481481481,0.00194654488283297,0.0228610677083333,0.977138932291667,0,1.12000898398777,0.446323838593616,0.109743158004747,-1.07443833748282,478.759065104167,1523.01210416667
K,41,27,0.001,952,2,60,189,1,0.00529100529100529,0,4845,0,0,1,0,188,1,0.00529100529100529,0.0105263157894737,0.999703567708333,0.000296432291666667,0,NaN,NaN,0.109743158004747,-1.07443833748282,15.4206197916667,250.489515625
Lognormal,41,27,0.001,952,2,60,189,87,0.46031746031746,3924,37914812,0.000103495172282537,0.103495172282537,87,1169,102,0.0692675159235669,0.46031746031746,0.120415224913495,0,1,0,0.331275044844257,0.0177316640733797,0.109743158004747,-1.07443833748282,6.85183072916667,239.4887734375
Weibull,41,27,0.001,952,2,60,189,183,0.968253968253968,139105,37914812,0.00366888275748275,3.66888275748275,183,68509,6,0.00266406568450475,0.968253968253968,0.00531351170859889,0,1,0,3.87155592099442,0.194297881583264,0.109743158004747,-1.07443833748282,8.075296875,240.705549479167
BurrXII,51,41,0.001,920,3,60,189,98,0.518518518518518,11655,22372223,0.000520958511811723,0.520958511811723,98,8306,91,0.0116611137553546,0.518518518518518,0.0228092633538927,0.405219973958333,0.594780026041667,0,5.30041653592766,6.5882556753633,0.110423433117789,-1.06777013545029,349.293877604167,616.081174479167
CA-CFAR,51,41,0.001,920,0,60,189,163,0.862433862433862,9134,37914812,0.000240908487163275,0.240908487163275,163,2367,26,0.0644268774703557,0.862433862433862,0.11989702096359,0,1,0,NaN,NaN,0.110423433117789,-1.06777013545029,0,245.12471875
G0,51,41,0.001,920,3,60,189,103,0.544973544973545,5304,4895120,0.00108352808511334,1.08352808511334,103,1833,86,0.053202479338843,0.544973544973545,0.0969411764705883,0.861488984375,0.138511015625,0,3.2323006521183,5.01703986008612,0.110423433117789,-1.06777013545029,3308.05858854167,3664.2090390625
G0-L1,51,41,0.001,920,2,60,189,2,0.0105820105820106,0,7203,0,0,2,0,187,1,0.0105820105820106,0.0209424083769633,0.999619479166667,0.000380520833333333,0,21.927310189753,28.9615299046531,0.110423433117789,-1.06777013545029,24.7173333333333,265.37625
GenGamma,51,41,0.001,920,3,60,189,127,0.671957671957672,134515,37817842,0.00355691898019987,3.55691898019987,127,107429,62,0.00118078024470973,0.671957671957672,0.00235741797763237,0.00272901041666666,0.997270989583333,0,1.03923191544702,0.44204542203071,0.110423433117789,-1.06777013545029,178.100200520833,1249.255515625
GenGamma-exact,51,41,0.001,920,3,60,189,127,0.671957671957672,117194,37051724,0.00316298372512977,3.16298372512977,127,93231,62,0.00136035476338396,0.671957671957672,0.0027152126738431,0.0227059895833333,0.977294010416667,0,1.13339453580072,0.456134658529155,0.110423433117789,-1.06777013545029,477.924205729167,1523.556796875
K,51,41,0.001,920,2,60,189,2,0.0105820105820106,0,7203,0,0,2,0,187,1,0.0105820105820106,0.0209424083769633,0.999619479166667,0.000380520833333333,0,NaN,NaN,0.110423433117789,-1.06777013545029,9.7185546875,249.178776041667
Lognormal,51,41,0.001,920,2,60,189,115,0.608465608465608,4918,37914812,0.000129711839267461,0.129711839267461,115,1262,74,0.0835148874364561,0.608465608465608,0.146871008939974,0,1,0,0.332298340868495,0.0182344460543223,0.110423433117789,-1.06777013545029,6.60754947916667,244.067747395833
Weibull,51,41,0.001,920,2,60,189,188,0.994708994708995,145432,37914812,0.00383575685407592,3.83575685407592,188,69759,1,0.00268774929589546,0.994708994708995,0.00536101288924376,0,1,0,3.85967711001012,0.197615057527194,0.110423433117789,-1.06777013545029,8.34553645833333,245.784890625
BurrXII,61,49,0.001,1320,3,60,189,112,0.592592592592593,12127,22560984,0.000537520881181424,0.537520881181424,112,8304,77,0.0133079847908745,0.592592592592593,0.0260313771063335,0.400265755208333,0.599734244791667,0,5.56652349850619,6.64272276986387,0.110639654706373,-1.06152903732262,350.887489583333,619.489638020833
CA-CFAR,61,49,0.001,1320,0,60,189,176,0.931216931216931,9862,37914812,0.000260109426363501,0.260109426363501,176,2411,13,0.0680324700425203,0.931216931216931,0.126801152737752,0,1,0,NaN,NaN,0.110639654706373,-1.06152903732262,0,247.162567708333
G0,61,49,0.001,1320,3,60,189,117,0.619047619047619,5712,5130305,0.00111338409704686,1.11338409704686,117,1807,72,0.0608108108108108,0.619047619047619,0.110743019403691,0.855373932291667,0.144626067708333,0,3.38085558013229,3.57262250260002,0.110639654706373,-1.06152903732262,3307.72309114583,3670.59705729167
G0-L1,61,49,0.001,1320,2,60,189,2,0.0105820105820106,0,5932,0,0,2,0,187,1,0.0105820105820106,0.0209424083769633,0.99967484375,0.00032515625,0,24.2000841753103,39.0918690267072,0.110639654706373,-1.06152903732262,25.1653802083333,267.761864583333
GenGamma,61,49,0.001,1320,3,60,189,143,0.756613756613757,130949,37808902,0.00346344360912676,3.46344360912676,143,104264,46,0.0013696399666689,0.756613756613757,0.0027343301847107,0.00294697916666666,0.997053020833333,0,1.05013819986012,0.367220464383703,0.110639654706373,-1.06152903732262,173.649591145833,1228.80653125
GenGamma-exact,61,49,0.001,1320,3,60,189,143,0.756613756613757,114005,37085378,0.00307412263668986,3.07412263668986,143,90197,46,0.00158290901040514,0.756613756613757,0.00315920865137138,0.021805546875,0.978194453125,0,1.14474205448474,0.380336656908066,0.110639654706373,-1.06152903732262,478.110716145833,1536.60845833333
K,61,49,0.001,1320,2,60,189,2,0.0105820105820106,0,5932,0,0,2,0,187,1,0.0105820105820106,0.0209424083769633,0.99967484375,0.00032515625,0,NaN,NaN,0.110639654706373,-1.06152903732262,9.8377890625,251.541145833333
Lognormal,61,49,0.001,1320,2,60,189,136,0.71957671957672,5135,37914812,0.000135435196144451,0.135435196144451,136,1184,53,0.103030303030303,0.71957671957672,0.18025182239894,0,1,0,0.332623285193766,0.0155161714531265,0.110639654706373,-1.06152903732262,6.71525520833333,246.1942578125
Weibull,61,49,0.001,1320,2,60,189,188,0.994708994708995,145038,37914812,0.00382536513698129,3.82536513698129,188,68301,1,0.0027449663449605,0.994708994708995,0.00547482454352194,0,1,0,3.85591199689274,0.166570278545074,0.110639654706373,-1.06152903732262,8.82699479166667,248.319942708333
BurrXII,71,57,0.001,1792,3,60,189,123,0.650793650793651,13048,22732608,0.000573977257690803,0.573977257690803,123,8435,66,0.014372516943211,0.650793650793651,0.0281239282039556,0.395812552083333,0.604187447916667,0,5.79208426850182,5.9041382207096,0.110824169448695,-1.05298957290805,343.91575,609.543565104167
CA-CFAR,71,57,0.001,1792,0,60,189,178,0.941798941798942,10336,37914812,0.000272611136776835,0.272611136776835,178,2459,11,0.0675009480470231,0.941798941798942,0.125973106864827,0,1,0,NaN,NaN,0.110824169448695,-1.05298957290805,0,244.678505208333
G0,71,57,0.001,1792,3,60,189,120,0.634920634920635,5599,5371147,0.00104242166524208,1.04242166524208,120,1693,69,0.066188637617209,0.634920634920635,0.11988011988012,0.8492871875,0.1507128125,0,3.44750608400209,4.06227273385519,0.110824169448695,-1.05298957290805,3287.4151953125,3650.76170833333
G0-L1,71,57,0.001,1792,2,60,189,1,0.00529100529100529,0,4239,0,0,1,0,188,1,0.00529100529100529,0.0105263157894737,0.999739869791667,0.000260130208333333,0,36.3617921721328,46.0511850167963,0.110824169448695,-1.05298957290805,23.4743854166667,263.335770833333
GenGamma,71,57,0.001,1792,3,60,189,146,0.772486772486772,127850,37800405,0.00338223889400127,3.38223889400127,146,101410,43,0.00143763046988853,0.772486772486772,0.00286991989778367,0.00315736979166667,0.996842630208333,0,1.06820295292636,0.318539040062553,0.110824169448695,-1.05298957290805,170.8473515625,1218.76558854167
GenGamma-exact,71,57,0.001,1792,3,60,189,146,0.772486772486772,112359,37102835,0.00302831306556494,3.02831306556494,146,88091,43,0.00165463467706291,0.772486772486772,0.00330219618664194,0.0213498697916667,0.978650130208333,0,1.16345471661516,0.32783353500139,0.110824169448695,-1.05298957290805,468.268419270833,1508.371234375
K,71,57,0.001,1792,2,60,189,1,0.00529100529100529,0,4239,0,0,1,0,188,1,0.00529100529100529,0.0105263157894737,0.999739869791667,0.000260130208333333,0,NaN,NaN,0.110824169448695,-1.05298957290805,9.2625234375,248.39459375
Lognormal,71,57,0.001,1792,2,60,189,146,0.772486772486772,5496,37914812,0.000144956540995113,0.144956540995113,146,1165,43,0.111365369946606,0.772486772486772,0.194666666666667,0,1,0,0.332900051392152,0.0134740906768306,0.110824169448695,-1.05298957290805,6.58441927083333,243.858403645833
Weibull,71,57,0.001,1792,2,60,189,188,0.994708994708995,145783,37914812,0.00384501444976174,3.84501444976174,188,67240,1,0.00278815922168832,0.994708994708995,0.00556073176863806,0,1,0,3.85271732834803,0.145136832181941,0.110824169448695,-1.05298957290805,8.07946354166667,245.1953359375
BurrXII,81,65,0.001,2336,3,60,189,130,0.687830687830688,13497,22897953,0.00058944133565127,0.58944133565127,130,8513,59,0.0150410737012611,0.687830687830688,0.0294384057971014,0.391643046875,0.608356953125,0,4.91096245046534,5.85596812436119,0.110926293226674,-1.05249276558247,352.262684895833,619.681953125
CA-CFAR,81,65,0.001,2336,0,60,189,179,0.947089947089947,10842,37914812,0.000285956844517652,0.285956844517652,179,2480,10,0.0673185408048138,0.947089947089947,0.125702247191011,0,1,0,NaN,NaN,0.110926293226674,-1.05249276558247,0,245.556916666667
G0,81,65,0.001,2336,3,60,189,121,0.64021164021164,5537,5612437,0.000986558958256458,0.986558958256458,121,1653,68,0.0682074408117249,0.64021164021164,0.123280692817117,0.84335046875,0.15664953125,0,3.61395008170128,4.02918464712834,0.110926293226674,-1.05249276558247,3283.33065104167,3653.37304427083
G0-L1,81,65,0.001,2336,2,60,189,1,0.00529100529100529,0,3273,0,0,1,0,188,1,0.00529100529100529,0.0105263157894737,0.999778932291667,0.000221067708333333,0,30.6233356765926,37.7382530571412,0.110926293226674,-1.05249276558247,24.2769583333333,264.9100390625
GenGamma,81,65,0.001,2336,3,60,189,151,0.798941798941799,126096,37790408,0.0033367197305729,3.3367197305729,151,99305,38,0.00151825933075933,0.798941798941799,0.00303075919514276,0.0034103125,0.9965896875,0,1.06912795198773,0.28599619425974,0.110926293226674,-1.05249276558247,170.225072916667,1219.09264322917
GenGamma-exact,81,65,0.001,2336,3,60,189,151,0.798941798941799,111352,37119067,0.00299985988333166,2.99985988333166,151,86578,38,0.00174105547164155,0.798941798941799,0.00347453922087485,0.020927890625,0.979072109375,0,1.16441362612749,0.290688339772021,0.110926293226674,-1.05249276558247,481.180294270833,1529.3356796875
K,81,65,0.001,2336,2,60,189,1,0.00529100529100529,0,3273,0,0,1,0,188,1,0.00529100529100529,0.0105263157894737,0.999778932291667,0.000221067708333333,0,NaN,NaN,0.110926293226674,-1.05249276558247,9.16125,248.97640625
Lognormal,81,65,0.001,2336,2,60,189,149,0.788359788359788,6100,37914812,0.000160886990551344,0.160886990551344,149,1237,40,0.107503607503608,0.788359788359788,0.189206349206349,0,1,0,0.333053356004506,0.0120115427556151,0.110926293226674,-1.05249276558247,6.34705208333333,244.185033854167
Weibull,81,65,0.001,2336,2,60,189,188,0.994708994708995,147039,37914812,0.00387814134486543,3.87814134486543,188,66631,1,0.00281357099028719,0.994708994708995,0.00561127029608405,0,1,0,3.85094490884055,0.128384842199763,0.110926293226674,-1.05249276558247,9.0183515625,246.8657734375
BurrXII,91,73,0.001,2952,3,60,189,136,0.71957671957672,13631,23024253,0.000592027893369657,0.592027893369657,136,8437,53,0.0158637583109763,0.71957671957672,0.0310431408354257,0.388581119791667,0.611418880208333,0,4.6042723592477,5.28728261440035,0.11098521737365,-1.05118857213264,355.4051796875,630.290765625
CA-CFAR,91,73,0.001,2952,0,60,189,179,0.947089947089947,11355,37914812,0.000299487176673855,0.299487176673855,179,2560,10,0.0653523183643666,0.947089947089947,0.122267759562842,0,1,0,NaN,NaN,0.11098521737365,-1.05118857213264,0,253.834138020833
G0,91,73,0.001,2952,3,60,189,116,0.613756613756614,5786,5840177,0.000990723397595655,0.990723397595655,116,1618,73,0.0668973471741638,0.613756613756614,0.120644825793032,0.837787317708333,0.162212682291667,0,3.82074919982782,4.00539248081427,0.11098521737365,-1.05118857213264,3239.88824479167,3621.71006510417
G0-L1,91,73,0.001,2952,2,60,189,1,0.00529100529100529,0,3063,0,0,1,0,188,1,0.00529100529100529,0.0105263157894737,0.999816276041667,0.000183723958333333,0,25.7456361596839,31.1109213460434,0.11098521737365,-1.05118857213264,25.1007890625,273.2046015625
GenGamma,91,73,0.001,2952,3,60,189,154,0.814814814814815,125154,37783033,0.00331243921047842,3.31243921047842,154,97931,35,0.00157006677881429,0.814814814814815,0.0031340944705619,0.00361752604166667,0.996382473958333,0,1.07167175823756,0.258335642082335,0.11098521737365,-1.05118857213264,174.341622395833,1231.49084114583
GenGamma-exact,91,73,0.001,2952,3,60,189,154,0.814814814814815,110892,37128193,0.00298673301983751,2.98673301983751,154,85493,35,0.00179807815802071,0.814814814814815,0.00358823803532317,0.0207059635416667,0.979294036458333,0,1.16704879169121,0.263507042252568,0.11098521737365,-1.05118857213264,465.4387421875,1511.78476302083
K,91,73,0.001,2952,2,60,189,1,0.00529100529100529,0,3063,0,0,1,0,188,1,0.00529100529100529,0.0105263157894737,0.999816276041667,0.000183723958333333,0,NaN,NaN,0.11098521737365,-1.05118857213264,9.12388802083333,256.312588541667
Lognormal,91,73,0.001,2952,2,60,189,154,0.814814814814815,6360,37914812,0.000167744468837139,0.167744468837139,154,1281,35,0.107317073170732,0.814814814814815,0.189655172413793,0,1,0,0.33314156050009,0.0107589267587573,0.11098521737365,-1.05118857213264,6.63875,251.944533854167
Weibull,91,73,0.001,2952,2,60,189,189,1,148610,37914812,0.00391957633866152,3.91957633866152,189,66092,0,0.0028514959038035,1,0.00568677598916805,0,1,0,3.8499309241617,0.116589695949014,0.11098521737365,-1.05118857213264,8.03411458333333,253.517653645833
BurrXII,101,73,0.001,4872,3,60,189,125,0.661375661375661,13763,23111640,0.000595500795270262,0.595500795270262,125,8447,64,0.0145823611759216,0.661375661375661,0.0285355553019062,0.386390989583333,0.613609010416667,0,3.95640212744837,4.45561341468358,0.111003394946781,-1.05401158936635,345.71096875,634.339036458333
CA-CFAR,101,73,0.001,4872,0,60,189,180,0.952380952380952,11543,37914812,0.000304445660972815,0.304445660972815,180,2572,9,0.0654069767441861,0.952380952380952,0.122407344440666,0,1,0,NaN,NaN,0.111003394946781,-1.05401158936635,0,268.338744791667
G0,101,73,0.001,4872,3,60,189,106,0.560846560846561,5718,6034126,0.00094761030843572,0.94761030843572,106,1588,83,0.0625737898465171,0.560846560846561,0.112586298459904,0.832857421875,0.167142578125,0,4.16725395999812,4.15448152034619,0.111003394946781,-1.05401158936635,3237.44992447917,3639.26474739583
G0-L1,101,73,0.001,4872,2,60,189,1,0.00529100529100529,0,2450,0,0,1,0,188,1,0.00529100529100529,0.0105263157894737,0.999861796875,0.000138203125,0,15.8371119441564,23.0352080976059,0.111003394946781,-1.05401158936635,24.9596380208333,287.995096354167
GenGamma,101,73,0.001,4872,3,60,189,152,0.804232804232804,122213,37773082,0.00323545216670432,3.23545216670432,152,95645,37,0.0015866885184296,0.804232804232804,0.00316712853957869,0.00384684895833333,0.996153151041667,0,1.06612373130115,0.205346621438294,0.111003394946781,-1.05401158936635,175.590283854167,1240.6808984375
GenGamma-exact,101,73,0.001,4872,3,60,189,152,0.804232804232804,108265,37137239,0.00291526787976888,2.91526787976888,152,83200,37,0.00182359151550053,0.804232804232804,0.00363893178199926,0.020437109375,0.979562890625,0,1.16130039276848,0.20917345458784,0.111003394946781,-1.05401158936635,466.45959375,1525.6716328125
K,101,73,0.001,4872,2,60,189,1,0.00529100529100529,0,2450,0,0,1,0,188,1,0.00529100529100529,0.0105263157894737,0.999861796875,0.000138203125,0,NaN,NaN,0.111003394946781,-1.05401158936635,8.88680729166667,270.8782734375
Lognormal,101,73,0.001,4872,2,60,189,153,0.80952380952381,6421,37914812,0.000169353338742653,0.169353338742653,153,1255,36,0.108664772727273,0.80952380952381,0.191609267376331,0,1,0,0.333169210293858,0.00856041806603747,0.111003394946781,-1.05401158936635,6.7293984375,266.898578125
Weibull,101,73,0.001,4872,2,60,189,188,0.994708994708995,147977,37914812,0.00390288101652726,3.90288101652726,188,65072,1,0.00288078455409133,0.994708994708995,0.00574493116777949,0,1,0,3.84960288239972,0.0930492942571284,0.111003394946781,-1.05401158936635,8.39821875,268.583947916667
BurrXII,111,79,0.001,6080,3,60,189,113,0.597883597883598,14227,23205339,0.000613091668257895,0.613091668257895,113,8441,76,0.0132101940612579,0.597883597883598,0.0258492508292348,0.3841278125,0.6158721875,0,3.96960727525243,4.05985172887076,0.11102570698336,-1.05262501155101,346.5296015625,626.460736979167
CA-CFAR,111,79,0.001,6080,0,60,189,180,0.952380952380952,11960,37914812,0.00031544400114657,0.31544400114657,180,2645,9,0.063716814159292,0.952380952380952,0.119442601194426,0,1,0,NaN,NaN,0.11102570698336,-1.05262501155101,0,260.891104166667
G0,111,79,0.001,6080,3,60,189,98,0.518518518518518,6023,6238563,0.000965446690207344,0.965446690207344,98,1604,91,0.0575793184488837,0.518518518518518,0.103648863035431,0.827848177083333,0.172151822916667,0,4.40169442471024,4.43882719211046,0.11102570698336,-1.05262501155101,3190.1913828125,3588.45016666667
G0-L1,111,79,0.001,6080,2,60,189,1,0.00529100529100529,0,1744,0,0,1,0,188,1,0.00529100529100529,0.0105263157894737,0.99989484375,0.00010515625,0,53.6941837705077,34.6476052061009,0.11102570698336,-1.05262501155101,24.242578125,279.192002604167
GenGamma,111,79,0.001,6080,3,60,189,149,0.788359788359788,122132,37765435,0.0032339624844782,3.2339624844782,149,94625,40,0.00157216114124127,0.788359788359788,0.00313806429872687,0.004024296875,0.995975703125,0,1.06884572733267,0.185521623858735,0.11102570698336,-1.05262501155101,172.872973958333,1229.15342447917
GenGamma-exact,111,79,0.001,6080,3,60,189,149,0.788359788359788,107856,37140340,0.00290401218728746,2.90401218728746,149,81956,40,0.0018147494062481,0.788359788359788,0.00362116314676647,0.0203307291666667,0.979669270833333,0,1.16412057668997,0.190584246238796,0.11102570698336,-1.05262501155101,467.728791666667,1515.211578125
K,111,79,0.001,6080,2,60,189,1,0.00529100529100529,0,1744,0,0,1,0,188,1,0.00529100529100529,0.0105263157894737,0.99989484375,0.00010515625,0,NaN,NaN,0.11102570698336,-1.05262501155101,9.349671875,263.56578125
Lognormal,111,79,0.001,6080,2,60,189,156,0.825396825396825,6713,37914812,0.00017705481435593,0.17705481435593,156,1326,33,0.105263157894737,0.825396825396825,0.186714542190305,0,1,0,0.333202714602314,0.00778008052890897,0.11102570698336,-1.05262501155101,6.78026041666667,258.907299479167
Weibull,111,79,0.001,6080,2,60,189,188,0.994708994708995,150423,37914812,0.0039673940622467,3.9673940622467,188,65032,1,0.00288255136461208,0.994708994708995,0.00574844440367533,0,1,0,3.84921528862898,0.0845880100676153,0.11102570698336,-1.05262501155101,8.44864322916667,260.614520833333
BurrXII,121,87,0.001,7072,3,60,189,111,0.587301587301587,14667,23289644,0.00062976488605837,0.62976488605837,111,8425,78,0.0130037488284911,0.587301587301587,0.0254441260744986,0.382088125,0.617911875,0,3.96018091878875,3.99034436368988,0.111088066628716,-1.05009237318315,353.484890625,640.754317708333
CA-CFAR,121,87,0.001,7072,0,60,189,180,0.952380952380952,12755,37914812,0.000336412059751213,0.336412059751213,180,2789,9,0.0606264735601213,0.952380952380952,0.113996200126662,0,1,0,NaN,NaN,0.111088066628716,-1.05009237318315,0,266.314130208333
G0,121,87,0.001,7072,3,60,189,94,0.497354497354497,6164,6428370,0.000958874489178439,0.958874489178439,94,1616,95,0.0549707602339181,0.497354497354497,0.0989994734070563,0.823184244791667,0.176815755208333,0,4.65345126804897,5.03723107443295,0.111088066628716,-1.05009237318315,3211.62321875,3625.10145833333
G0-L1,121,87,0.001,7072,2,60,189,0,0,0,684,0,0,0,0,189,0,0,0,0.999922760416667,7.72395833333333e-05,0,22.9482190586103,45.0401928821252,0.111088066628716,-1.05009237318315,23.4212994791667,284.20415625
GenGamma,121,87,0.001,7072,3,60,189,151,0.798941798941799,122012,37761222,0.0032311454327405,3.2311454327405,151,93473,38,0.00161283431598735,0.798941798941799,0.00321917005105902,0.00414106770833333,0.995858932291667,0,1.07378799325085,0.174957273245451,0.111088066628716,-1.05009237318315,170.2943359375,1233.252859375
GenGamma-exact,121,87,0.001,7072,3,60,189,151,0.798941798941799,107844,37147892,0.00290309878148671,2.90309878148671,151,80887,38,0.00186332337915546,0.798941798941799,0.00371797555000185,0.0201554947916667,0.979844505208333,0,1.16923817669525,0.178941279028214,0.111088066628716,-1.05009237318315,468.874140625,1524.36267708333
K,121,87,0.001,7072,2,60,189,0,0,0,684,0,0,0,0,189,0,0,0,0.999922760416667,7.72395833333333e-05,0,NaN,NaN,0.111088066628716,-1.05009237318315,9.1078515625,269.281122395833
Lognormal,121,87,0.001,7072,2,60,189,158,0.835978835978836,7090,37914812,0.000186998157870333,0.186998157870333,158,1329,31,0.106254203093477,0.835978835978836,0.18854415274463,0,1,0,0.333296109488098,0.0072952482857645,0.111088066628716,-1.05009237318315,6.67268229166667,264.920075520833
Weibull,121,87,0.001,7072,2,60,189,188,0.994708994708995,153231,37914812,0.00404145482773329,4.04145482773329,188,64956,1,0.00288591428220558,0.994708994708995,0.00575513140373165,0,1,0,3.84814052697079,0.0812057037604972,0.111088066628716,-1.05009237318315,7.95121354166667,266.284515625
BurrXII,131,93,0.001,8512,3,60,189,114,0.603174603174603,15079,23361292,0.000645469437221195,0.645469437221195,114,8426,75,0.0133489461358314,0.603174603174603,0.0261198304502234,0.38031484375,0.61968515625,0,4.0201588529296,3.90414190059698,0.111117964331022,-1.04949402660091,355.113544270833,641.938690104167
CA-CFAR,131,93,0.001,8512,0,60,189,180,0.952380952380952,13367,37914812,0.000352553508639315,0.352553508639315,180,2878,9,0.0588620013080445,0.952380952380952,0.110871573760394,0,1,0,NaN,NaN,0.111117964331022,-1.04949402660091,0,266.675080729167
G0,131,93,0.001,8512,3,60,189,85,0.44973544973545,6126,6599389,0.000928267753272311,0.92826775327231,85,1635,104,0.0494186046511628,0.44973544973545,0.0890518596123625,0.818924453125,0.181075546875,0,4.90284878577154,5.02343788191815,0.111117964331022,-1.04949402660091,3200.38407291667,3611.2774453125
G0-L1,131,93,0.001,8512,2,60,189,0,0,0,530,0,0,0,0,189,0,0,0,0.999923697916666,7.63020833333333e-05,0,55.017925124826,80.7781528842036,0.111117964331022,-1.04949402660091,24.1944505208333,285.517377604167
GenGamma,131,93,0.001,8512,3,60,189,153,0.80952380952381,122129,37753960,0.00323486595843191,3.23486595843191,153,92594,36,0.00164964904525214,0.80952380952381,0.00329258844796419,0.00433078125,0.99566921875,0,1.07483138146211,0.163254873167702,0.111117964331022,-1.04949402660091,169.192114583333,1230.41013020833
GenGamma-exact,131,93,0.001,8512,3,60,189,153,0.80952380952381,108098,37148701,0.00290987294549007,2.90987294549007,153,80193,36,0.00190426405794937,0.80952380952381,0.00379959024026821,0.0201377083333333,0.979862291666667,0,1.17031722120937,0.16994202148161,0.111117964331022,-1.04949402660091,461.353153645833,1520.71706770833
K,131,93,0.001,8512,2,60,189,0,0,0,530,0,0,0,0,189,0,0,0,0.999923697916666,7.63020833333333e-05,0,NaN,NaN,0.111117964331022,-1.04949402660091,8.93294010416667,269.20334375
Lognormal,131,93,0.001,8512,2,60,189,159,0.841269841269841,7441,37914812,0.000196255753556156,0.196255753556156,159,1387,30,0.102846054333765,0.841269841269841,0.18328530259366,0,1,0,0.333340962173588,0.00687846992235158,0.111117964331022,-1.04949402660091,6.4959296875,265.057208333333
Weibull,131,93,0.001,8512,2,60,189,188,0.994708994708995,155298,37914812,0.00409597178010536,4.09597178010536,188,64984,1,0.0028846744000491,0.994708994708995,0.00575266596288307,0,1,0,3.84762262842018,0.0753110054425732,0.111117964331022,-1.04949402660091,8.06684375,266.629596354167
BurrXII,141,101,0.001,9680,3,60,189,105,0.555555555555556,15320,23444506,0.000653457999925441,0.653457999925441,105,8358,84,0.0124069478908189,0.555555555555556,0.0242718446601942,0.378237473958333,0.621762526041667,0,3.98541007762658,3.60475177449333,0.111144159290776,-1.04817420394579,345.172450520833,638.31446875
CA-CFAR,141,101,0.001,9680,0,60,189,179,0.947089947089947,14050,37914812,0.000370567576597769,0.370567576597769,179,3008,10,0.0561656730467524,0.947089947089947,0.106042654028436,0,1,0,NaN,NaN,0.111144159290776,-1.04817420394579,0,273.369705729167
G0,141,101,0.001,9680,3,60,189,78,0.412698412698413,6530,6770014,0.000964547488380379,0.964547488380379,78,1642,111,0.0453488372093023,0.412698412698413,0.0817181770560503,0.814636354166667,0.185363645833333,0,4.98864743092575,5.62024412061368,0.111144159290776,-1.04817420394579,3226.04799479167,3646.521953125
G0-L1,141,101,0.001,9680,2,60,189,0,0,0,869,0,0,0,0,189,0,0,0,0.999928151041667,7.18489583333333e-05,0,36.1613209427938,49.0325208256847,0.111144159290776,-1.04817420394579,24.350875,292.435609375
GenGamma,141,101,0.001,9680,3,60,189,153,0.80952380952381,122963,37748971,0.00325738680400056,3.25738680400056,153,91989,36,0.00166048056260988,0.80952380952381,0.00331416317379862,0.00444533854166667,0.995554661458333,0,1.07723593361526,0.157803904005845,0.111144159290776,-1.04817420394579,172.232388020833,1238.08073697917
GenGamma-exact,141,101,0.001,9680,3,60,189,153,0.80952380952381,108962,37154402,0.00293268076283397,2.93268076283397,153,79653,36,0.00191714908653485,0.80952380952381,0.00382523907744234,0.019982265625,0.980017734375,0,1.17280633527707,0.163176529329988,0.111144159290776,-1.04817420394579,470.678825520833,1532.31638802083
K,141,101,0.001,9680,2,60,189,0,0,0,869,0,0,0,0,189,0,0,0,0.999928151041667,7.18489583333333e-05,0,NaN,NaN,0.111144159290776,-1.04817420394579,8.7802421875,276.177270833333
Lognormal,141,101,0.001,9680,2,60,189,157,0.830687830687831,7872,37914812,0.000207623342560686,0.207623342560686,157,1427,32,0.0991161616161616,0.830687830687831,0.177100958826847,0,1,0,0.333380214647127,0.00641243676214631,0.111144159290776,-1.04817420394579,6.67722395833333,272.054252604167
Weibull,141,101,0.001,9680,2,60,189,188,0.994708994708995,157783,37914812,0.00416151344756767,4.16151344756767,188,65093,1,0.00287985784531487,0.994708994708995,0.00574308843745227,0,1,0,3.8471704398392,0.0713468633678336,0.111144159290776,-1.04817420394579,8.58178645833333,274.052903645833
BurrXII,151,109,0.001,10920,3,60,189,106,0.560846560846561,15647,23520473,0.000665250226898073,0.665250226898073,106,8278,83,0.0126431297709924,0.560846560846561,0.0247287997200513,0.37631734375,0.62368265625,0,3.97160729986746,3.68297300905567,0.111175097190195,-1.04516846959985,347.8101796875,644.546596354167
CA-CFAR,151,109,0.001,10920,0,60,189,178,0.941798941798942,14633,37914812,0.00038594415290784,0.38594415290784,178,3106,11,0.0542021924482339,0.941798941798942,0.102505038871293,0,1,0,NaN,NaN,0.111175097190195,-1.04516846959985,0,276.580328125
G0,151,109,0.001,10920,3,60,189,70,0.37037037037037,6803,6928643,0.000981866146083728,0.981866146083728,70,1624,119,0.0413223140495868,0.37037037037037,0.0743494423791822,0.810588255208333,0.189411744791667,0,5.20336320670473,6.39279337964907,0.111175097190195,-1.04516846959985,3218.57566666667,3649.88634375
G0-L1,151,109,0.001,10920,2,60,189,0,0,0,1154,0,0,0,0,189,0,0,0,0.999934453125,6.5546875e-05,0,39.2636205438064,63.2903767782473,0.111175097190195,-1.04516846959985,23.8949348958333,295.24103125
GenGamma,151,109,0.001,10920,3,60,189,153,0.80952380952381,123884,37739689,0.00328259196836519,3.28259196836519,153,91379,36,0.00167154656295066,0.80952380952381,0.00333620435887092,0.00468005208333333,0.995319947916667,0,1.08309558260832,0.151919722978525,0.111175097190195,-1.04516846959985,167.306697916667,1239.1865234375
GenGamma-exact,151,109,0.001,10920,3,60,189,153,0.80952380952381,109868,37151361,0.00295730753982337,2.95730753982337,153,79104,36,0.00193042885801885,0.80952380952381,0.00385167283437807,0.0200646614583333,0.979935338541667,0,1.17886901604803,0.157006736403111,0.111175097190195,-1.04516846959985,458.185546875,1522.29270052083
K,151,109,0.001,10920,2,60,189,0,0,0,1154,0,0,0,0,189,0,0,0,0.999934453125,6.5546875e-05,0,NaN,NaN,0.111175097190195,-1.04516846959985,9.090234375,279.613440104167
Lognormal,151,109,0.001,10920,2,60,189,157,0.830687830687831,8291,37914812,0.000218674432567409,0.218674432567409,157,1459,32,0.0971534653465347,0.830687830687831,0.173961218836565,0,1,0,0.333426402739631,0.00609989824525006,0.111175097190195,-1.04516846959985,6.6401953125,275.53665625
Weibull,151,109,0.001,10920,2,60,189,188,0.994708994708995,159948,37914812,0.00421861514175515,4.21861514175515,188,65130,1,0.00287822652255121,0.994708994708995,0.00573984459676065,0,1,0,3.84664231353684,0.0683133650983136,0.111175097190195,-1.04516846959985,8.08742447916667,276.845408854167
