Detector,Sli,Guard,Pfa,N,NMoments,Images,ShipsTotal,ShipsDetected,Pd_pooled,FalsePixels,BackgroundPixels,Pfa_pooled,PfaRatio,TP,FP,FN,Precision_pooled,Recall_pooled,F1_pooled,FractionInvalid,CoverageFraction,MaxLogMismatchPct,MedianShape,IQRShape,MedianC2,MedianSkew,EstMsPerMP,TotalMsPerMP
BurrXII,11,7,1e-06,72,3,250,895,26,0.0290502793296089,1677,97995110,1.71130988066649e-05,17.1130988066649,26,1301,869,0.0195930670685757,0.0290502793296089,0.0234023402340234,0.37980581875,0.62019418125,0,2.68102710843707,2.72439554613602,0.106947469577296,-0.910507787687074,343.6933075,567.972498125
CA-CFAR,11,7,1e-06,72,0,250,895,1,0.00111731843575419,138,158561677,8.70323792047179e-07,0.870323792047179,1,66,894,0.0149253731343284,0.00111731843575419,0.00207900207900208,0,1,0,NaN,NaN,0.106947469577296,-0.910507787687074,0,201.279803125
G0,11,7,1e-06,72,3,250,895,16,0.017877094972067,1032,36866581,2.79928317735784e-05,27.9928317735784,16,711,879,0.0220082530949106,0.017877094972067,0.0197287299630086,0.76364936875,0.23635063125,0,23.5568116001475,37.4216394651059,0.106947469577296,-0.910507787687074,3171.28952625,3570.921925625
G0-L1,11,7,1e-06,72,2,250,895,0,0,0,35912,0,0,0,0,895,0,0,0,0.9996240375,0.0003759625,0,11.230179126338,17.7526318332673,0.106947469577296,-0.910507787687074,23.243655625,223.386495625
GenGamma,11,7,1e-06,72,3,250,895,189,0.211173184357542,207966,158086602,0.00131551945180022,1315.51945180022,189,179275,706,0.00105313600499264,0.211173184357542,0.00209582000343759,0.00317335,0.99682665,0,1.41706657198999,1.91607349259589,0.106947469577296,-0.910507787687074,156.6399575,1059.37817
GenGamma-exact,11,7,1e-06,72,3,250,895,170,0.189944134078212,144705,147257357,0.00098266737192628,982.66737192628,170,128103,725,0.0013252983870339,0.189944134078212,0.00263223089310046,0.0710668125,0.9289331875,0,1.56632363014206,1.95414895626981,0.106947469577296,-0.910507787687074,384.8894075,1236.8399525
K,11,7,1e-06,72,2,250,895,0,0,0,35912,0,0,0,0,895,0,0,0,0.9996240375,0.0003759625,0,NaN,NaN,0.106947469577296,-0.910507787687074,9.44271937499999,233.314009375
Lognormal,11,7,1e-06,72,2,250,895,7,0.00782122905027933,779,158561677,4.91291473916487e-06,4.91291473916487,7,404,888,0.0170316301703163,0.00782122905027933,0.0107197549770291,0,1,0,0.327028133319113,0.0581709051986545,0.106947469577296,-0.910507787687074,5.743831875,202.886121875
Weibull,11,7,1e-06,72,2,250,895,403,0.450279329608939,96533,158561677,0.000608804105925292,608.804105925292,403,47718,492,0.00837472205482014,0.450279329608939,0.0164436102497144,0,1,0,3.92183587312137,0.697346584998486,0.106947469577296,-0.910507787687074,7.221378125,204.190324375
BurrXII,15,11,1e-06,104,3,250,895,28,0.0312849162011173,1420,93878128,1.51259939908474e-05,15.1259939908474,28,1008,867,0.027027027027027,0.0312849162011173,0.0290005178663905,0.4051886375,0.5948113625,0,2.93332997885689,3.16634889192662,0.10814782627847,-0.956445647969013,329.344855625,550.806715625
CA-CFAR,15,11,1e-06,104,0,250,895,3,0.00335195530726257,300,158561677,1.89200824358082e-06,1.89200824358082,3,118,892,0.0247933884297521,0.00335195530726257,0.00590551181102362,0,1,0,NaN,NaN,0.10814782627847,-0.956445647969013,0,199.506136875
G0,15,11,1e-06,104,3,250,895,28,0.0312849162011173,1163,30682727,3.79040624387787e-05,37.9040624387787,28,753,867,0.0358514724711908,0.0312849162011173,0.0334128878281623,0.8016340125,0.1983659875,0,27.9892642418803,46.1066429244285,0.10814782627847,-0.956445647969013,3110.44777875,3476.4234425
G0-L1,15,11,1e-06,104,2,250,895,0,0,0,38306,0,0,0,0,895,0,0,0,0.9995152875,0.0004847125,0,10.3456009247043,16.9425357763939,0.10814782627847,-0.956445647969013,23.02819,221.33695375
GenGamma,15,11,1e-06,104,3,250,895,161,0.179888268156425,179634,158235508,0.00113523192278689,1135.23192278689,161,154509,734,0.00104092584211547,0.179888268156425,0.00206987432905859,0.0022228125,0.9977771875,0,1.28921810688802,1.53009300038649,0.10814782627847,-0.956445647969013,155.333928125,1036.905373125
GenGamma-exact,15,11,1e-06,104,3,250,895,163,0.182122905027933,143058,149680076,0.000955758467145621,955.758467145621,163,126358,732,0.00128832367749227,0.182122905027933,0.00255854837696993,0.0558273375,0.9441726625,0,1.40755036499733,1.56216132505969,0.10814782627847,-0.956445647969013,394.08614125,1243.31348875
K,15,11,1e-06,104,2,250,895,0,0,0,38306,0,0,0,0,895,0,0,0,0.9995152875,0.0004847125,0,NaN,NaN,0.10814782627847,-0.956445647969013,10.10455625,207.13869375
Lognormal,15,11,1e-06,104,2,250,895,8,0.00893854748603352,587,158561677,3.70202946327315e-06,3.70202946327315,8,227,887,0.0340425531914894,0.00893854748603352,0.0141592920353982,0,1,0,0.328857896641081,0.0494016494882826,0.10814782627847,-0.956445647969013,5.6029525,200.809753125
Weibull,15,11,1e-06,104,2,250,895,500,0.558659217877095,93237,158561677,0.000588017242022484,588.017242022484,500,38280,395,0.0128932439401753,0.558659217877095,0.0252047889098929,0,1,0,3.90002344712921,0.575287730934135,0.10814782627847,-0.956445647969013,6.9755725,202.080625625
BurrXII,17,13,1e-06,120,3,250,895,45,0.0502793296089385,1316,92531305,1.42222137686267e-05,14.2222137686267,45,897,850,0.0477707006369427,0.0502793296089385,0.0489929232444203,0.41348238125,0.58651761875,0,3.05329269068498,3.32341604455028,0.108657926385734,-0.972411188406006,325.315643125,546.844178125
CA-CFAR,17,13,1e-06,120,0,250,895,8,0.00893854748603352,372,158561677,2.34609022204022e-06,2.34609022204022,8,159,887,0.0479041916167665,0.00893854748603352,0.0150659133709981,0,1,0,NaN,NaN,0.108657926385734,-0.972411188406006,0,200.136270625
G0,17,13,1e-06,120,3,250,895,43,0.0480446927374302,1259,28605999,4.40117473261465e-05,44.0117473261465,43,761,852,0.0534825870646766,0.0480446927374302,0.0506180105944673,0.8143796375,0.1856203625,0,29.7598563750378,49.3263411396633,0.108657926385734,-0.972411188406006,3103.25685625,3458.475966875
G0-L1,17,13,1e-06,120,2,250,895,0,0,0,41961,0,0,0,0,895,0,0,0,0.99945696875,0.00054303125,0,10.79374533644,17.5200308965361,0.108657926385734,-0.972411188406006,23.242468125,222.223215625
GenGamma,17,13,1e-06,120,3,250,895,178,0.198882681564246,165351,158248732,0.00104488041016341,1044.88041016341,178,142068,717,0.00125135328937193,0.198882681564246,0.00248705821532615,0.0021388,0.9978612,0,1.24854452548129,1.41436669133154,0.108657926385734,-0.972411188406006,155.372345,1034.202419375
GenGamma-exact,17,13,1e-06,120,3,250,895,167,0.18659217877095,136926,150415329,0.000910319452879699,910.319452879699,167,120835,728,0.00138014247698385,0.18659217877095,0.0027400182120971,0.05120891875,0.94879108125,0,1.36370232344922,1.45280037066978,0.108657926385734,-0.972411188406006,396.921409375,1247.378745625
K,17,13,1e-06,120,2,250,895,0,0,0,41961,0,0,0,0,895,0,0,0,0.99945696875,0.00054303125,0,NaN,NaN,0.108657926385734,-0.972411188406006,9.294184375,206.943140625
Lognormal,17,13,1e-06,120,2,250,895,8,0.00893854748603352,577,158561677,3.63896252182045e-06,3.63896252182045,8,208,887,0.037037037037037,0.00893854748603352,0.0144014401440144,0,1,0,0.329632548182294,0.0463680233878434,0.108657926385734,-0.972411188406006,5.67262375,201.558614375
Weibull,17,13,1e-06,120,2,250,895,555,0.620111731843575,92658,158561677,0.000584365666112373,584.365666112373,555,36187,340,0.015105329051222,0.620111731843575,0.0294922549618726,0,1,0,3.89085814255221,0.535778601129583,0.108657926385734,-0.972411188406006,6.99503125,202.717609375
BurrXII,21,15,1e-06,216,3,250,895,59,0.0659217877094972,979,88585822,1.10514298777969e-05,11.0514298777969,59,578,836,0.0926216640502355,0.0659217877094972,0.077023498694517,0.4379768875,0.5620231125,0,3.9092085787581,4.86745154255002,0.110109480339593,-1.03783730017263,308.6719375,530.253861875
CA-CFAR,21,15,1e-06,216,0,250,895,27,0.0301675977653631,452,158561677,2.85062575366178e-06,2.85062575366178,27,181,868,0.129807692307692,0.0301675977653631,0.0489573889392566,0,1,0,NaN,NaN,0.110109480339593,-1.03783730017263,0,201.6172975
G0,21,15,1e-06,216,3,250,895,77,0.0860335195530726,1000,21218193,4.71293667655865e-05,47.1293667655865,77,509,818,0.131399317406143,0.0860335195530726,0.103983794733288,0.86025809375,0.13974190625,0,34.9066209298952,66.7329959653408,0.110109480339593,-1.03783730017263,3034.254298125,3350.728765625
G0-L1,21,15,1e-06,216,2,250,895,0,0,0,42623,0,0,0,0,895,0,0,0,0.99946379375,0.00053620625,0,12.7943272315762,20.3016630787554,0.110109480339593,-1.03783730017263,22.91636875,223.15807125
GenGamma,21,15,1e-06,216,3,250,895,166,0.185474860335196,114863,158255241,0.000725808505766959,725.808505766959,166,98814,729,0.00167710648615882,0.185474860335196,0.00332415519399249,0.00210078125,0.99789921875,0,1.09943409181702,0.971125049343118,0.110109480339593,-1.03783730017263,156.14585125,1017.261143125
GenGamma-exact,21,15,1e-06,216,3,250,895,164,0.183240223463687,107163,152328315,0.000703500199552526,703.500199552526,164,94034,731,0.00174101360963078,0.183240223463687,0.00344925493990094,0.0392274125,0.9607725875,0,1.19608205717567,0.992690904568498,0.110109480339593,-1.03783730017263,404.437563125,1252.774615
K,21,15,1e-06,216,2,250,895,0,0,0,42623,0,0,0,0,895,0,0,0,0.99946379375,0.00053620625,0,NaN,NaN,0.110109480339593,-1.03783730017263,9.10835562499999,208.0732975
Lognormal,21,15,1e-06,216,2,250,895,9,0.0100558659217877,420,158561677,2.64881154101315e-06,2.64881154101315,9,121,886,0.0692307692307692,0.0100558659217877,0.0175609756097561,0,1,0,0.331827260432991,0.0346258682338068,0.110109480339593,-1.03783730017263,5.711865625,203.029044375
Weibull,21,15,1e-06,216,2,250,895,602,0.672625698324022,81405,158561677,0.000513396436895657,513.396436895657,602,28088,293,0.0209829208783548,0.672625698324022,0.0406962988000676,0,1,0,3.86511816634206,0.398302193861767,0.110109480339593,-1.03783730017263,6.992355,204.148288125
BurrXII,31,21,1e-06,520,3,250,895,89,0.0994413407821229,910,88451129,1.02881671527336e-05,10.2881671527336,89,420,806,0.174852652259332,0.0994413407821229,0.126780626780627,0.43858768125,0.56141231875,0,5.17627431416034,6.42024492251257,0.111411103887813,-1.07115647240394,300.067780625,523.583915625
CA-CFAR,31,21,1e-06,520,0,250,895,97,0.108379888268156,490,158561677,3.09028013118201e-06,3.09028013118201,97,169,798,0.364661654135338,0.108379888268156,0.167097329888028,0,1,0,NaN,NaN,0.111411103887813,-1.07115647240394,0,204.1397375
G0,31,21,1e-06,520,3,250,895,108,0.120670391061453,795,17307815,4.59330077193453e-05,45.9330077193453,108,320,787,0.252336448598131,0.120670391061453,0.163265306122449,0.88428023125,0.11571976875,0,4.9248136277121,19.3255494458303,0.111411103887813,-1.07115647240394,2977.540349375,3274.54832
G0-L1,31,21,1e-06,520,2,250,895,0,0,0,55374,0,0,0,0,895,0,0,0,0.9994544875,0.0005455125,0,15.2491516897008,23.125899445316,0.111411103887813,-1.07115647240394,22.78578125,225.422629375
GenGamma,31,21,1e-06,520,3,250,895,170,0.189944134078212,74350,158219670,0.00046991628790529,469.91628790529,170,64932,725,0.00261128690362815,0.189944134078212,0.00515174932193888,0.0023174125,0.9976825875,0,1.03280164026158,0.55443151910083,0.111411103887813,-1.07115647240394,155.32277625,1006.39658125
GenGamma-exact,31,21,1e-06,520,3,250,895,167,0.18659217877095,81548,153486333,0.00053130463413964,531.30463413964,167,71640,728,0.00232567855501553,0.18659217877095,0.00459409644851586,0.03196094375,0.96803905625,0,1.12673448558486,0.577692206975184,0.111411103887813,-1.07115647240394,409.8330025,1257.96837625
K,31,21,1e-06,520,2,250,895,0,0,0,55374,0,0,0,0,895,0,0,0,0.9994544875,0.0005455125,0,NaN,NaN,0.111411103887813,-1.07115647240394,10.152460625,211.44893875
Lognormal,31,21,1e-06,520,2,250,895,19,0.0212290502793296,398,158561677,2.51006426981723e-06,2.51006426981723,19,84,876,0.184466019417476,0.0212290502793296,0.0380761523046092,0,1,0,0.333783008349141,0.0229034148828289,0.111411103887813,-1.07115647240394,5.729381875,205.55003375
Weibull,31,21,1e-06,520,2,250,895,673,0.75195530726257,74977,158561677,0.000472857006929865,472.857006929865,673,23185,222,0.0282085673568614,0.75195530726257,0.0543772472023593,0,1,0,3.84246615692305,0.256578185689142,0.111411103887813,-1.07115647240394,7.136899375,206.813625
BurrXII,41,27,1e-06,952,3,250,895,103,0.115083798882682,900,89136821,1.00968375347377e-05,10.0968375347377,103,377,792,0.214583333333333,0.115083798882682,0.149818181818182,0.43420771875,0.56579228125,0,5.71641928363199,6.01438904531512,0.112441131798361,-1.07553943739774,296.977021875,523.4177625
CA-CFAR,41,27,1e-06,952,0,250,895,144,0.160893854748603,712,158561677,4.49036623143182e-06,4.49036623143182,144,206,751,0.411428571428571,0.160893854748603,0.231325301204819,0,1,0,NaN,NaN,0.112441131798361,-1.07553943739774,0,207.154331875
G0,41,27,1e-06,952,3,250,895,119,0.132960893854749,903,17620227,5.12479209263309e-05,51.2479209263309,119,303,776,0.281990521327014,0.132960893854749,0.180713743356112,0.8821668625,0.1178331375,0,2.93737360443126,4.12743996890828,0.112441131798361,-1.07553943739774,2933.17622125,3233.867894375
G0-L1,41,27,1e-06,952,2,250,895,0,0,0,51978,0,0,0,0,895,0,0,0,0.9995691375,0.0004308625,0,17.1496118111588,24.9261510943039,0.112441131798361,-1.07553943739774,22.39058125,227.882429375
GenGamma,41,27,1e-06,952,3,250,895,171,0.191061452513966,62583,158188915,0.000395621905618355,395.621905618355,171,54449,724,0.00313072134749176,0.191061452513966,0.00616049716292894,0.0025030375,0.9974969625,0,1.02446167899183,0.399123790421865,0.112441131798361,-1.07553943739774,155.069361875,1003.7906825
GenGamma-exact,41,27,1e-06,952,3,250,895,168,0.187709497206704,76911,153863110,0.000499866407223928,499.866407223928,168,66932,727,0.00250372578241431,0.187709497206704,0.00494153981910435,0.0295885625,0.9704114375,0,1.11805699685042,0.417450329651608,0.112441131798361,-1.07553943739774,409.9883275,1258.506466875
K,41,27,1e-06,952,2,250,895,0,0,0,51978,0,0,0,0,895,0,0,0,0.9995691375,0.0004308625,0,NaN,NaN,0.112441131798361,-1.07553943739774,8.67482499999999,212.969550625
Lognormal,41,27,1e-06,952,2,250,895,33,0.0368715083798883,496,158561677,3.12812029605363e-06,3.12812029605363,33,95,862,0.2578125,0.0368715083798883,0.0645161290322581,0,1,0,0.335322418358707,0.0173312736747629,0.112441131798361,-1.07553943739774,5.675320625,208.4986875
Weibull,41,27,1e-06,952,2,250,895,699,0.781005586592179,75147,158561677,0.000473929144934561,473.929144934561,699,21594,196,0.0313551338985332,0.781005586592179,0.0602898050715888,0,1,0,3.82482603607117,0.19173859301011,0.112441131798361,-1.07553943739774,7.029678125,209.7299475
BurrXII,51,41,1e-06,920,3,250,895,178,0.198882681564246,1266,89684796,1.41161050307791e-05,14.1161050307791,178,449,717,0.283891547049442,0.198882681564246,0.233902759526938,0.43076424375,0.56923575625,0,5.40314039691893,5.99102732878347,0.112667037895236,-1.07289959291226,298.97051625,529.86815125
CA-CFAR,51,41,1e-06,920,0,250,895,222,0.24804469273743,1017,158561677,6.41390794573899e-06,6.41390794573899,222,229,673,0.492239467849224,0.24804469273743,0.329866270430906,0,1,0,NaN,NaN,0.112667037895236,-1.07289959291226,0,211.463095
G0,51,41,1e-06,920,3,250,895,180,0.201117318435754,1112,18683478,5.95178263918527e-05,59.5178263918527,180,353,715,0.337711069418386,0.201117318435754,0.252100840336134,0.87546859375,0.12453140625,0,3.06643069901132,4.31742999021867,0.112667037895236,-1.07289959291226,2961.785309375,3272.220876875
G0-L1,51,41,1e-06,920,2,250,895,0,0,0,51184,0,0,0,0,895,0,0,0,0.99961418125,0.00038581875,0,18.3531475484923,24.9991124667521,0.112667037895236,-1.07289959291226,22.456169375,232.161975625
GenGamma,51,41,1e-06,920,3,250,895,293,0.327374301675978,64996,158168827,0.000410928001634608,410.928001634608,293,55096,602,0.00528985899727383,0.327374301675978,0.0104114846137446,0.002603375,0.997396625,0,1.02944401220481,0.413711992063411,0.112667037895236,-1.07289959291226,156.851580625,1009.699261875
GenGamma-exact,51,41,1e-06,920,3,250,895,291,0.325139664804469,78537,153832945,0.000510534333201513,510.534333201513,291,67169,604,0.00431366735843463,0.325139664804469,0.00851437349133202,0.02975598125,0.97024401875,0,1.12324220120006,0.432348424313342,0.112667037895236,-1.07289959291226,407.359815625,1262.34034875
K,51,41,1e-06,920,2,250,895,0,0,0,51184,0,0,0,0,895,0,0,0,0.99961418125,0.00038581875,0,NaN,NaN,0.112667037895236,-1.07289959291226,8.6852525,217.35847
Lognormal,51,41,1e-06,920,2,250,895,59,0.0659217877094972,665,158561677,4.19395160660416e-06,4.19395160660416,59,117,836,0.335227272727273,0.0659217877094972,0.110177404295051,0,1,0,0.335659108943495,0.0176435275614946,0.112667037895236,-1.07289959291226,5.740869375,213.004360625
Weibull,51,41,1e-06,920,2,250,895,761,0.850279329608939,84006,158561677,0.000529800148367502,529.800148367502,761,22905,134,0.0321558353756444,0.850279329608939,0.0619681609055006,0,1,0,3.82098921624896,0.19490002044242,0.112667037895236,-1.07289959291226,7.157183125,214.27068625
BurrXII,61,49,1e-06,1320,3,250,895,262,0.292737430167598,1241,90233440,1.3753216102589e-05,13.753216102589,262,430,633,0.378612716763006,0.292737430167598,0.330182734719597,0.42734841875,0.57265158125,0,5.6088135127132,6.0366071727144,0.112830815333539,-1.07373184952346,299.52957125,533.4688625
CA-CFAR,61,49,1e-06,1320,0,250,895,268,0.299441340782123,1098,158561677,6.92475017150582e-06,6.92475017150582,268,258,627,0.509505703422053,0.299441340782123,0.377199155524279,0,1,0,NaN,NaN,0.112830815333539,-1.07373184952346,0,214.325325
G0,61,49,1e-06,1320,3,250,895,263,0.293854748603352,1096,19500616,5.62033527556258e-05,56.2033527556258,263,314,632,0.45580589254766,0.293854748603352,0.357336956521739,0.87044319375,0.12955680625,0,3.17972236752184,3.45367842817929,0.112830815333539,-1.07373184952346,2942.016183125,3258.817086875
G0-L1,61,49,1e-06,1320,2,250,895,0,0,0,39591,0,0,0,0,895,0,0,0,0.99970046875,0.00029953125,0,15.8901805687063,24.0090182016562,0.112830815333539,-1.07373184952346,22.114033125,234.552405
GenGamma,61,49,1e-06,1320,3,250,895,366,0.408938547486034,60909,158143486,0.000385150229962681,385.150229962681,366,51386,529,0.00707219044674602,0.408938547486034,0.0139039261496382,0.0027510875,0.9972489125,0,1.02782782143748,0.343650751075183,0.112830815333539,-1.07373184952346,154.010200625,1007.564966875
GenGamma-exact,61,49,1e-06,1320,3,250,895,364,0.406703910614525,78131,154000513,0.000507342465800747,507.342465800747,364,66382,531,0.00545351032271597,0.406703910614525,0.0107627030942771,0.02869135,0.97130865,0,1.12156035567967,0.358995444896886,0.112830815333539,-1.07373184952346,408.475266875,1266.40832375
K,61,49,1e-06,1320,2,250,895,0,0,0,39591,0,0,0,0,895,0,0,0,0.99970046875,0.00029953125,0,NaN,NaN,0.112830815333539,-1.07373184952346,8.37186499999999,219.895954375
Lognormal,61,49,1e-06,1320,2,250,895,103,0.115083798882682,730,158561677,4.60388672604667e-06,4.60388672604667,103,111,792,0.481308411214953,0.115083798882682,0.185752930568079,0,1,0,0.335902983331895,0.0150086653581506,0.112830815333539,-1.07373184952346,5.646559375,215.7456025
Weibull,61,49,1e-06,1320,2,250,895,760,0.849162011173184,86352,158561677,0.000544595652832305,544.595652832305,760,22467,135,0.0327205407499892,0.849162011173184,0.063013017162756,0,1,0,3.81821509948154,0.164673710376141,0.112830815333539,-1.07373184952346,7.134348125,217.142761875
BurrXII,71,57,1e-06,1792,3,250,895,318,0.355307262569832,1260,90740015,1.38858253439786e-05,13.8858253439786,318,415,577,0.433833560709413,0.355307262569832,0.390663390663391,0.42424779375,0.57575220625,0,5.10386766196146,5.57011851576982,0.112952921113715,-1.07430959465142,299.9014725,533.72164375
CA-CFAR,71,57,1e-06,1792,0,250,895,298,0.332960893854749,1123,158561677,7.08241752513755e-06,7.08241752513755,298,254,597,0.539855072463768,0.332960893854749,0.411886662059433,0,1,0,NaN,NaN,0.112952921113715,-1.07430959465142,0,214.54609375
G0,71,57,1e-06,1792,3,250,895,320,0.357541899441341,1115,20374221,5.47260187272927e-05,54.7260187272927,320,289,575,0.525451559934319,0.357541899441341,0.425531914893617,0.86521715,0.13478285,0,3.49844041851879,3.49024697025721,0.112952921113715,-1.07430959465142,2926.10701,3246.66191125
G0-L1,71,57,1e-06,1792,2,250,895,0,0,0,29342,0,0,0,0,895,0,0,0,0.999775,0.000225,0,17.6217412212624,29.9172195025711,0.112952921113715,-1.07430959465142,21.9884525,234.435879375
GenGamma,71,57,1e-06,1792,3,250,895,433,0.483798882681564,58605,158114765,0.000370648496995205,370.648496995205,433,48891,462,0.00877868785986538,0.483798882681564,0.0172444692247954,0.002922975,0.997077025,0,1.02670499679652,0.296696238018134,0.112952921113715,-1.07430959465142,153.593279375,1006.02716375
GenGamma-exact,71,57,1e-06,1792,3,250,895,432,0.48268156424581,78834,154115143,0.000511526631747018,511.526631747018,432,66416,463,0.00646242221158449,0.48268156424581,0.0127540852929454,0.0279680625,0.9720319375,0,1.12039165423479,0.308356691386418,0.112952921113715,-1.07430959465142,407.444745625,1267.71209125
K,71,57,1e-06,1792,2,250,895,0,0,0,29342,0,0,0,0,895,0,0,0,0.999775,0.000225,0,NaN,NaN,0.112952921113715,-1.07430959465142,8.14421749999999,219.759101875
Lognormal,71,57,1e-06,1792,2,250,895,126,0.140782122905028,824,158561677,5.196715975702e-06,5.196715975702,126,117,769,0.518518518518518,0.140782122905028,0.221441124780316,0,1,0,0.336084673892934,0.0131455788933553,0.112952921113715,-1.07430959465142,5.6660925,216.04673375
Weibull,71,57,1e-06,1792,2,250,895,763,0.852513966480447,88482,158561677,0.000558028911361728,558.028911361728,763,22170,132,0.0332708324248899,0.852513966480447,0.0640423031727379,0,1,0,3.81615134042419,0.143282561160879,0.112952921113715,-1.07430959465142,7.12678,217.398869375
BurrXII,81,65,1e-06,2336,3,250,895,350,0.391061452513966,1506,91159678,1.65204620402455e-05,16.5204620402455,350,458,545,0.433168316831683,0.391061452513966,0.411039342337052,0.42176356875,0.57823643125,0,4.79599117393274,5.36281387384608,0.113051061889725,-1.07401430735607,296.32830125,533.217265625
CA-CFAR,81,65,1e-06,2336,0,250,895,307,0.343016759776536,1261,158561677,7.95274131718473e-06,7.95274131718473,307,303,588,0.50327868852459,0.343016759776536,0.40797342192691,0,1,0,NaN,NaN,0.113051061889725,-1.07401430735607,0,217.68730375
G0,81,65,1e-06,2336,3,250,895,342,0.382122905027933,1048,21211655,4.9406800176601e-05,49.406800176601,342,274,553,0.555194805194805,0.382122905027933,0.452680344142952,0.86033464375,0.13966535625,0,3.78269495467317,3.84784687097016,0.113051061889725,-1.07401430735607,2897.288480625,3224.40376625
G0-L1,81,65,1e-06,2336,2,250,895,0,0,0,22255,0,0,0,0,895,0,0,0,0.999831,0.000169,0,19.2318934524129,29.1535856599449,0.113051061889725,-1.07401430735607,21.691451875,237.127614375
GenGamma,81,65,1e-06,2336,3,250,895,462,0.516201117318436,58113,158088476,0.000367597951921556,367.597951921556,462,47543,433,0.00962399750026039,0.516201117318436,0.0188957055214724,0.003076775,0.996923225,0,1.0272472476568,0.261330847988837,0.113051061889725,-1.07401430735607,152.61377375,1007.936070625
GenGamma-exact,81,65,1e-06,2336,3,250,895,461,0.515083798882682,80534,154193420,0.000522292066678332,522.292066678332,461,66656,434,0.00686860258950787,0.515083798882682,0.0135564312180204,0.027471925,0.972528075,0,1.12095556453406,0.271130316716015,0.113051061889725,-1.07401430735607,405.27382375,1269.0876425
K,81,65,1e-06,2336,2,250,895,0,0,0,22255,0,0,0,0,895,0,0,0,0.999831,0.000169,0,NaN,NaN,0.113051061889725,-1.07401430735607,8.044545,222.708921875
Lognormal,81,65,1e-06,2336,2,250,895,155,0.173184357541899,915,158561677,5.77062514292151e-06,5.77062514292151,155,126,740,0.551601423487544,0.173184357541899,0.263605442176871,0,1,0,0.336230646325733,0.0117169542488844,0.113051061889725,-1.07401430735607,5.655245625,219.001368125
Weibull,81,65,1e-06,2336,2,250,895,762,0.851396648044693,91501,158561677,0.000577068820986297,577.068820986297,762,22178,133,0.0332170880557977,0.851396648044693,0.0639395846444305,0,1,0,3.81449462475321,0.127629163038551,0.113051061889725,-1.07401430735607,7.079791875,220.342395
BurrXII,91,73,1e-06,2952,3,250,895,375,0.418994413407821,1997,91617039,2.1797255421014e-05,21.797255421014,375,543,520,0.408496732026144,0.418994413407821,0.413678985107557,0.4191028,0.5808972,0,4.59164999196444,4.10509522935234,0.113108972432715,-1.07372301949347,298.6297575,535.918634375
CA-CFAR,91,73,1e-06,2952,0,250,895,318,0.355307262569832,1424,158561677,8.98073246286365e-06,8.98073246286365,318,334,577,0.487730061349693,0.355307262569832,0.411118293471235,0,1,0,NaN,NaN,0.113108972432715,-1.07372301949347,0,218.136284375
G0,91,73,1e-06,2952,3,250,895,353,0.394413407821229,1184,21976238,5.38763731990889e-05,53.8763731990889,353,282,542,0.555905511811024,0.394413407821229,0.461437908496732,0.85594709375,0.14405290625,0,4.13135837322332,4.2797333999369,0.113108972432715,-1.07372301949347,2881.96458375,3212.854866875
G0-L1,91,73,1e-06,2952,2,250,895,0,0,0,17697,0,0,0,0,895,0,0,0,0.9998669625,0.0001330375,0,27.6563891621431,31.8395818730817,0.113108972432715,-1.07372301949347,21.447934375,237.347269375
GenGamma,91,73,1e-06,2952,3,250,895,487,0.544134078212291,59155,158067505,0.000374238841816349,374.238841816349,487,46869,408,0.0102838077540333,0.544134078212291,0.0201861101324325,0.0032022125,0.9967977875,0,1.02778360052038,0.234825418525689,0.113108972432715,-1.07372301949347,153.0038875,1008.358170625
GenGamma-exact,91,73,1e-06,2952,3,250,895,487,0.544134078212291,82989,154249464,0.000538018077002848,538.018077002848,487,67065,408,0.00720926101373757,0.544134078212291,0.0142299881660263,0.02712441875,0.97287558125,0,1.12151391357108,0.244923102534669,0.113108972432715,-1.07372301949347,404.946450625,1268.850310625
K,91,73,1e-06,2952,2,250,895,0,0,0,17697,0,0,0,0,895,0,0,0,0.9998669625,0.0001330375,0,NaN,NaN,0.113108972432715,-1.07372301949347,7.99673999999999,223.11274625
Lognormal,91,73,1e-06,2952,2,250,895,175,0.195530726256983,1026,158561677,6.47066819304642e-06,6.47066819304642,175,136,720,0.562700964630225,0.195530726256983,0.290215588723051,0,1,0,0.336316716050709,0.0106670448746278,0.113108972432715,-1.07372301949347,5.610620625,219.47967375
Weibull,91,73,1e-06,2952,2,250,895,748,0.835754189944134,94760,158561677,0.00059762233720573,597.62233720573,748,22398,147,0.0323165989803854,0.835754189944134,0.062227028825756,0,1,0,3.81351925274065,0.115067329057414,0.113108972432715,-1.07372301949347,7.0338825,220.830200625
BurrXII,101,73,1e-06,4872,3,250,895,360,0.402234636871508,1973,92026460,2.14394859913116e-05,21.4394859913116,360,559,535,0.391730141458107,0.402234636871508,0.396912899669239,0.41659123125,0.58340876875,0,4.61095620223622,3.57030771700512,0.113028618148891,-1.07497335974983,297.22551625,535.874754375
CA-CFAR,101,73,1e-06,4872,0,250,895,312,0.348603351955307,1397,158561677,8.81045172094137e-06,8.81045172094137,312,341,583,0.477794793261868,0.348603351955307,0.403100775193798,0,1,0,NaN,NaN,0.113028618148891,-1.07497335974983,0,219.70245
G0,101,73,1e-06,4872,3,250,895,321,0.358659217877095,1376,22665725,6.0708404430037e-05,60.708404430037,321,272,574,0.541315345699831,0.358659217877095,0.431451612903226,0.85175625625,0.14824374375,0,4.37936520119155,4.53976611293904,0.113028618148891,-1.07497335974983,2852.87069625,3188.31477
G0-L1,101,73,1e-06,4872,2,250,895,0,0,0,12996,0,0,0,0,895,0,0,0,0.99990095625,9.904375e-05,0,20.6876906460864,31.046691982852,0.113028618148891,-1.07497335974983,21.48142625,238.776886875
GenGamma,101,73,1e-06,4872,3,250,895,482,0.53854748603352,57848,158043509,0.000366025788506126,366.025788506126,482,45392,413,0.0105070410254174,0.53854748603352,0.0206119438089333,0.0033444125,0.9966555875,0,1.02544969073657,0.184997867224127,0.113028618148891,-1.07497335974983,151.795640625,1009.404883125
GenGamma-exact,101,73,1e-06,4872,3,250,895,480,0.536312849162011,84223,154349793,0.00054566318725157,545.66318725157,480,67545,415,0.00705622932745314,0.536312849162011,0.0139291932675566,0.02648861875,0.97351138125,0,1.11908528000417,0.194063062883481,0.113028618148891,-1.07497335974983,405.621800625,1273.06583875
K,101,73,1e-06,4872,2,250,895,0,0,0,12996,0,0,0,0,895,0,0,0,0.99990095625,9.904375e-05,0,NaN,NaN,0.113028618148891,-1.07497335974983,7.8707225,224.451314375
Lognormal,101,73,1e-06,4872,2,250,895,179,0.2,1038,158561677,6.54634852278965e-06,6.54634852278965,179,134,716,0.571884984025559,0.2,0.29635761589404,0,1,0,0.33619728988894,0.00853832179181763,0.113028618148891,-1.07497335974983,5.641414375,220.995034375
Weibull,101,73,1e-06,4872,2,250,895,735,0.82122905027933,93681,158561677,0.000590817414222984,590.817414222984,735,21974,160,0.0323660222819147,0.82122905027933,0.0622775800711744,0,1,0,3.8148726164743,0.0914250873005693,0.113028618148891,-1.07497335974983,7.005890625,222.314771875
BurrXII,111,79,1e-06,6080,3,250,895,362,0.404469273743017,2268,92384727,2.45495123885575e-05,24.5495123885575,362,607,533,0.373581011351909,0.404469273743017,0.388412017167382,0.41451095625,0.58548904375,0,4.4713108151864,3.39497276613231,0.113004888864568,-1.07537504211345,297.694568125,538.849324375
CA-CFAR,111,79,1e-06,6080,0,250,895,317,0.354189944134078,1630,158561677,1.02799114567891e-05,10.2799114567891,317,422,578,0.428958051420839,0.354189944134078,0.388004895960832,0,1,0,NaN,NaN,0.113004888864568,-1.07537504211345,0,222.299761875
G0,111,79,1e-06,6080,3,250,895,291,0.325139664804469,1493,23368427,6.38896233794427e-05,63.8896233794427,291,266,604,0.522441651705566,0.325139664804469,0.400826446280992,0.84765420625,0.15234579375,0,4.7073780334693,5.01011271153517,0.113004888864568,-1.07537504211345,2860.342060625,3201.6703275
G0-L1,111,79,1e-06,6080,2,250,895,0,0,0,10774,0,0,0,0,895,0,0,0,0.9999163125,8.36875e-05,0,43.4640055117439,37.9133168341347,0.113004888864568,-1.07537504211345,21.58567625,241.508103125
GenGamma,111,79,1e-06,6080,3,250,895,470,0.525139664804469,59484,158024521,0.0003764225933012,376.4225933012,470,45082,425,0.0103178784685634,0.525139664804469,0.0202381208689474,0.00345791875,0.99654208125,0,1.02467586822378,0.166666244719277,0.113004888864568,-1.07537504211345,151.909450625,1013.283575
GenGamma-exact,111,79,1e-06,6080,3,250,895,470,0.525139664804469,86788,154376620,0.000562183574170752,562.183574170752,470,67988,425,0.006865523386602,0.525139664804469,0.0135538477066601,0.0263212125,0.9736787875,0,1.11827985241025,0.17515082520468,0.113004888864568,-1.07537504211345,404.14362625,1276.074829375
K,111,79,1e-06,6080,2,250,895,0,0,0,10774,0,0,0,0,895,0,0,0,0.9999163125,8.36875e-05,0,NaN,NaN,0.113004888864568,-1.07537504211345,7.7721275,226.968315
Lognormal,111,79,1e-06,6080,2,250,895,190,0.212290502793296,1138,158561677,7.17701793731659e-06,7.17701793731659,190,136,705,0.582822085889571,0.212290502793296,0.311220311220311,0,1,0,0.33616198490828,0.00783153616304627,0.113004888864568,-1.07537504211345,5.67007125,223.75448
Weibull,111,79,1e-06,6080,2,250,895,726,0.811173184357542,96425,158561677,0.000608122982957603,608.122982957603,726,22245,169,0.0316050672587175,0.811173184357542,0.0608396882594486,0,1,0,3.8152735503808,0.0830584996291601,0.113004888864568,-1.07537504211345,6.9984425,224.900155625
BurrXII,121,87,1e-06,7072,3,250,895,351,0.392178770949721,2507,92785216,2.70193906753421e-05,27.0193906753421,351,679,544,0.340776699029126,0.392178770949721,0.364675324675325,0.41218871875,0.58781128125,0,4.41776633698053,3.23165163934167,0.11297684296478,-1.07551061358394,298.93432375,543.267106875
CA-CFAR,121,87,1e-06,7072,0,250,895,320,0.357541899441341,1939,158561677,1.22286799476774e-05,12.2286799476774,320,489,575,0.395550061804697,0.357541899441341,0.375586854460094,0,1,0,NaN,NaN,0.11297684296478,-1.07551061358394,0,225.50762125
G0,121,87,1e-06,7072,3,250,895,261,0.291620111731844,1860,24018303,7.74409416019108e-05,77.4409416019108,261,337,634,0.436454849498328,0.291620111731844,0.349631614199598,0.8438759625,0.1561240375,0,5.01662564395307,5.31212835339998,0.11297684296478,-1.07551061358394,2844.28315125,3191.3785975
G0-L1,121,87,1e-06,7072,2,250,895,0,0,0,10724,0,0,0,0,895,0,0,0,0.99991749375,8.250625e-05,0,27.0579281335719,24.8507414434415,0.11297684296478,-1.07551061358394,21.426365625,244.463183125
GenGamma,121,87,1e-06,7072,3,250,895,478,0.534078212290503,62239,158015955,0.000393877947325003,393.877947325003,478,45350,417,0.0104303046172646,0.534078212290503,0.0204610149177065,0.003507025,0.996492975,0,1.02444654418853,0.155663342174783,0.11297684296478,-1.07551061358394,151.764731875,1013.58385
GenGamma-exact,121,87,1e-06,7072,3,250,895,477,0.532960893854749,89932,154395981,0.000582476301633784,582.476301633784,477,68663,418,0.0068990454150998,0.532960893854749,0.0136217605482973,0.02620390625,0.97379609375,0,1.11804120984909,0.163816947639775,0.11297684296478,-1.07551061358394,405.27926625,1279.037605
K,121,87,1e-06,7072,2,250,895,0,0,0,10724,0,0,0,0,895,0,0,0,0.99991749375,8.250625e-05,0,NaN,NaN,0.11297684296478,-1.07551061358394,7.83486062499999,230.1711225
Lognormal,121,87,1e-06,7072,2,250,895,195,0.217877094972067,1282,158561677,8.08518189423539e-06,8.08518189423539,195,167,700,0.538674033149171,0.217877094972067,0.310262529832936,0,1,0,0.33612025272474,0.00734571641495993,0.11297684296478,-1.07551061358394,5.645698125,226.80385375
Weibull,121,87,1e-06,7072,2,250,895,725,0.810055865921788,100325,158561677,0.000632719090124154,632.719090124154,725,22634,170,0.0310372875551179,0.810055865921788,0.059783953162365,0,1,0,3.81574758363232,0.0785658073390179,0.11297684296478,-1.07551061358394,7.067694375,228.163153125
BurrXII,131,93,1e-06,8512,3,250,895,348,0.388826815642458,2894,93170025,3.10614921483599e-05,31.0614921483599,348,728,547,0.323420074349442,0.388826815642458,0.353120243531202,0.40990634375,0.59009365625,0,4.36493936093484,3.111393458673,0.112998672637765,-1.07568697975754,298.07653375,546.50197
CA-CFAR,131,93,1e-06,8512,0,250,895,319,0.356424581005587,2146,158561677,1.35341656357482e-05,13.5341656357482,319,560,576,0.362912400455063,0.356424581005587,0.359639233370913,0,1,0,NaN,NaN,0.112998672637765,-1.07568697975754,0,229.580118125
G0,131,93,1e-06,8512,3,250,895,231,0.258100558659218,1820,24632784,7.3885274193936e-05,73.885274193936,231,309,664,0.427777777777778,0.258100558659218,0.321951219512195,0.840200725,0.159799275,0,5.37699905389975,5.69946852828774,0.112998672637765,-1.07568697975754,2846.73761375,3200.6891625
G0-L1,131,93,1e-06,8512,2,250,895,0,0,0,8153,0,0,0,0,895,0,0,0,0.99993315625,6.684375e-05,0,12.7054088149615,15.1035863476344,0.112998672637765,-1.07568697975754,21.511955625,248.674395625
GenGamma,131,93,1e-06,8512,3,250,895,477,0.532960893854749,64109,157995872,0.000405763765777374,405.763765777374,477,45209,418,0.0104408352668213,0.532960893854749,0.0204804534037483,0.00363090625,0.99636909375,0,1.02410856461772,0.142867943536889,0.112998672637765,-1.07568697975754,151.979905,1019.14391625
GenGamma-exact,131,93,1e-06,8512,3,250,895,476,0.531843575418994,92112,154394457,0.000596601729037461,596.601729037461,476,68859,419,0.00686521958606764,0.531843575418994,0.0135554606293607,0.0262166125,0.9737833875,0,1.11768938964917,0.15119023956108,0.112998672637765,-1.07568697975754,402.17898625,1279.931335625
K,131,93,1e-06,8512,2,250,895,0,0,0,8153,0,0,0,0,895,0,0,0,0.99993315625,6.684375e-05,0,NaN,NaN,0.112998672637765,-1.07568697975754,7.7700525,234.18509
Lognormal,131,93,1e-06,8512,2,250,895,197,0.220111731843575,1419,158561677,8.9491989921373e-06,8.9491989921373,197,176,698,0.528150134048257,0.220111731843575,0.310725552050473,0,1,0,0.336152718745684,0.00681604792539187,0.112998672637765,-1.07568697975754,5.717935625,231.00792375
Weibull,131,93,1e-06,8512,2,250,895,719,0.803351955307263,103705,158561677,0.000654035716335165,654.035716335165,719,22942,176,0.0303875575842103,0.803351955307263,0.0585600260628767,0,1,0,3.81537917722614,0.0726578181423643,0.112998672637765,-1.07568697975754,7.129079375,232.3368425
BurrXII,141,101,1e-06,9680,3,250,895,330,0.368715083798883,3265,93531477,3.49080342225324e-05,34.9080342225324,330,841,565,0.281810418445773,0.368715083798883,0.31945788964182,0.4077423375,0.5922576625,0,4.13677045335221,3.06639287876778,0.113271508139448,-1.07319738803827,299.373128125,550.919183125
CA-CFAR,141,101,1e-06,9680,0,250,895,320,0.357541899441341,2511,158561677,1.58361089987715e-05,15.8361089987715,320,637,575,0.334378265412748,0.357541899441341,0.345572354211663,0,1,0,NaN,NaN,0.113271508139448,-1.07319738803827,0,232.71970875
G0,141,101,1e-06,9680,3,250,895,208,0.232402234636872,1958,25193333,7.77189743016535e-05,77.7189743016535,208,314,687,0.398467432950192,0.232402234636872,0.293577981651376,0.83683891875,0.16316108125,0,5.82491235899838,6.29076809507482,0.113271508139448,-1.07319738803827,2843.9001075,3203.182571875
G0-L1,141,101,1e-06,9680,2,250,895,0,0,0,8579,0,0,0,0,895,0,0,0,0.999930275,6.9725e-05,0,18.482674508585,22.0913547274442,0.113271508139448,-1.07319738803827,21.727930625,251.95277625
GenGamma,141,101,1e-06,9680,3,250,895,483,0.539664804469274,66515,157982046,0.000421028855392846,421.028855392846,483,45381,412,0.0105311355311355,0.539664804469274,0.0206591244466306,0.00371875625,0.99628124375,0,1.02891366769951,0.137058646893137,0.113271508139448,-1.07319738803827,151.771558125,1022.900959375
GenGamma-exact,141,101,1e-06,9680,3,250,895,480,0.536312849162011,94823,154394289,0.000614161317845118,614.161317845118,480,69256,415,0.00688310198462774,0.536312849162011,0.0135917656553072,0.0262168625,0.9737831375,0,1.12269014697839,0.144513837772974,0.113271508139448,-1.07319738803827,402.0235175,1282.6063125
K,141,101,1e-06,9680,2,250,895,0,0,0,8579,0,0,0,0,895,0,0,0,0.999930275,6.9725e-05,0,NaN,NaN,0.113271508139448,-1.07319738803827,7.82393125,237.321556875
Lognormal,141,101,1e-06,9680,2,250,895,208,0.232402234636872,1617,158561677,1.01979244329006e-05,10.1979244329006,208,208,687,0.5,0.232402234636872,0.317315026697178,0,1,0,0.336558261179783,0.00653016045600391,0.113271508139448,-1.07319738803827,5.650815,234.0121775
Weibull,141,101,1e-06,9680,2,250,895,716,0.8,108049,158561677,0.000681431995702215,681.431995702215,716,23481,179,0.0295904450964996,0.8,0.0570699824645305,0,1,0,3.81078252206526,0.0688864482685632,0.113271508139448,-1.07319738803827,7.15705,235.372456875
BurrXII,151,109,1e-06,10920,3,250,895,328,0.366480446927374,3573,93889750,3.805527227413e-05,38.05527227413,328,906,567,0.26580226904376,0.366480446927374,0.308125880695162,0.4055604375,0.5944395625,0,4.02106331160476,3.03707661721764,0.113264576986894,-1.07260734485033,301.436571875,556.270440625
CA-CFAR,151,109,1e-06,10920,0,250,895,318,0.355307262569832,2811,158561677,1.77281172423523e-05,17.7281172423523,318,677,577,0.319597989949749,0.355307262569832,0.336507936507937,0,1,0,NaN,NaN,0.113264576986894,-1.07260734485033,0,235.816693125
G0,151,109,1e-06,10920,3,250,895,197,0.220111731843575,2019,25710244,7.85290096818996e-05,78.5290096818996,197,329,698,0.374524714828897,0.220111731843575,0.277269528501056,0.83373389375,0.16626610625,0,6.3095537921599,6.82618289747523,0.113264576986894,-1.07260734485033,2838.69675,3204.129129375
G0-L1,151,109,1e-06,10920,2,250,895,0,0,0,8872,0,0,0,0,895,0,0,0,0.999930025,6.9975e-05,0,15.7174922285327,20.2982249291557,0.113264576986894,-1.07260734485033,21.653024375,255.066116875
GenGamma,151,109,1e-06,10920,3,250,895,485,0.541899441340782,69017,157971533,0.000436895171486372,436.895171486372,485,45606,410,0.0105226616910026,0.541899441340782,0.0206444472821692,0.003783025,0.996216975,0,1.03001391086499,0.130393819047637,0.113264576986894,-1.07260734485033,151.32939625,1022.581731875
GenGamma-exact,151,109,1e-06,10920,3,250,895,484,0.540782122905028,97066,154388443,0.000628712862918114,628.712862918114,484,69561,411,0.00690984367192519,0.540782122905028,0.0136453340851424,0.02624614375,0.97375385625,0,1.12383485742697,0.13798416572381,0.113264576986894,-1.07260734485033,399.798853125,1283.134854375
K,151,109,1e-06,10920,2,250,895,0,0,0,8872,0,0,0,0,895,0,0,0,0.999930025,6.9975e-05,0,NaN,NaN,0.113264576986894,-1.07260734485033,7.835168125,240.509818125
Lognormal,151,109,1e-06,10920,2,250,895,212,0.236871508379888,1827,158561677,1.15223302034072e-05,11.5223302034072,212,219,683,0.491879350348028,0.236871508379888,0.319758672699849,0,1,0,0.336547973547001,0.00626579988681911,0.113264576986894,-1.07260734485033,5.649646875,237.208383125
Weibull,151,109,1e-06,10920,2,250,895,721,0.805586592178771,112590,158561677,0.000710070693815883,710.070693815883,721,23999,174,0.0291666666666667,0.805586592178771,0.0562951395666602,0,1,0,3.81089879242664,0.0654951810027709,0.113264576986894,-1.07260734485033,7.10049687499999,238.57419
BurrXII,11,7,1e-05,72,3,250,895,44,0.0491620111731844,3722,97995110,3.79814870354245e-05,3.79814870354245,44,2787,851,0.0155422112327799,0.0491620111731844,0.02361782071927,0.37980581875,0.62019418125,0,2.68102710843707,2.72439554613602,0.106947469577296,-0.910507787687074,343.6933075,568.278490625
CA-CFAR,11,7,1e-05,72,0,250,895,5,0.00558659217877095,651,158561677,4.10565788857039e-06,0.410565788857039,5,297,890,0.0165562913907285,0.00558659217877095,0.00835421888053467,0,1,0,NaN,NaN,0.106947469577296,-0.910507787687074,0,201.279233125
G0,11,7,1e-05,72,3,250,895,33,0.0368715083798883,2347,36866581,6.36619924152988e-05,6.36619924152988,33,1579,862,0.0204714640198511,0.0368715083798883,0.0263262863980854,0.76364936875,0.23635063125,0,23.5568116001475,37.4216394651059,0.106947469577296,-0.910507787687074,3171.28952625,3564.64002625
G0-L1,11,7,1e-05,72,2,250,895,0,0,0,35912,0,0,0,0,895,0,0,0,0.9996240375,0.0003759625,0,11.230179126338,17.7526318332673,0.106947469577296,-0.910507787687074,23.243655625,223.403318125
GenGamma,11,7,1e-05,72,3,250,895,226,0.252513966480447,292890,158086602,0.00185271867631135,185.271867631135,226,247816,669,0.000911136017287395,0.252513966480447,0.00181572044332502,0.00317335,0.99682665,0,1.41706657198999,1.91607349259589,0.106947469577296,-0.910507787687074,156.6399575,1062.96248125
GenGamma-exact,11,7,1e-05,72,3,250,895,209,0.233519553072626,205304,147257357,0.00139418501175462,139.418501175462,209,178162,686,0.00117171513306535,0.233519553072626,0.00233173050104314,0.0710668125,0.9289331875,0,1.56632363014206,1.95414895626981,0.106947469577296,-0.910507787687074,384.8894075,1241.2724425
K,11,7,1e-05,72,2,250,895,0,0,0,35912,0,0,0,0,895,0,0,0,0.9996240375,0.0003759625,0,NaN,NaN,0.106947469577296,-0.910507787687074,9.44271937499999,232.83971875
Lognormal,11,7,1e-05,72,2,250,895,14,0.0156424581005587,2365,158561677,1.49153316535622e-05,1.49153316535622,14,1200,881,0.0115321252059308,0.0156424581005587,0.0132764343290659,0,1,0,0.327028133319113,0.0581709051986545,0.106947469577296,-0.910507787687074,5.743831875,202.768608125
Weibull,11,7,1e-05,72,2,250,895,490,0.547486033519553,163960,158561677,0.00103404557205837,103.404557205837,490,87155,405,0.00559073535284386,0.547486033519553,0.0110684436412921,0,1,0,3.92183587312137,0.697346584998486,0.106947469577296,-0.910507787687074,7.221378125,204.488915625
BurrXII,15,11,1e-05,104,3,250,895,43,0.0480446927374302,3165,93878128,3.37139232260788e-05,3.37139232260788,43,2203,852,0.0191451469278718,0.0480446927374302,0.0273798153454314,0.4051886375,0.5948113625,0,2.93332997885689,3.16634889192662,0.10814782627847,-0.956445647969013,329.344855625,550.7048075
CA-CFAR,15,11,1e-05,104,0,250,895,36,0.0402234636871508,977,158561677,6.16164017992822e-06,0.616164017992822,36,402,859,0.0821917808219178,0.0402234636871508,0.054013503375844,0,1,0,NaN,NaN,0.10814782627847,-0.956445647969013,0,199.432019375
G0,15,11,1e-05,104,3,250,895,55,0.0614525139664804,2555,30682727,8.3271607507377e-05,8.3271607507377,55,1530,840,0.0347003154574132,0.0614525139664804,0.0443548387096774,0.8016340125,0.1983659875,0,27.9892642418803,46.1066429244285,0.10814782627847,-0.956445647969013,3110.44777875,3471.51969625
G0-L1,15,11,1e-05,104,2,250,895,0,0,0,38306,0,0,0,0,895,0,0,0,0.9995152875,0.0004847125,0,10.3456009247043,16.9425357763939,0.10814782627847,-0.956445647969013,23.02819,221.30938625
GenGamma,15,11,1e-05,104,3,250,895,219,0.244692737430168,260495,158235508,0.00164624870417833,164.624870417833,219,219982,676,0.000994545892162161,0.244692737430168,0.00198103991026522,0.0022228125,0.9977771875,0,1.28921810688802,1.53009300038649,0.10814782627847,-0.956445647969013,155.333928125,1042.7175775
GenGamma-exact,15,11,1e-05,104,3,250,895,216,0.241340782122905,204438,149680076,0.00136583308522639,136.583308522639,216,177165,679,0.00121771779390126,0.241340782122905,0.00242320895689829,0.0558273375,0.9441726625,0,1.40755036499733,1.56216132505969,0.10814782627847,-0.956445647969013,394.08614125,1250.025613125
K,15,11,1e-05,104,2,250,895,0,0,0,38306,0,0,0,0,895,0,0,0,0.9995152875,0.0004847125,0,NaN,NaN,0.10814782627847,-0.956445647969013,10.10455625,207.1606675
Lognormal,15,11,1e-05,104,2,250,895,13,0.0145251396648045,1692,158561677,1.06709264937959e-05,1.06709264937958,13,719,882,0.0177595628415301,0.0145251396648045,0.015980331899201,0,1,0,0.328857896641081,0.0494016494882826,0.10814782627847,-0.956445647969013,5.6029525,200.744321875
Weibull,15,11,1e-05,104,2,250,895,593,0.662569832402235,153748,158561677,0.000969641611446882,96.9641611446882,593,69532,302,0.00845632798573975,0.662569832402235,0.0166995212616164,0,1,0,3.90002344712921,0.575287730934135,0.10814782627847,-0.956445647969013,6.9755725,202.378040625
BurrXII,17,13,1e-05,120,3,250,895,68,0.0759776536312849,2987,92531305,3.22809669657204e-05,3.22809669657204,68,2021,827,0.0325514600287219,0.0759776536312849,0.0455764075067024,0.41348238125,0.58651761875,0,3.05329269068498,3.32341604455028,0.108657926385734,-0.972411188406006,325.315643125,546.8256775
CA-CFAR,17,13,1e-05,120,0,250,895,57,0.0636871508379888,1182,158561677,7.45451247970845e-06,0.745451247970845,57,429,838,0.117283950617284,0.0636871508379888,0.0825488776249095,0,1,0,NaN,NaN,0.108657926385734,-0.972411188406006,0,200.1175325
G0,17,13,1e-05,120,3,250,895,76,0.0849162011173184,2613,28605999,9.13444763806361e-05,9.13444763806361,76,1509,819,0.0479495268138801,0.0849162011173184,0.0612903225806452,0.8143796375,0.1856203625,0,29.7598563750378,49.3263411396633,0.108657926385734,-0.972411188406006,3103.25685625,3454.116203125
G0-L1,17,13,1e-05,120,2,250,895,0,0,0,41961,0,0,0,0,895,0,0,0,0.99945696875,0.00054303125,0,10.79374533644,17.5200308965361,0.108657926385734,-0.972411188406006,23.242468125,222.228884375
GenGamma,17,13,1e-05,120,3,250,895,212,0.236871508379888,243872,158248732,0.00154106764027657,154.106764027657,212,206227,683,0.00102693773947752,0.236871508379888,0.00204500950157717,0.0021388,0.9978612,0,1.24854452548129,1.41436669133154,0.108657926385734,-0.972411188406006,155.372345,1037.58864125
GenGamma-exact,17,13,1e-05,120,3,250,895,213,0.237988826815642,198068,150415329,0.00131680727833265,131.680727833265,213,171630,682,0.00123950350028805,0.237988826815642,0.00246616262779469,0.05120891875,0.94879108125,0,1.36370232344922,1.45280037066978,0.108657926385734,-0.972411188406006,396.921409375,1250.521486875
K,17,13,1e-05,120,2,250,895,0,0,0,41961,0,0,0,0,895,0,0,0,0.99945696875,0.00054303125,0,NaN,NaN,0.108657926385734,-0.972411188406006,9.294184375,206.96354
Lognormal,17,13,1e-05,120,2,250,895,21,0.023463687150838,1668,158561677,1.05195658343094e-05,1.05195658343094,21,623,874,0.0326086956521739,0.023463687150838,0.0272904483430799,0,1,0,0.329632548182294,0.0463680233878434,0.108657926385734,-0.972411188406006,5.67262375,201.42046125
Weibull,17,13,1e-05,120,2,250,895,628,0.701675977653631,150945,158561677,0.000951963947757692,95.1963947757692,628,64638,267,0.00962216161554255,0.701675977653631,0.0189839935913907,0,1,0,3.89085814255221,0.535778601129583,0.108657926385734,-0.972411188406006,6.99503125,203.05396875
BurrXII,21,15,1e-05,216,3,250,895,79,0.088268156424581,2266,88585822,2.55797140991704e-05,2.55797140991704,79,1345,816,0.0554775280898876,0.088268156424581,0.068132815868909,0.4379768875,0.5620231125,0,3.9092085787581,4.86745154255002,0.110109480339593,-1.03783730017263,308.6719375,530.415588125
CA-CFAR,21,15,1e-05,216,0,250,895,99,0.110614525139665,1351,158561677,8.52034379025898e-06,0.852034379025898,99,466,796,0.175221238938053,0.110614525139665,0.135616438356164,0,1,0,NaN,NaN,0.110109480339593,-1.03783730017263,0,201.56157875
G0,21,15,1e-05,216,3,250,895,110,0.122905027932961,2163,21218193,0.000101940820313964,10.1940820313964,110,1057,785,0.0942587832047986,0.122905027932961,0.106692531522793,0.86025809375,0.13974190625,0,34.9066209298952,66.7329959653408,0.110109480339593,-1.03783730017263,3034.254298125,3347.675921875
G0-L1,21,15,1e-05,216,2,250,895,0,0,0,42623,0,0,0,0,895,0,0,0,0.99946379375,0.00053620625,0,12.7943272315762,20.3016630787554,0.110109480339593,-1.03783730017263,22.91636875,223.1720525
GenGamma,21,15,1e-05,216,3,250,895,213,0.237988826815642,179328,158255241,0.00113315678436204,113.315678436204,213,152017,682,0.0013991985810944,0.237988826815642,0.00278204081632653,0.00210078125,0.99789921875,0,1.09943409181702,0.971125049343118,0.110109480339593,-1.03783730017263,156.14585125,1019.040196875
GenGamma-exact,21,15,1e-05,216,3,250,895,208,0.232402234636872,159886,152328315,0.00104961444627022,104.961444627022,208,137618,687,0.00150914921712884,0.232402234636872,0.00299882497963538,0.0392274125,0.9607725875,0,1.19608205717567,0.992690904568498,0.110109480339593,-1.03783730017263,404.437563125,1262.573468125
K,21,15,1e-05,216,2,250,895,0,0,0,42623,0,0,0,0,895,0,0,0,0.99946379375,0.00053620625,0,NaN,NaN,0.110109480339593,-1.03783730017263,9.10835562499999,208.07327125
Lognormal,21,15,1e-05,216,2,250,895,27,0.0301675977653631,1173,158561677,7.39775223240102e-06,0.739775223240102,27,389,868,0.0649038461538462,0.0301675977653631,0.0411899313501144,0,1,0,0.331827260432991,0.0346258682338068,0.110109480339593,-1.03783730017263,5.711865625,202.90996375
Weibull,21,15,1e-05,216,2,250,895,664,0.741899441340782,131869,158561677,0.000831657450242532,83.1657450242532,664,49919,231,0.0131269398809877,0.741899441340782,0.0257974280275069,0,1,0,3.86511816634206,0.398302193861767,0.110109480339593,-1.03783730017263,6.992355,204.44088125
BurrXII,31,21,1e-05,520,3,250,895,106,0.118435754189944,2012,88451129,2.2747024517912e-05,2.2747024517912,106,1048,789,0.0918544194107452,0.118435754189944,0.103465104929234,0.43858768125,0.56141231875,0,5.17627431416034,6.42024492251257,0.111411103887813,-1.07115647240394,300.067780625,523.632788125
CA-CFAR,31,21,1e-05,520,0,250,895,210,0.23463687150838,1556,158561677,9.81321609003921e-06,0.981321609003921,210,470,685,0.308823529411765,0.23463687150838,0.266666666666667,0,1,0,NaN,NaN,0.111411103887813,-1.07115647240394,0,204.097985
G0,31,21,1e-05,520,3,250,895,136,0.15195530726257,1720,17307815,9.9377073304747e-05,9.9377073304747,136,696,759,0.163461538461538,0.15195530726257,0.157498552403011,0.88428023125,0.11571976875,0,4.9248136277121,19.3255494458303,0.111411103887813,-1.07115647240394,2977.540349375,3271.8099375
G0-L1,31,21,1e-05,520,2,250,895,0,0,0,55374,0,0,0,0,895,0,0,0,0.9994544875,0.0005455125,0,15.2491516897008,23.125899445316,0.111411103887813,-1.07115647240394,22.78578125,225.3716925
GenGamma,31,21,1e-05,520,3,250,895,203,0.226815642458101,124599,158219670,0.000787506382739896,78.7506382739896,203,107661,692,0.00188199955499518,0.226815642458101,0.00373302439338354,0.0023174125,0.9976825875,0,1.03280164026158,0.55443151910083,0.111411103887813,-1.07115647240394,155.32277625,1004.32021375
GenGamma-exact,31,21,1e-05,520,3,250,895,197,0.220111731843575,123437,153486333,0.00080422144165761,80.422144165761,197,106632,698,0.00184406855816305,0.220111731843575,0.00365749508001931,0.03196094375,0.96803905625,0,1.12673448558486,0.577692206975184,0.111411103887813,-1.07115647240394,409.8330025,1253.84073125
K,31,21,1e-05,520,2,250,895,0,0,0,55374,0,0,0,0,895,0,0,0,0.9994544875,0.0005455125,0,NaN,NaN,0.111411103887813,-1.07115647240394,10.152460625,211.494291875
Lognormal,31,21,1e-05,520,2,250,895,56,0.0625698324022346,960,158561677,6.05442637945864e-06,0.605442637945864,56,244,839,0.186666666666667,0.0625698324022346,0.0937238493723849,0,1,0,0.333783008349141,0.0229034148828289,0.111411103887813,-1.07115647240394,5.729381875,205.436055
Weibull,31,21,1e-05,520,2,250,895,732,0.817877094972067,121546,158561677,0.000766553446580916,76.6553446580916,732,41146,163,0.0174793447633602,0.817877094972067,0.0342271994014916,0,1,0,3.84246615692305,0.256578185689142,0.111411103887813,-1.07115647240394,7.136899375,207.10174125
BurrXII,41,27,1e-05,952,3,250,895,122,0.136312849162011,2065,89136821,2.31666327880372e-05,2.31666327880372,122,1028,773,0.106086956521739,0.136312849162011,0.119315403422983,0.43420771875,0.56579228125,0,5.71641928363199,6.01438904531512,0.112441131798361,-1.07553943739774,296.977021875,523.546781875
CA-CFAR,41,27,1e-05,952,0,250,895,257,0.287150837988827,1789,158561677,1.1282675825887e-05,1.1282675825887,257,483,638,0.347297297297297,0.287150837988827,0.314373088685015,0,1,0,NaN,NaN,0.112441131798361,-1.07553943739774,0,207.156599375
G0,41,27,1e-05,952,3,250,895,138,0.154189944134078,1784,17620227,0.000101247276780259,10.1247276780259,138,591,757,0.189300411522634,0.154189944134078,0.169950738916256,0.8821668625,0.1178331375,0,2.93737360443126,4.12743996890828,0.112441131798361,-1.07553943739774,2933.17622125,3231.283835625
G0-L1,41,27,1e-05,952,2,250,895,0,0,0,51978,0,0,0,0,895,0,0,0,0.9995691375,0.0004308625,0,17.1496118111588,24.9261510943039,0.112441131798361,-1.07553943739774,22.39058125,227.744059375
GenGamma,41,27,1e-05,952,3,250,895,194,0.216759776536313,107924,158188915,0.000682247551922333,68.2247551922333,194,93334,701,0.00207424514583868,0.216759776536313,0.0041091683170414,0.0025030375,0.9974969625,0,1.02446167899183,0.399123790421865,0.112441131798361,-1.07553943739774,155.069361875,1002.490996875
GenGamma-exact,41,27,1e-05,952,3,250,895,194,0.216759776536313,115533,153863110,0.000750881741568853,75.0881741568853,194,99032,701,0.00195513272730937,0.216759776536313,0.00387531087384265,0.0295885625,0.9704114375,0,1.11805699685042,0.417450329651608,0.112441131798361,-1.07553943739774,409.9883275,1254.82424625
K,41,27,1e-05,952,2,250,895,0,0,0,51978,0,0,0,0,895,0,0,0,0.9995691375,0.0004308625,0,NaN,NaN,0.112441131798361,-1.07553943739774,8.67482499999999,212.978428125
Lognormal,41,27,1e-05,952,2,250,895,83,0.0927374301675978,1099,158561677,6.93105686565109e-06,0.693105686565109,83,225,812,0.269480519480519,0.0927374301675978,0.137988362427265,0,1,0,0.335322418358707,0.0173312736747629,0.112441131798361,-1.07553943739774,5.675320625,208.429215625
Weibull,41,27,1e-05,952,2,250,895,758,0.846927374301676,121372,158561677,0.000765456081799639,76.5456081799639,758,38479,137,0.0193185003950353,0.846927374301676,0.0377753413734676,0,1,0,3.82482603607117,0.19173859301011,0.112441131798361,-1.07553943739774,7.029678125,210.08370875
BurrXII,51,41,1e-05,920,3,250,895,202,0.225698324022346,2637,89684796,2.94029770664807e-05,2.94029770664807,202,1110,693,0.153963414634146,0.225698324022346,0.183053919347531,0.43076424375,0.56923575625,0,5.40314039691893,5.99102732878347,0.112667037895236,-1.07289959291226,298.97051625,529.88415125
CA-CFAR,51,41,1e-05,920,0,250,895,344,0.384357541899441,2366,158561677,1.49216383477074e-05,1.49216383477074,344,566,551,0.378021978021978,0.384357541899441,0.381163434903047,0,1,0,NaN,NaN,0.112667037895236,-1.07289959291226,0,211.57983
G0,51,41,1e-05,920,3,250,895,242,0.270391061452514,2263,18683478,0.000121123058565434,12.1123058565434,242,704,653,0.255813953488372,0.270391061452514,0.262900597501358,0.87546859375,0.12453140625,0,3.06643069901132,4.31742999021867,0.112667037895236,-1.07289959291226,2961.785309375,3269.034005
G0-L1,51,41,1e-05,920,2,250,895,0,0,0,51184,0,0,0,0,895,0,0,0,0.99961418125,0.00038581875,0,18.3531475484923,24.9991124667521,0.112667037895236,-1.07289959291226,22.456169375,232.159243125
GenGamma,51,41,1e-05,920,3,250,895,344,0.384357541899441,110702,158168827,0.00069989771119691,69.989771119691,344,93903,551,0.00364998355385317,0.384357541899441,0.00723129637804545,0.002603375,0.997396625,0,1.02944401220481,0.413711992063411,0.112667037895236,-1.07289959291226,156.851580625,1009.13865625
GenGamma-exact,51,41,1e-05,920,3,250,895,342,0.382122905027933,117599,153832945,0.000764459134550145,76.4459134550145,342,99474,553,0.00342630440009618,0.382122905027933,0.00679171093525037,0.02975598125,0.97024401875,0,1.12324220120006,0.432348424313342,0.112667037895236,-1.07289959291226,407.359815625,1259.002178125
K,51,41,1e-05,920,2,250,895,0,0,0,51184,0,0,0,0,895,0,0,0,0.99961418125,0.00038581875,0,NaN,NaN,0.112667037895236,-1.07289959291226,8.6852525,217.29117875
Lognormal,51,41,1e-05,920,2,250,895,139,0.155307262569832,1645,158561677,1.03745118689682e-05,1.03745118689682,139,300,756,0.316628701594533,0.155307262569832,0.208395802098951,0,1,0,0.335659108943495,0.0176435275614946,0.112667037895236,-1.07289959291226,5.740869375,212.87984875
Weibull,51,41,1e-05,920,2,250,895,803,0.897206703910615,132930,158561677,0.000838348852730663,83.8348852730663,803,40051,92,0.0196553581044696,0.897206703910615,0.0384679872571798,0,1,0,3.82098921624896,0.19490002044242,0.112667037895236,-1.07289959291226,7.157183125,214.5521025
BurrXII,61,49,1e-05,1320,3,250,895,298,0.332960893854749,2644,90233440,2.93017754836788e-05,2.93017754836788,298,1112,597,0.211347517730496,0.332960893854749,0.258568329718004,0.42734841875,0.57265158125,0,5.6088135127132,6.0366071727144,0.112830815333539,-1.07373184952346,299.52957125,533.428234375
CA-CFAR,61,49,1e-05,1320,0,250,895,385,0.430167597765363,2605,158561677,1.64289382484268e-05,1.64289382484268,385,596,510,0.392456676860347,0.430167597765363,0.41044776119403,0,1,0,NaN,NaN,0.112830815333539,-1.07373184952346,0,214.385954375
G0,61,49,1e-05,1320,3,250,895,313,0.349720670391061,2189,19500616,0.000112252864217212,11.2252864217212,313,646,582,0.326381647549531,0.349720670391061,0.33764832793959,0.87044319375,0.12955680625,0,3.17972236752184,3.45367842817929,0.112830815333539,-1.07373184952346,2942.016183125,3256.48775375
G0-L1,61,49,1e-05,1320,2,250,895,1,0.00111731843575419,0,39591,0,0,1,0,894,1,0.00111731843575419,0.00223214285714286,0.99970046875,0.00029953125,0,15.8901805687063,24.0090182016562,0.112830815333539,-1.07373184952346,22.114033125,234.563145625
GenGamma,61,49,1e-05,1320,3,250,895,413,0.46145251396648,105051,158143486,0.000664276491287159,66.4276491287159,413,88706,482,0.00463425307734602,0.46145251396648,0.00917635034550181,0.0027510875,0.9972489125,0,1.02782782143748,0.343650751075183,0.112830815333539,-1.07373184952346,154.010200625,1006.155594375
GenGamma-exact,61,49,1e-05,1320,3,250,895,411,0.459217877094972,116365,154000513,0.000755614366037859,75.5614366037859,411,97632,484,0.00419203818732597,0.459217877094972,0.00830823343912349,0.02869135,0.97130865,0,1.12156035567967,0.358995444896886,0.112830815333539,-1.07373184952346,408.475266875,1264.045964375
K,61,49,1e-05,1320,2,250,895,1,0.00111731843575419,0,39591,0,0,1,0,894,1,0.00111731843575419,0.00223214285714286,0.99970046875,0.00029953125,0,NaN,NaN,0.112830815333539,-1.07373184952346,8.37186499999999,219.9087725
Lognormal,61,49,1e-05,1320,2,250,895,197,0.220111731843575,1768,158561677,1.11502352488363e-05,1.11502352488363,197,274,698,0.418259023354565,0.220111731843575,0.288433382137628,0,1,0,0.335902983331895,0.0150086653581506,0.112830815333539,-1.07373184952346,5.646559375,215.7161875
Weibull,61,49,1e-05,1320,2,250,895,786,0.878212290502793,135065,158561677,0.000851813644730814,85.1813644730813,786,38940,109,0.019785530886573,0.878212290502793,0.0386991949976613,0,1,0,3.81821509948154,0.164673710376141,0.112830815333539,-1.07373184952346,7.134348125,217.498625625
BurrXII,71,57,1e-05,1792,3,250,895,342,0.382122905027933,2704,90740015,2.97994220080303e-05,2.97994220080303,342,1078,553,0.240845070422535,0.382122905027933,0.295464362850972,0.42424779375,0.57575220625,0,5.10386766196146,5.57011851576982,0.112952921113715,-1.07430959465142,299.9014725,533.79424625
CA-CFAR,71,57,1e-05,1792,0,250,895,429,0.479329608938547,2780,158561677,1.7532609723849e-05,1.7532609723849,429,665,466,0.392138939670932,0.479329608938547,0.431372549019608,0,1,0,NaN,NaN,0.112952921113715,-1.07430959465142,0,214.508505625
G0,71,57,1e-05,1792,3,250,895,372,0.415642458100559,2253,20374221,0.000110580914970933,11.0580914970933,372,606,523,0.380368098159509,0.415642458100559,0.397223705285638,0.86521715,0.13478285,0,3.49844041851879,3.49024697025721,0.112952921113715,-1.07430959465142,2926.10701,3243.664525
G0-L1,71,57,1e-05,1792,2,250,895,1,0.00111731843575419,0,29342,0,0,1,0,894,1,0.00111731843575419,0.00223214285714286,0.999775,0.000225,0,17.6217412212624,29.9172195025711,0.112952921113715,-1.07430959465142,21.9884525,234.489934375
GenGamma,71,57,1e-05,1792,3,250,895,473,0.528491620111732,101563,158114765,0.000642337228910912,64.2337228910911,473,85135,422,0.00552518456219045,0.528491620111732,0.0109360369004543,0.002922975,0.997077025,0,1.02670499679652,0.296696238018134,0.112952921113715,-1.07430959465142,153.593279375,1004.25852875
GenGamma-exact,71,57,1e-05,1792,3,250,895,472,0.527374301675978,115878,154115143,0.000751892369200864,75.1892369200864,472,96323,423,0.00487628493207294,0.527374301675978,0.00966322039103286,0.0279680625,0.9720319375,0,1.12039165423479,0.308356691386418,0.112952921113715,-1.07430959465142,407.444745625,1263.86569
K,71,57,1e-05,1792,2,250,895,1,0.00111731843575419,0,29342,0,0,1,0,894,1,0.00111731843575419,0.00223214285714286,0.999775,0.000225,0,NaN,NaN,0.112952921113715,-1.07430959465142,8.14421749999999,219.716515
Lognormal,71,57,1e-05,1792,2,250,895,230,0.256983240223464,1791,158561677,1.12952892141775e-05,1.12952892141775,230,281,665,0.450097847358121,0.256983240223464,0.327169274537696,0,1,0,0.336084673892934,0.0131455788933553,0.112952921113715,-1.07430959465142,5.6660925,215.924481875
Weibull,71,57,1e-05,1792,2,250,895,795,0.888268156424581,137491,158561677,0.000867113684727237,86.7113684727237,795,38324,100,0.0203226053835732,0.888268156424581,0.0397360923676713,0,1,0,3.81615134042419,0.143282561160879,0.112952921113715,-1.07430959465142,7.12678,217.625791875
BurrXII,81,65,1e-05,2336,3,250,895,377,0.42122905027933,3288,91159678,3.60685784783049e-05,3.60685784783048,377,1131,518,0.25,0.42122905027933,0.313774448605909,0.42176356875,0.57823643125,0,4.79599117393274,5.36281387384608,0.113051061889725,-1.07401430735607,296.32830125,533.1907475
CA-CFAR,81,65,1e-05,2336,0,250,895,453,0.506145251396648,3158,158561677,1.99165401107608e-05,1.99165401107608,453,754,442,0.375310687655344,0.506145251396648,0.431018078020932,0,1,0,NaN,NaN,0.113051061889725,-1.07401430735607,0,217.596145625
G0,81,65,1e-05,2336,3,250,895,382,0.426815642458101,2188,21211655,0.000103150838536644,10.3150838536644,382,557,513,0.406815761448349,0.426815642458101,0.416575790621592,0.86033464375,0.13966535625,0,3.78269495467317,3.84784687097016,0.113051061889725,-1.07401430735607,2897.288480625,3221.5912
G0-L1,81,65,1e-05,2336,2,250,895,0,0,0,22255,0,0,0,0,895,0,0,0,0.999831,0.000169,0,19.2318934524129,29.1535856599449,0.113051061889725,-1.07401430735607,21.691451875,237.143394375
GenGamma,81,65,1e-05,2336,3,250,895,496,0.554189944134078,100068,158088476,0.000632987315280337,63.2987315280337,496,82606,399,0.00596856874684123,0.554189944134078,0.011809945593295,0.003076775,0.996923225,0,1.0272472476568,0.261330847988837,0.113051061889725,-1.07401430735607,152.61377375,1005.59732125
GenGamma-exact,81,65,1e-05,2336,3,250,895,496,0.554189944134078,117069,154193420,0.000759234732584568,75.9234732584568,496,95728,399,0.00515463917525773,0.554189944134078,0.0102142732112151,0.027471925,0.972528075,0,1.12095556453406,0.271130316716015,0.113051061889725,-1.07401430735607,405.27382375,1264.532283125
K,81,65,1e-05,2336,2,250,895,0,0,0,22255,0,0,0,0,895,0,0,0,0.999831,0.000169,0,NaN,NaN,0.113051061889725,-1.07401430735607,8.044545,222.7035025
Lognormal,81,65,1e-05,2336,2,250,895,255,0.284916201117318,1901,158561677,1.19890255701572e-05,1.19890255701572,255,287,640,0.470479704797048,0.284916201117318,0.354906054279749,0,1,0,0.336230646325733,0.0117169542488844,0.113051061889725,-1.07401430735607,5.655245625,218.97475
Weibull,81,65,1e-05,2336,2,250,895,793,0.886033519553073,141156,158561677,0.00089022771876965,89.022771876965,793,38367,102,0.0202502553626149,0.886033519553073,0.0395955561103483,0,1,0,3.81449462475321,0.127629163038551,0.113051061889725,-1.07401430735607,7.079791875,220.71681375
BurrXII,91,73,1e-05,2952,3,250,895,404,0.451396648044693,3958,91617039,4.32015708344383e-05,4.32015708344383,404,1263,491,0.242351529694061,0.451396648044693,0.315378610460578,0.4191028,0.5808972,0,4.59164999196444,4.10509522935234,0.113108972432715,-1.07372301949347,298.6297575,536.02408875
CA-CFAR,91,73,1e-05,2952,0,250,895,480,0.536312849162011,3745,158561677,2.3618569574034e-05,2.3618569574034,480,856,415,0.359281437125749,0.536312849162011,0.430300313760645,0,1,0,NaN,NaN,0.113108972432715,-1.07372301949347,0,218.095588125
G0,91,73,1e-05,2952,3,250,895,387,0.432402234636871,2398,21976238,0.000109117857205587,10.9117857205587,387,588,508,0.396923076923077,0.432402234636871,0.413903743315508,0.85594709375,0.14405290625,0,4.13135837322332,4.2797333999369,0.113108972432715,-1.07372301949347,2881.96458375,3209.444610625
G0-L1,91,73,1e-05,2952,2,250,895,0,0,0,17697,0,0,0,0,895,0,0,0,0.9998669625,0.0001330375,0,27.6563891621431,31.8395818730817,0.113108972432715,-1.07372301949347,21.447934375,237.345578125
GenGamma,91,73,1e-05,2952,3,250,895,513,0.573184357541899,100955,158067505,0.000638682820988412,63.8682820988412,513,81308,382,0.00626978404077193,0.573184357541899,0.0124038880023212,0.0032022125,0.9967977875,0,1.02778360052038,0.234825418525689,0.113108972432715,-1.07372301949347,153.0038875,1006.40859875
GenGamma-exact,91,73,1e-05,2952,3,250,895,513,0.573184357541899,119610,154249464,0.000775432192101491,77.5432192101491,513,95735,382,0.00532998088271964,0.573184357541899,0.0105617491738983,0.02712441875,0.97287558125,0,1.12151391357108,0.244923102534669,0.113108972432715,-1.07372301949347,404.946450625,1264.378286875
K,91,73,1e-05,2952,2,250,895,0,0,0,17697,0,0,0,0,895,0,0,0,0.9998669625,0.0001330375,0,NaN,NaN,0.113108972432715,-1.07372301949347,7.99673999999999,223.13238875
Lognormal,91,73,1e-05,2952,2,250,895,281,0.313966480446927,2168,158561677,1.36729129069441e-05,1.36729129069441,281,320,614,0.467554076539101,0.313966480446927,0.375668449197861,0,1,0,0.336316716050709,0.0106670448746278,0.113108972432715,-1.07372301949347,5.610620625,219.42632
Weibull,91,73,1e-05,2952,2,250,895,784,0.875977653631285,145101,158561677,0.000915107627172737,91.5107627172737,784,38245,111,0.020087627149043,0.875977653631285,0.0392746217813846,0,1,0,3.81351925274065,0.115067329057414,0.113108972432715,-1.07372301949347,7.0338825,221.108125
BurrXII,101,73,1e-05,4872,3,250,895,397,0.443575418994413,3944,92026460,4.28572391027537e-05,4.28572391027537,397,1264,498,0.239012642986153,0.443575418994413,0.310641627543036,0.41659123125,0.58340876875,0,4.61095620223622,3.57030771700512,0.113028618148891,-1.07497335974983,297.22551625,535.823075
CA-CFAR,101,73,1e-05,4872,0,250,895,461,0.515083798882682,3858,158561677,2.43312260124494e-05,2.43312260124494,461,901,434,0.338472834067548,0.515083798882682,0.408506867523261,0,1,0,NaN,NaN,0.113028618148891,-1.07497335974983,0,219.70945625
G0,101,73,1e-05,4872,3,250,895,356,0.397765363128492,2432,22665725,0.000107298575271693,10.7298575271693,356,560,539,0.388646288209607,0.397765363128492,0.393152954168967,0.85175625625,0.14824374375,0,4.37936520119155,4.53976611293904,0.113028618148891,-1.07497335974983,2852.87069625,3184.99619625
G0-L1,101,73,1e-05,4872,2,250,895,0,0,0,12996,0,0,0,0,895,0,0,0,0.99990095625,9.904375e-05,0,20.6876906460864,31.046691982852,0.113028618148891,-1.07497335974983,21.48142625,238.7949175
GenGamma,101,73,1e-05,4872,3,250,895,501,0.559776536312849,98363,158043509,0.000622379246211244,62.2379246211244,501,78682,394,0.00632711566876729,0.559776536312849,0.0125128000199805,0.0033444125,0.9966555875,0,1.02544969073657,0.184997867224127,0.113028618148891,-1.07497335974983,151.795640625,1006.69261
GenGamma-exact,101,73,1e-05,4872,3,250,895,500,0.558659217877095,120178,154349793,0.000778608106069828,77.8608106069828,500,95344,395,0.00521681065064062,0.558659217877095,0.0103370925893383,0.02648861875,0.97351138125,0,1.11908528000417,0.194063062883481,0.113028618148891,-1.07497335974983,405.621800625,1270.64238125
K,101,73,1e-05,4872,2,250,895,0,0,0,12996,0,0,0,0,895,0,0,0,0.99990095625,9.904375e-05,0,NaN,NaN,0.113028618148891,-1.07497335974983,7.8707225,224.454093125
Lognormal,101,73,1e-05,4872,2,250,895,275,0.307262569832402,2147,158561677,1.35404723298934e-05,1.35404723298934,275,320,620,0.46218487394958,0.307262569832402,0.369127516778524,0,1,0,0.33619728988894,0.00853832179181763,0.113028618148891,-1.07497335974983,5.641414375,221.00051
Weibull,101,73,1e-05,4872,2,250,895,769,0.859217877094972,143441,158561677,0.00090463851489159,90.463851489159,769,37313,126,0.0201932671603382,0.859217877094972,0.0394591682274162,0,1,0,3.8148726164743,0.0914250873005693,0.113028618148891,-1.07497335974983,7.005890625,222.602503125
BurrXII,111,79,1e-05,6080,3,250,895,387,0.432402234636871,4476,92384727,4.84495667774177e-05,4.84495667774177,387,1370,508,0.220261809903244,0.432402234636871,0.291855203619909,0.41451095625,0.58548904375,0,4.4713108151864,3.39497276613231,0.113004888864568,-1.07537504211345,297.694568125,538.90247625
CA-CFAR,111,79,1e-05,6080,0,250,895,472,0.527374301675978,4245,158561677,2.67719166466687e-05,2.67719166466687,472,1018,423,0.316778523489933,0.527374301675978,0.3958071278826,0,1,0,NaN,NaN,0.113004888864568,-1.07537504211345,0,222.35451
G0,111,79,1e-05,6080,3,250,895,318,0.355307262569832,2597,23368427,0.000111132854599071,11.1132854599071,318,555,577,0.36426116838488,0.355307262569832,0.35972850678733,0.84765420625,0.15234579375,0,4.7073780334693,5.01011271153517,0.113004888864568,-1.07537504211345,2860.342060625,3198.43735125
G0-L1,111,79,1e-05,6080,2,250,895,0,0,0,10774,0,0,0,0,895,0,0,0,0.9999163125,8.36875e-05,0,43.4640055117439,37.9133168341347,0.113004888864568,-1.07537504211345,21.58567625,241.511994375
GenGamma,111,79,1e-05,6080,3,250,895,497,0.555307262569832,100205,158024521,0.000634110449225788,63.4110449225788,497,78117,398,0.00632202915511232,0.555307262569832,0.0125017293639714,0.00345791875,0.99654208125,0,1.02467586822378,0.166666244719277,0.113004888864568,-1.07537504211345,151.909450625,1010.446488125
GenGamma-exact,111,79,1e-05,6080,3,250,895,497,0.555307262569832,123296,154376620,0.000798670161323651,79.8670161323651,497,95880,398,0.00515683202423815,0.555307262569832,0.0102187679907887,0.0263212125,0.9736787875,0,1.11827985241025,0.17515082520468,0.113004888864568,-1.07537504211345,404.14362625,1270.7083775
K,111,79,1e-05,6080,2,250,895,0,0,0,10774,0,0,0,0,895,0,0,0,0.9999163125,8.36875e-05,0,NaN,NaN,0.113004888864568,-1.07537504211345,7.7721275,226.9765
Lognormal,111,79,1e-05,6080,2,250,895,282,0.315083798882682,2349,158561677,1.48144245472379e-05,1.48144245472379,282,350,613,0.44620253164557,0.315083798882682,0.369351669941061,0,1,0,0.33616198490828,0.00783153616304627,0.113004888864568,-1.07537504211345,5.67007125,223.643883125
Weibull,111,79,1e-05,6080,2,250,895,756,0.844692737430168,147541,158561677,0.000930495960887195,93.0495960887195,756,37748,139,0.0196343237066279,0.844692737430168,0.038376608543364,0,1,0,3.8152735503808,0.0830584996291601,0.113004888864568,-1.07537504211345,6.9984425,225.21979625
BurrXII,121,87,1e-05,7072,3,250,895,378,0.422346368715084,4942,92785216,5.32627956591705e-05,5.32627956591705,378,1406,517,0.211883408071749,0.422346368715084,0.282194848824188,0.41218871875,0.58781128125,0,4.41776633698053,3.23165163934167,0.11297684296478,-1.07551061358394,298.93432375,543.38038
CA-CFAR,121,87,1e-05,7072,0,250,895,471,0.526256983240223,4770,158561677,3.00829310729351e-05,3.00829310729351,471,1170,424,0.287020109689214,0.526256983240223,0.371451104100946,0,1,0,NaN,NaN,0.11297684296478,-1.07551061358394,0,225.397286875
G0,121,87,1e-05,7072,3,250,895,281,0.313966480446927,3123,24018303,0.000130025839044499,13.0025839044499,281,606,614,0.316798196166855,0.313966480446927,0.315375982042649,0.8438759625,0.1561240375,0,5.01662564395307,5.31212835339998,0.11297684296478,-1.07551061358394,2844.28315125,3187.682045
G0-L1,121,87,1e-05,7072,2,250,895,0,0,0,10724,0,0,0,0,895,0,0,0,0.99991749375,8.250625e-05,0,27.0579281335719,24.8507414434415,0.11297684296478,-1.07551061358394,21.426365625,244.466386875
GenGamma,121,87,1e-05,7072,3,250,895,499,0.557541899441341,103016,158015955,0.000651934167027627,65.1934167027627,499,78028,396,0.00635450227310352,0.557541899441341,0.0125657878169777,0.003507025,0.996492975,0,1.02444654418853,0.155663342174783,0.11297684296478,-1.07551061358394,151.764731875,1012.61034
GenGamma-exact,121,87,1e-05,7072,3,250,895,499,0.557541899441341,126714,154395981,0.000820707891353726,82.0707891353726,499,96302,396,0.00515490542453074,0.557541899441341,0.0102153619390763,0.02620390625,0.97379609375,0,1.11804120984909,0.163816947639775,0.11297684296478,-1.07551061358394,405.27926625,1276.407960625
K,121,87,1e-05,7072,2,250,895,0,0,0,10724,0,0,0,0,895,0,0,0,0.99991749375,8.250625e-05,0,NaN,NaN,0.11297684296478,-1.07551061358394,7.83486062499999,230.14188125
Lognormal,121,87,1e-05,7072,2,250,895,293,0.327374301675978,2606,158561677,1.64352449425721e-05,1.64352449425721,293,371,602,0.441265060240964,0.327374301675978,0.375881975625401,0,1,0,0.33612025272474,0.00734571641495993,0.11297684296478,-1.07551061358394,5.645698125,226.774841875
Weibull,121,87,1e-05,7072,2,250,895,753,0.841340782122905,152502,158561677,0.000961783470541876,96.1783470541876,753,38206,142,0.0193280114992685,0.841340782122905,0.0377879259296432,0,1,0,3.81574758363232,0.0785658073390179,0.11297684296478,-1.07551061358394,7.067694375,228.41238375
BurrXII,131,93,1e-05,8512,3,250,895,368,0.411173184357542,5479,93170025,5.88064669940788e-05,5.88064669940788,368,1532,527,0.193684210526316,0.411173184357542,0.263327370304114,0.40990634375,0.59009365625,0,4.36493936093484,3.111393458673,0.112998672637765,-1.07568697975754,298.07653375,546.50700125
CA-CFAR,131,93,1e-05,8512,0,250,895,474,0.529608938547486,5183,158561677,3.26875957549314e-05,3.26875957549314,474,1262,421,0.273041474654378,0.529608938547486,0.360319270239453,0,1,0,NaN,NaN,0.112998672637765,-1.07568697975754,0,229.593428125
G0,131,93,1e-05,8512,3,250,895,251,0.280446927374302,3076,24632784,0.000124874232648652,12.4874232648652,251,539,644,0.317721518987342,0.280446927374302,0.297922848664688,0.840200725,0.159799275,0,5.37699905389975,5.69946852828774,0.112998672637765,-1.07568697975754,2846.73761375,3196.697345625
G0-L1,131,93,1e-05,8512,2,250,895,0,0,0,8153,0,0,0,0,895,0,0,0,0.99993315625,6.684375e-05,0,12.7054088149615,15.1035863476344,0.112998672637765,-1.07568697975754,21.511955625,248.667714375
GenGamma,131,93,1e-05,8512,3,250,895,492,0.549720670391061,104912,157995872,0.00066401734850389,66.401734850389,492,77602,403,0.00630009987963224,0.549720670391061,0.0124574307815012,0.00363090625,0.99636909375,0,1.02410856461772,0.142867943536889,0.112998672637765,-1.07568697975754,151.979905,1016.710039375
GenGamma-exact,131,93,1e-05,8512,3,250,895,491,0.548603351955307,129052,154394457,0.000835859023099514,83.5859023099514,491,96311,404,0.00507220925187496,0.548603351955307,0.0100514857160404,0.0262166125,0.9737833875,0,1.11768938964917,0.15119023956108,0.112998672637765,-1.07568697975754,402.17898625,1275.538289375
K,131,93,1e-05,8512,2,250,895,0,0,0,8153,0,0,0,0,895,0,0,0,0.99993315625,6.684375e-05,0,NaN,NaN,0.112998672637765,-1.07568697975754,7.7700525,234.2157275
Lognormal,131,93,1e-05,8512,2,250,895,293,0.327374301675978,2921,158561677,1.8421853598332e-05,1.8421853598332,293,405,602,0.419770773638968,0.327374301675978,0.367859384808537,0,1,0,0.336152718745684,0.00681604792539187,0.112998672637765,-1.07568697975754,5.717935625,230.93218375
Weibull,131,93,1e-05,8512,2,250,895,759,0.84804469273743,157296,158561677,0.000992017762274298,99.2017762274298,759,38655,136,0.0192571167605419,0.84804469273743,0.0376590835793495,0,1,0,3.81537917722614,0.0726578181423643,0.112998672637765,-1.07568697975754,7.129079375,232.639358125
BurrXII,141,101,1e-05,9680,3,250,895,350,0.391061452513966,6086,93531477,6.5069003454313e-05,6.5069003454313,350,1664,545,0.173783515392254,0.391061452513966,0.240632519766243,0.4077423375,0.5922576625,0,4.13677045335221,3.06639287876778,0.113271508139448,-1.07319738803827,299.373128125,550.940826875
CA-CFAR,141,101,1e-05,9680,0,250,895,478,0.534078212290503,5674,158561677,3.57841825802587e-05,3.57841825802587,478,1374,417,0.258099352051836,0.534078212290503,0.348016017473608,0,1,0,NaN,NaN,0.113271508139448,-1.07319738803827,0,232.649943125
G0,141,101,1e-05,9680,3,250,895,227,0.253631284916201,3265,25193333,0.000129597778904443,12.9597778904443,227,587,668,0.278869778869779,0.253631284916201,0.265652428320655,0.83683891875,0.16316108125,0,5.82491235899838,6.29076809507482,0.113271508139448,-1.07319738803827,2843.9001075,3199.9954
G0-L1,141,101,1e-05,9680,2,250,895,0,0,0,8579,0,0,0,0,895,0,0,0,0.999930275,6.9725e-05,0,18.482674508585,22.0913547274442,0.113271508139448,-1.07319738803827,21.727930625,251.92541875
GenGamma,141,101,1e-05,9680,3,250,895,494,0.55195530726257,107696,157982046,0.000681697716460768,68.1697716460768,494,77598,401,0.00632587204835322,0.55195530726257,0.0125083874561637,0.00371875625,0.99628124375,0,1.02891366769951,0.137058646893137,0.113271508139448,-1.07319738803827,151.771558125,1018.70569625
GenGamma-exact,141,101,1e-05,9680,3,250,895,491,0.548603351955307,131812,154394289,0.000853736241500487,85.3736241500487,491,96375,404,0.00506885801003448,0.548603351955307,0.0100449054326367,0.0262168625,0.9737831375,0,1.12269014697839,0.144513837772974,0.113271508139448,-1.07319738803827,402.0235175,1278.65152125
K,141,101,1e-05,9680,2,250,895,0,0,0,8579,0,0,0,0,895,0,0,0,0.999930275,6.9725e-05,0,NaN,NaN,0.113271508139448,-1.07319738803827,7.82393125,237.30956875
Lognormal,141,101,1e-05,9680,2,250,895,294,0.328491620111732,3292,158561677,2.07616371262269e-05,2.07616371262269,294,460,601,0.389920424403183,0.328491620111732,0.356579745300182,0,1,0,0.336558261179783,0.00653016045600391,0.113271508139448,-1.07319738803827,5.650815,233.9227275
Weibull,141,101,1e-05,9680,2,250,895,764,0.853631284916201,164146,158561677,0.00103521861716939,103.521861716939,764,39426,131,0.0190097039064444,0.853631284916201,0.0371911889984179,0,1,0,3.81078252206526,0.0688864482685632,0.113271508139448,-1.07319738803827,7.15705,235.705015625
BurrXII,151,109,1e-05,10920,3,250,895,348,0.388826815642458,6706,93889750,7.14241969970098e-05,7.14241969970098,348,1807,547,0.161484918793503,0.388826815642458,0.228196721311475,0.4055604375,0.5944395625,0,4.02106331160476,3.03707661721764,0.113264576986894,-1.07260734485033,301.436571875,556.3770525
CA-CFAR,151,109,1e-05,10920,0,250,895,476,0.531843575418994,6136,158561677,3.86978752753731e-05,3.86978752753731,476,1461,419,0.245740836344863,0.531843575418994,0.336158192090395,0,1,0,NaN,NaN,0.113264576986894,-1.07260734485033,0,235.784073125
G0,151,109,1e-05,10920,3,250,895,214,0.239106145251397,3360,25710244,0.000130687207791571,13.0687207791571,214,607,681,0.260657734470158,0.239106145251397,0.249417249417249,0.83373389375,0.16626610625,0,6.3095537921599,6.82618289747523,0.113264576986894,-1.07260734485033,2838.69675,3200.54236375
G0-L1,151,109,1e-05,10920,2,250,895,0,0,0,8872,0,0,0,0,895,0,0,0,0.999930025,6.9975e-05,0,15.7174922285327,20.2982249291557,0.113264576986894,-1.07260734485033,21.653024375,255.040974375
GenGamma,151,109,1e-05,10920,3,250,895,496,0.554189944134078,110283,157971533,0.000698119451686273,69.8119451686273,496,77493,399,0.00635987126389619,0.554189944134078,0.0125754272095736,0.003783025,0.996216975,0,1.03001391086499,0.130393819047637,0.113264576986894,-1.07260734485033,151.32939625,1020.995269375
GenGamma-exact,151,109,1e-05,10920,3,250,895,495,0.553072625698324,135013,154388443,0.000874501985877272,87.4501985877272,495,96939,400,0.00508036209126178,0.553072625698324,0.0100682402953351,0.02624614375,0.97375385625,0,1.12383485742697,0.13798416572381,0.113264576986894,-1.07260734485033,399.798853125,1279.337850625
K,151,109,1e-05,10920,2,250,895,0,0,0,8872,0,0,0,0,895,0,0,0,0.999930025,6.9975e-05,0,NaN,NaN,0.113264576986894,-1.07260734485033,7.835168125,240.540403125
Lognormal,151,109,1e-05,10920,2,250,895,291,0.325139664804469,3691,158561677,2.32780080901894e-05,2.32780080901894,291,499,604,0.368354430379747,0.325139664804469,0.34540059347181,0,1,0,0.336547973547001,0.00626579988681911,0.113264576986894,-1.07260734485033,5.649646875,237.0999875
Weibull,151,109,1e-05,10920,2,250,895,761,0.850279329608939,170879,158561677,0.00107768158884949,107.768158884949,761,40082,134,0.0186323237764121,0.850279329608939,0.0364655709425464,0,1,0,3.81089879242664,0.0654951810027709,0.113264576986894,-1.07260734485033,7.10049687499999,238.885090625
BurrXII,11,7,0.0001,72,3,250,895,75,0.0837988826815642,11293,97995110,0.000115240444140529,1.15240444140529,75,8256,820,0.00900252070579762,0.0837988826815642,0.0162584001734229,0.37980581875,0.62019418125,0,2.68102710843707,2.72439554613602,0.106947469577296,-0.910507787687074,343.6933075,568.09537
CA-CFAR,11,7,0.0001,72,0,250,895,41,0.0458100558659218,2483,158561677,1.5659521562704e-05,0.15659521562704,41,1027,854,0.0383895131086142,0.0458100558659218,0.0417727967396842,0,1,0,NaN,NaN,0.106947469577296,-0.910507787687074,0,201.32257375
G0,11,7,0.0001,72,3,250,895,62,0.0692737430167598,6838,36866581,0.000185479635336946,1.85479635336946,62,4420,833,0.0138331102186524,0.0692737430167598,0.0230611865352427,0.76364936875,0.23635063125,0,23.5568116001475,37.4216394651059,0.106947469577296,-0.910507787687074,3171.28952625,3563.904361875
G0-L1,11,7,0.0001,72,2,250,895,0,0,0,35912,0,0,0,0,895,0,0,0,0.9996240375,0.0003759625,0,11.230179126338,17.7526318332673,0.106947469577296,-0.910507787687074,23.243655625,223.345825625
GenGamma,11,7,0.0001,72,3,250,895,288,0.321787709497207,462504,158086602,0.00292563692399436,29.2563692399436,288,380335,607,0.000756654222156832,0.321787709497207,0.00150975838623604,0.00317335,0.99682665,0,1.41706657198999,1.91607349259589,0.106947469577296,-0.910507787687074,156.6399575,1097.92972125
GenGamma-exact,11,7,0.0001,72,3,250,895,274,0.306145251396648,330238,147257357,0.00224259084046986,22.4259084046986,274,277802,621,0.000985342136682058,0.306145251396648,0.00196436188707787,0.0710668125,0.9289331875,0,1.56632363014206,1.95414895626981,0.106947469577296,-0.910507787687074,384.8894075,1271.448648125
K,11,7,0.0001,72,2,250,895,0,0,0,35912,0,0,0,0,895,0,0,0,0.9996240375,0.0003759625,0,NaN,NaN,0.106947469577296,-0.910507787687074,9.44271937499999,232.829800625
Lognormal,11,7,0.0001,72,2,250,895,46,0.0513966480446927,8156,158561677,5.14373974488173e-05,0.514373974488173,46,3695,849,0.012296177492649,0.0513966480446927,0.0198446937014668,0,1,0,0.327028133319113,0.0581709051986545,0.106947469577296,-0.910507787687074,5.743831875,202.936635
Weibull,11,7,0.0001,72,2,250,895,623,0.69608938547486,325011,158561677,0.00204974497084816,20.4974497084816,623,188351,272,0.0032967498174352,0.69608938547486,0.00656241935229026,0,1,0,3.92183587312137,0.697346584998486,0.106947469577296,-0.910507787687074,7.221378125,204.027839375
BurrXII,15,11,0.0001,104,3,250,895,84,0.093854748603352,9605,93878128,0.000102313501607105,1.02313501607105,84,6658,811,0.0124592109166419,0.093854748603352,0.0219981668194317,0.4051886375,0.5948113625,0,2.93332997885689,3.16634889192662,0.10814782627847,-0.956445647969013,329.344855625,550.7075225
CA-CFAR,15,11,0.0001,104,0,250,895,123,0.137430167597765,3585,158561677,2.26094985107909e-05,0.226094985107908,123,1334,772,0.0844200411805079,0.137430167597765,0.104591836734694,0,1,0,NaN,NaN,0.10814782627847,-0.956445647969013,0,199.415200625
G0,15,11,0.0001,104,3,250,895,108,0.120670391061453,6986,30682727,0.000227685107650308,2.27685107650308,108,4025,787,0.0261311396080329,0.120670391061453,0.0429594272076372,0.8016340125,0.1983659875,0,27.9892642418803,46.1066429244285,0.10814782627847,-0.956445647969013,3110.44777875,3470.069479375
G0-L1,15,11,0.0001,104,2,250,895,0,0,0,38306,0,0,0,0,895,0,0,0,0.9995152875,0.0004847125,0,10.3456009247043,16.9425357763939,0.10814782627847,-0.956445647969013,23.02819,221.348295
GenGamma,15,11,0.0001,104,3,250,895,287,0.320670391061453,427282,158235508,0.00270029151737548,27.0029151737548,287,350915,608,0.000817193523954875,0.320670391061453,0.00163023257795437,0.0022228125,0.9977771875,0,1.28921810688802,1.53009300038649,0.10814782627847,-0.956445647969013,155.333928125,1077.068340625
GenGamma-exact,15,11,0.0001,104,3,250,895,283,0.316201117318436,333926,149680076,0.00223093152357833,22.3093152357833,283,280659,612,0.00100732535541144,0.316201117318436,0.00200825299729986,0.0558273375,0.9441726625,0,1.40755036499733,1.56216132505969,0.10814782627847,-0.956445647969013,394.08614125,1277.439839375
K,15,11,0.0001,104,2,250,895,0,0,0,38306,0,0,0,0,895,0,0,0,0.9995152875,0.0004847125,0,NaN,NaN,0.10814782627847,-0.956445647969013,10.10455625,207.143660625
Lognormal,15,11,0.0001,104,2,250,895,55,0.0614525139664804,6431,158561677,4.05583500482276e-05,0.405583500482276,55,2574,840,0.0209205020920502,0.0614525139664804,0.0312145289443814,0,1,0,0.328857896641081,0.0494016494882826,0.10814782627847,-0.956445647969013,5.6029525,200.950531875
Weibull,15,11,0.0001,104,2,250,895,675,0.754189944134078,298493,158561677,0.0018825040555039,18.825040555039,675,152134,220,0.00441727908696477,0.754189944134078,0.0087831155988133,0,1,0,3.90002344712921,0.575287730934135,0.10814782627847,-0.956445647969013,6.9755725,201.853685
BurrXII,17,13,0.0001,120,3,250,895,107,0.119553072625698,8990,92531305,9.71563083434304e-05,0.971563083434304,107,6053,788,0.0173701298701299,0.119553072625698,0.0303330970942594,0.41348238125,0.58651761875,0,3.05329269068498,3.32341604455028,0.108657926385734,-0.972411188406006,325.315643125,546.94228
CA-CFAR,17,13,0.0001,120,0,250,895,173,0.193296089385475,4081,158561677,2.57376188068445e-05,0.257376188068445,173,1459,722,0.106004901960784,0.193296089385475,0.136921250494658,0,1,0,NaN,NaN,0.108657926385734,-0.972411188406006,0,200.09635375
G0,17,13,0.0001,120,3,250,895,132,0.147486033519553,6882,28605999,0.000240578907941652,2.40578907941652,132,3783,763,0.0337164750957854,0.147486033519553,0.0548856548856549,0.8143796375,0.1856203625,0,29.7598563750378,49.3263411396633,0.108657926385734,-0.972411188406006,3103.25685625,3452.846236875
G0-L1,17,13,0.0001,120,2,250,895,0,0,0,41961,0,0,0,0,895,0,0,0,0.99945696875,0.00054303125,0,10.79374533644,17.5200308965361,0.108657926385734,-0.972411188406006,23.242468125,222.2383425
GenGamma,17,13,0.0001,120,3,250,895,298,0.332960893854749,406540,158248732,0.00256899372817723,25.6899372817723,298,334830,597,0.000889212480007639,0.332960893854749,0.00177368811063528,0.0021388,0.9978612,0,1.24854452548129,1.41436669133154,0.108657926385734,-0.972411188406006,155.372345,1070.95993625
GenGamma-exact,17,13,0.0001,120,3,250,895,285,0.318435754189944,325536,150415329,0.00216424750166255,21.6424750166255,285,273879,610,0.00103952378868123,0.318435754189944,0.00207228267389905,0.05120891875,0.94879108125,0,1.36370232344922,1.45280037066978,0.108657926385734,-0.972411188406006,396.921409375,1281.12669375
K,17,13,0.0001,120,2,250,895,0,0,0,41961,0,0,0,0,895,0,0,0,0.99945696875,0.00054303125,0,NaN,NaN,0.108657926385734,-0.972411188406006,9.294184375,206.918831875
Lognormal,17,13,0.0001,120,2,250,895,70,0.0782122905027933,5944,158561677,3.74869899994814e-05,0.374869899994814,70,2325,825,0.0292275574112735,0.0782122905027933,0.0425531914893617,0,1,0,0.329632548182294,0.0463680233878434,0.108657926385734,-0.972411188406006,5.67262375,201.67184125
Weibull,17,13,0.0001,120,2,250,895,725,0.810055865921788,290004,158561677,0.00182896652890471,18.2896652890471,725,141661,170,0.00509179273243156,0.810055865921788,0.0101199740370321,0,1,0,3.89085814255221,0.535778601129583,0.108657926385734,-0.972411188406006,6.99503125,202.529089375
BurrXII,21,15,0.0001,216,3,250,895,127,0.141899441340782,7276,88585822,8.2135039622932e-05,0.82135039622932,127,4768,768,0.0259448416751788,0.141899441340782,0.0438687392055268,0.4379768875,0.5620231125,0,3.9092085787581,4.86745154255002,0.110109480339593,-1.03783730017263,308.6719375,530.389664375
CA-CFAR,21,15,0.0001,216,0,250,895,260,0.290502793296089,4270,158561677,2.69295840003004e-05,0.269295840003004,260,1434,635,0.153482880755608,0.290502793296089,0.200849748937814,0,1,0,NaN,NaN,0.110109480339593,-1.03783730017263,0,201.52464375
G0,21,15,0.0001,216,3,250,895,170,0.189944134078212,5832,21218193,0.0002748584669769,2.748584669769,170,2816,725,0.0569323509711989,0.189944134078212,0.0876062870394228,0.86025809375,0.13974190625,0,34.9066209298952,66.7329959653408,0.110109480339593,-1.03783730017263,3034.254298125,3346.189920625
G0-L1,21,15,0.0001,216,2,250,895,1,0.00111731843575419,0,42623,0,0,1,0,894,1,0.00111731843575419,0.00223214285714286,0.99946379375,0.00053620625,0,12.7943272315762,20.3016630787554,0.110109480339593,-1.03783730017263,22.91636875,223.140375625
GenGamma,21,15,0.0001,216,3,250,895,269,0.300558659217877,323460,158255241,0.00204391335134361,20.4391335134361,269,268062,626,0.00100249318938177,0.300558659217877,0.00199832111311686,0.00210078125,0.99789921875,0,1.09943409181702,0.971125049343118,0.110109480339593,-1.03783730017263,156.14585125,1047.736401875
GenGamma-exact,21,15,0.0001,216,3,250,895,270,0.301675977653631,276484,152328315,0.00181505322894171,18.1505322894171,270,231635,625,0.001164269851879,0.301675977653631,0.00231958762886598,0.0392274125,0.9607725875,0,1.19608205717567,0.992690904568498,0.110109480339593,-1.03783730017263,404.437563125,1278.86665625
K,21,15,0.0001,216,2,250,895,1,0.00111731843575419,0,42623,0,0,1,0,894,1,0.00111731843575419,0.00223214285714286,0.99946379375,0.00053620625,0,NaN,NaN,0.110109480339593,-1.03783730017263,9.10835562499999,208.0058725
Lognormal,21,15,0.0001,216,2,250,895,99,0.110614525139665,4313,158561677,2.7200771848547e-05,0.27200771848547,99,1497,796,0.0620300751879699,0.110614525139665,0.0794861501405058,0,1,0,0.331827260432991,0.0346258682338068,0.110109480339593,-1.03783730017263,5.711865625,203.09519875
Weibull,21,15,0.0001,216,2,250,895,754,0.842458100558659,252378,158561677,0.0015916708549948,15.916708549948,754,111019,141,0.00674581517897882,0.842458100558659,0.0133844569886747,0,1,0,3.86511816634206,0.398302193861767,0.110109480339593,-1.03783730017263,6.992355,203.95411375
BurrXII,31,21,0.0001,520,3,250,895,150,0.167597765363128,6597,88451129,7.45835590182235e-05,0.745835590182235,150,4255,745,0.0340522133938706,0.167597765363128,0.0566037735849057,0.43858768125,0.56141231875,0,5.17627431416034,6.42024492251257,0.111411103887813,-1.07115647240394,300.067780625,523.92148875
CA-CFAR,31,21,0.0001,520,0,250,895,375,0.418994413407821,4738,158561677,2.98811168602865e-05,0.298811168602865,375,1431,520,0.207641196013289,0.418994413407821,0.277674935209182,0,1,0,NaN,NaN,0.111411103887813,-1.07115647240394,0,204.0911875
G0,31,21,0.0001,520,3,250,895,190,0.212290502793296,4633,17307815,0.000267682546872612,2.67682546872612,190,1899,705,0.0909526089037817,0.212290502793296,0.127345844504021,0.88428023125,0.11571976875,0,4.9248136277121,19.3255494458303,0.111411103887813,-1.07115647240394,2977.540349375,3270.509695
G0-L1,31,21,0.0001,520,2,250,895,0,0,0,55374,0,0,0,0,895,0,0,0,0.9994544875,0.0005455125,0,15.2491516897008,23.125899445316,0.111411103887813,-1.07115647240394,22.78578125,225.390325625
GenGamma,31,21,0.0001,520,3,250,895,268,0.299441340782123,246168,158219670,0.00155586217567007,15.5586217567007,268,208257,627,0.00128521759980818,0.299441340782123,0.00255944990927323,0.0023174125,0.9976825875,0,1.03280164026158,0.55443151910083,0.111411103887813,-1.07115647240394,155.32277625,1031.484283125
GenGamma-exact,31,21,0.0001,520,3,250,895,266,0.297206703910615,222226,153486333,0.00144785529536366,14.4785529536366,266,187186,629,0.00141902993833088,0.297206703910615,0.00282457379199032,0.03196094375,0.96803905625,0,1.12673448558486,0.577692206975184,0.111411103887813,-1.07115647240394,409.8330025,1279.83407875
K,31,21,0.0001,520,2,250,895,0,0,0,55374,0,0,0,0,895,0,0,0,0.9994544875,0.0005455125,0,NaN,NaN,0.111411103887813,-1.07115647240394,10.152460625,211.446033125
Lognormal,31,21,0.0001,520,2,250,895,152,0.169832402234637,3400,158561677,2.1442760093916e-05,0.21442760093916,152,940,743,0.139194139194139,0.169832402234637,0.152994464016105,0,1,0,0.333783008349141,0.0229034148828289,0.111411103887813,-1.07115647240394,5.729381875,205.661518125
Weibull,31,21,0.0001,520,2,250,895,796,0.889385474860335,231424,158561677,0.00145952038587483,14.5952038587483,796,91675,99,0.00860810416238605,0.889385474860335,0.0170511749459118,0,1,0,3.84246615692305,0.256578185689142,0.111411103887813,-1.07115647240394,7.136899375,206.6725475
BurrXII,41,27,0.0001,952,3,250,895,154,0.172067039106145,7016,89136821,7.87104579374667e-05,0.787104579374667,154,4362,741,0.0341009743135518,0.172067039106145,0.0569210866752911,0.43420771875,0.56579228125,0,5.71641928363199,6.01438904531512,0.112441131798361,-1.07553943739774,296.977021875,523.684568125
CA-CFAR,41,27,0.0001,952,0,250,895,431,0.481564245810056,5075,158561677,3.20064727872423e-05,0.320064727872423,431,1442,464,0.230112119594234,0.481564245810056,0.311416184971098,0,1,0,NaN,NaN,0.112441131798361,-1.07553943739774,0,207.209135
G0,41,27,0.0001,952,3,250,895,184,0.205586592178771,4737,17620227,0.00026883876127135,2.6883876127135,184,1729,711,0.0961840041819132,0.205586592178771,0.131054131054131,0.8821668625,0.1178331375,0,2.93737360443126,4.12743996890828,0.112441131798361,-1.07553943739774,2933.17622125,3229.015539375
G0-L1,41,27,0.0001,952,2,250,895,0,0,0,51978,0,0,0,0,895,0,0,0,0.9995691375,0.0004308625,0,17.1496118111588,24.9261510943039,0.112441131798361,-1.07553943739774,22.39058125,227.746691875
GenGamma,41,27,0.0001,952,3,250,895,260,0.290502793296089,220296,158188915,0.00139261338254959,13.9261338254959,260,187243,635,0.00138664448035498,0.290502793296089,0.00276011422626567,0.0025030375,0.9974969625,0,1.02446167899183,0.399123790421865,0.112441131798361,-1.07553943739774,155.069361875,1030.11267625
GenGamma-exact,41,27,0.0001,952,3,250,895,260,0.290502793296089,206766,153863110,0.00134383088967849,13.4383088967849,260,173661,635,0.00149493160687899,0.290502793296089,0.00297455610470438,0.0295885625,0.9704114375,0,1.11805699685042,0.417450329651608,0.112441131798361,-1.07553943739774,409.9883275,1282.025205
K,41,27,0.0001,952,2,250,895,0,0,0,51978,0,0,0,0,895,0,0,0,0.9995691375,0.0004308625,0,NaN,NaN,0.112441131798361,-1.07553943739774,8.67482499999999,212.95775625
Lognormal,41,27,0.0001,952,2,250,895,185,0.206703910614525,3497,158561677,2.20545094260071e-05,0.220545094260071,185,812,710,0.18555667001003,0.206703910614525,0.195560253699789,0,1,0,0.335322418358707,0.0173312736747629,0.112441131798361,-1.07553943739774,5.675320625,208.561191875
Weibull,41,27,0.0001,952,2,250,895,825,0.921787709497207,229134,158561677,0.00144507805628216,14.4507805628216,825,85962,70,0.00950603200940233,0.921787709497207,0.0188180014142013,0,1,0,3.82482603607117,0.19173859301011,0.112441131798361,-1.07553943739774,7.029678125,209.56059125
BurrXII,51,41,0.0001,920,3,250,895,248,0.277094972067039,8195,89684796,9.13755771937085e-05,0.913755771937085,248,4595,647,0.0512079289696469,0.277094972067039,0.0864412687347508,0.43076424375,0.56923575625,0,5.40314039691893,5.99102732878347,0.112667037895236,-1.07289959291226,298.97051625,530.044679375
CA-CFAR,51,41,0.0001,920,0,250,895,536,0.598882681564246,6347,158561677,4.0028587740025e-05,0.40028587740025,536,1576,359,0.253787878787879,0.598882681564246,0.356501496508148,0,1,0,NaN,NaN,0.112667037895236,-1.07289959291226,0,211.565845625
G0,51,41,0.0001,920,3,250,895,321,0.358659217877095,5274,18683478,0.00028228148955992,2.8228148955992,321,1804,574,0.151058823529412,0.358659217877095,0.212582781456954,0.87546859375,0.12453140625,0,3.06643069901132,4.31742999021867,0.112667037895236,-1.07289959291226,2961.785309375,3266.78175375
G0-L1,51,41,0.0001,920,2,250,895,3,0.00335195530726257,0,51184,0,0,3,0,892,1,0.00335195530726257,0.0066815144766147,0.99961418125,0.00038581875,0,18.3531475484923,24.9991124667521,0.112667037895236,-1.07289959291226,22.456169375,232.2294825
GenGamma,51,41,0.0001,920,3,250,895,433,0.483798882681564,224542,158168827,0.00141963498281491,14.1963498281491,433,188737,462,0.00228894645028281,0.483798882681564,0.0045563359903191,0.002603375,0.997396625,0,1.02944401220481,0.413711992063411,0.112667037895236,-1.07289959291226,156.851580625,1036.908161875
GenGamma-exact,51,41,0.0001,920,3,250,895,432,0.48268156424581,209997,153832945,0.00136509770387611,13.6509770387611,432,174912,463,0.00246372844237613,0.48268156424581,0.00490243362706325,0.02975598125,0.97024401875,0,1.12324220120006,0.432348424313342,0.112667037895236,-1.07289959291226,407.359815625,1283.60457125
K,51,41,0.0001,920,2,250,895,3,0.00335195530726257,0,51184,0,0,3,0,892,1,0.00335195530726257,0.0066815144766147,0.99961418125,0.00038581875,0,NaN,NaN,0.112667037895236,-1.07289959291226,8.6852525,217.28826375
Lognormal,51,41,0.0001,920,2,250,895,290,0.324022346368715,4519,158561677,2.84999508424725e-05,0.284999508424725,290,899,605,0.24390243902439,0.324022346368715,0.27831094049904,0,1,0,0.335659108943495,0.0176435275614946,0.112667037895236,-1.07289959291226,5.740869375,213.06601625
Weibull,51,41,0.0001,920,2,250,895,832,0.929608938547486,245967,158561677,0.00155123863882948,15.5123863882948,832,88447,63,0.00931910079637989,0.929608938547486,0.018453212677712,0,1,0,3.82098921624896,0.19490002044242,0.112667037895236,-1.07289959291226,7.157183125,214.059949375
BurrXII,61,49,0.0001,1320,3,250,895,328,0.366480446927374,8354,90233440,9.25820848678716e-05,0.925820848678716,328,4557,567,0.0671443193449335,0.366480446927374,0.113494809688581,0.42734841875,0.57265158125,0,5.6088135127132,6.0366071727144,0.112830815333539,-1.07373184952346,299.52957125,533.538156875
CA-CFAR,61,49,0.0001,1320,0,250,895,579,0.646927374301676,6871,158561677,4.33332954721461e-05,0.433332954721461,579,1676,316,0.256762749445676,0.646927374301676,0.367619047619048,0,1,0,NaN,NaN,0.112830815333539,-1.07373184952346,0,214.384351875
G0,61,49,0.0001,1320,3,250,895,377,0.42122905027933,5545,19500616,0.000284349991815643,2.84349991815643,377,1718,518,0.179952267303103,0.42122905027933,0.252173913043478,0.87044319375,0.12955680625,0,3.17972236752184,3.45367842817929,0.112830815333539,-1.07373184952346,2942.016183125,3253.242565
G0-L1,61,49,0.0001,1320,2,250,895,2,0.00223463687150838,0,39591,0,0,2,0,893,1,0.00223463687150838,0.00445930880713489,0.99970046875,0.00029953125,0,15.8901805687063,24.0090182016562,0.112830815333539,-1.07373184952346,22.114033125,234.506370625
GenGamma,61,49,0.0001,1320,3,250,895,492,0.549720670391061,214490,158143486,0.0013562999363755,13.562999363755,492,179483,403,0.00273371301569662,0.549720670391061,0.00544037153756842,0.0027510875,0.9972489125,0,1.02782782143748,0.343650751075183,0.112830815333539,-1.07373184952346,154.010200625,1033.441973125
GenGamma-exact,61,49,0.0001,1320,3,250,895,491,0.548603351955307,205499,154000513,0.00133440464578193,13.3440464578193,491,169425,404,0.00288966312766308,0.548603351955307,0.00574904426529907,0.02869135,0.97130865,0,1.12156035567967,0.358995444896886,0.112830815333539,-1.07373184952346,408.475266875,1288.564795
K,61,49,0.0001,1320,2,250,895,2,0.00223463687150838,0,39591,0,0,2,0,893,1,0.00223463687150838,0.00445930880713489,0.99970046875,0.00029953125,0,NaN,NaN,0.112830815333539,-1.07373184952346,8.37186499999999,219.839905
Lognormal,61,49,0.0001,1320,2,250,895,350,0.391061452513966,4713,158561677,2.97234495066548e-05,0.297234495066547,350,871,545,0.286650286650287,0.391061452513966,0.330812854442344,0,1,0,0.335902983331895,0.0150086653581506,0.112830815333539,-1.07373184952346,5.646559375,215.861258125
Weibull,61,49,0.0001,1320,2,250,895,819,0.915083798882682,246354,158561677,0.0015536793294637,15.536793294637,819,85752,76,0.00946044287347957,0.915083798882682,0.0187272768847324,0,1,0,3.81821509948154,0.164673710376141,0.112830815333539,-1.07373184952346,7.134348125,217.03082125
BurrXII,71,57,0.0001,1792,3,250,895,392,0.437988826815642,8523,90740015,9.39276900053411e-05,0.939276900053411,392,4579,503,0.0788573727620197,0.437988826815642,0.133651551312649,0.42424779375,0.57575220625,0,5.10386766196146,5.57011851576982,0.112952921113715,-1.07430959465142,299.9014725,533.908550625
CA-CFAR,71,57,0.0001,1792,0,250,895,610,0.681564245810056,7929,158561677,5.00057778778412e-05,0.500057778778412,610,1799,285,0.253217102532171,0.681564245810056,0.369249394673123,0,1,0,NaN,NaN,0.112952921113715,-1.07430959465142,0,214.52431125
G0,71,57,0.0001,1792,3,250,895,429,0.479329608938547,5654,20374221,0.000277507542496962,2.77507542496962,429,1685,466,0.202932828760643,0.479329608938547,0.285144566301097,0.86521715,0.13478285,0,3.49844041851879,3.49024697025721,0.112952921113715,-1.07430959465142,2926.10701,3240.68843125
G0-L1,71,57,0.0001,1792,2,250,895,2,0.00223463687150838,0,29342,0,0,2,0,893,1,0.00223463687150838,0.00445930880713489,0.999775,0.000225,0,17.6217412212624,29.9172195025711,0.112952921113715,-1.07430959465142,21.9884525,234.459791875
GenGamma,71,57,0.0001,1792,3,250,895,544,0.607821229050279,209330,158114765,0.00132391178015538,13.2391178015538,544,174283,351,0.00311164751439995,0.607821229050279,0.00619159809244147,0.002922975,0.997077025,0,1.02670499679652,0.296696238018134,0.112952921113715,-1.07430959465142,153.593279375,1032.301716875
GenGamma-exact,71,57,0.0001,1792,3,250,895,543,0.606703910614525,203537,154115143,0.00132068138171211,13.2068138171211,543,166240,352,0.00325572750220346,0.606703910614525,0.00647669938811293,0.0279680625,0.9720319375,0,1.12039165423479,0.308356691386418,0.112952921113715,-1.07430959465142,407.444745625,1287.995888125
K,71,57,0.0001,1792,2,250,895,2,0.00223463687150838,0,29342,0,0,2,0,893,1,0.00223463687150838,0.00445930880713489,0.999775,0.000225,0,NaN,NaN,0.112952921113715,-1.07430959465142,8.14421749999999,219.684485
Lognormal,71,57,0.0001,1792,2,250,895,387,0.432402234636871,5002,158561677,3.15460841146376e-05,0.315460841146376,387,857,508,0.311093247588424,0.432402234636871,0.361851332398317,0,1,0,0.336084673892934,0.0131455788933553,0.112952921113715,-1.07430959465142,5.6660925,216.109565625
Weibull,71,57,0.0001,1792,2,250,895,827,0.924022346368715,250986,158561677,0.00158289193674459,15.8289193674459,827,85022,68,0.00963319316474275,0.924022346368715,0.0190676012173753,0,1,0,3.81615134042419,0.143282561160879,0.112952921113715,-1.07430959465142,7.12678,217.163219375
BurrXII,81,65,0.0001,2336,3,250,895,423,0.472625698324022,9364,91159678,0.000102720854279455,1.02720854279455,423,4682,472,0.0828599412340842,0.472625698324022,0.141,0.42176356875,0.57823643125,0,4.79599117393274,5.36281387384608,0.113051061889725,-1.07401430735607,296.32830125,533.297050625
CA-CFAR,81,65,0.0001,2336,0,250,895,616,0.688268156424581,8925,158561677,5.62872452465295e-05,0.562872452465295,616,1989,279,0.236468330134357,0.688268156424581,0.352,0,1,0,NaN,NaN,0.113051061889725,-1.07401430735607,0,217.70914375
G0,81,65,0.0001,2336,3,250,895,436,0.487150837988827,5633,21211655,0.000265561550949231,2.6556155094923,436,1582,459,0.21605550049554,0.487150837988827,0.299347751458977,0.86033464375,0.13966535625,0,3.78269495467317,3.84784687097016,0.113051061889725,-1.07401430735607,2897.288480625,3218.689646875
G0-L1,81,65,0.0001,2336,2,250,895,0,0,0,22255,0,0,0,0,895,0,0,0,0.999831,0.000169,0,19.2318934524129,29.1535856599449,0.113051061889725,-1.07401430735607,21.691451875,237.15277375
GenGamma,81,65,0.0001,2336,3,250,895,542,0.605586592178771,206244,158088476,0.00130461122289521,13.0461122289521,542,170077,353,0.00317666848358038,0.605586592178771,0.00632018377508542,0.003076775,0.996923225,0,1.0272472476568,0.261330847988837,0.113051061889725,-1.07401430735607,152.61377375,1033.724325625
GenGamma-exact,81,65,0.0001,2336,3,250,895,541,0.604469273743017,203271,154193420,0.00131828582568569,13.1828582568569,541,163799,354,0.00329195570159426,0.604469273743017,0.00654824946288619,0.027471925,0.972528075,0,1.12095556453406,0.271130316716015,0.113051061889725,-1.07401430735607,405.27382375,1289.07080375
K,81,65,0.0001,2336,2,250,895,0,0,0,22255,0,0,0,0,895,0,0,0,0.999831,0.000169,0,NaN,NaN,0.113051061889725,-1.07401430735607,8.044545,222.634269375
Lognormal,81,65,0.0001,2336,2,250,895,425,0.474860335195531,5562,158561677,3.50778328359885e-05,0.350778328359885,425,904,470,0.319789315274643,0.474860335195531,0.382194244604317,0,1,0,0.336230646325733,0.0117169542488844,0.113051061889725,-1.07401430735607,5.655245625,219.080141875
Weibull,81,65,0.0001,2336,2,250,895,823,0.919553072625698,254798,158561677,0.00160693305482636,16.0693305482636,823,83855,72,0.00971917144949101,0.919553072625698,0.0192350390894324,0,1,0,3.81449462475321,0.127629163038551,0.113051061889725,-1.07401430735607,7.079791875,220.152198125
BurrXII,91,73,0.0001,2952,3,250,895,438,0.489385474860335,10530,91617039,0.000114934952219969,1.14934952219969,438,4803,457,0.0835718374356039,0.489385474860335,0.142764015645372,0.4191028,0.5808972,0,4.59164999196444,4.10509522935234,0.113108972432715,-1.07372301949347,298.6297575,536.020620625
CA-CFAR,91,73,0.0001,2952,0,250,895,614,0.686033519553073,10051,158561677,6.33885828541029e-05,0.633885828541029,614,2238,281,0.215287517531557,0.686033519553073,0.327728849746464,0,1,0,NaN,NaN,0.113108972432715,-1.07372301949347,0,218.169650625
G0,91,73,0.0001,2952,3,250,895,421,0.470391061452514,5839,21976238,0.000265696066815439,2.65696066815439,421,1616,474,0.206676485027,0.470391061452514,0.287175989085948,0.85594709375,0.14405290625,0,4.13135837322332,4.2797333999369,0.113108972432715,-1.07372301949347,2881.96458375,3206.5600125
G0-L1,91,73,0.0001,2952,2,250,895,0,0,0,17697,0,0,0,0,895,0,0,0,0.9998669625,0.0001330375,0,27.6563891621431,31.8395818730817,0.113108972432715,-1.07372301949347,21.447934375,237.33211
GenGamma,91,73,0.0001,2952,3,250,895,548,0.612290502793296,206277,158067505,0.00130499307874822,13.0499307874822,548,167565,347,0.0032597122173776,0.612290502793296,0.0064849001230711,0.0032022125,0.9967977875,0,1.02778360052038,0.234825418525689,0.113108972432715,-1.07372301949347,153.0038875,1034.419064375
GenGamma-exact,91,73,0.0001,2952,3,250,895,548,0.612290502793296,205640,154249464,0.00133316508639537,13.3316508639537,548,162878,347,0.00335319961328063,0.612290502793296,0.00666987177536651,0.02712441875,0.97287558125,0,1.12151391357108,0.244923102534669,0.113108972432715,-1.07372301949347,404.946450625,1288.55008125
K,91,73,0.0001,2952,2,250,895,0,0,0,17697,0,0,0,0,895,0,0,0,0.9998669625,0.0001330375,0,NaN,NaN,0.113108972432715,-1.07372301949347,7.99673999999999,223.08385875
Lognormal,91,73,0.0001,2952,2,250,895,453,0.506145251396648,6067,158561677,3.82627133793495e-05,0.382627133793495,453,997,442,0.312413793103448,0.506145251396648,0.3863539445629,0,1,0,0.336316716050709,0.0106670448746278,0.113108972432715,-1.07372301949347,5.610620625,219.62233125
Weibull,91,73,0.0001,2952,2,250,895,828,0.925139664804469,260018,158561677,0.00163985399826466,16.3985399826466,828,83319,67,0.00983992299190702,0.925139664804469,0.0194727311210931,0,1,0,3.81351925274065,0.115067329057414,0.113108972432715,-1.07372301949347,7.0338825,220.612556875
BurrXII,101,73,0.0001,4872,3,250,895,425,0.474860335195531,10722,92026460,0.000116509968980661,1.16509968980661,425,4714,470,0.08270091457482,0.474860335195531,0.140868412330129,0.41659123125,0.58340876875,0,4.61095620223622,3.57030771700512,0.113028618148891,-1.07497335974983,297.22551625,535.897706875
CA-CFAR,101,73,0.0001,4872,0,250,895,596,0.665921787709497,10265,158561677,6.47382154011905e-05,0.647382154011905,596,2280,299,0.207232267037552,0.665921787709497,0.316096526120392,0,1,0,NaN,NaN,0.113028618148891,-1.07497335974983,0,219.68233125
G0,101,73,0.0001,4872,3,250,895,393,0.439106145251397,5841,22665725,0.000257701882467911,2.57701882467911,393,1505,502,0.207060063224447,0.439106145251397,0.281417830290011,0.85175625625,0.14824374375,0,4.37936520119155,4.53976611293904,0.113028618148891,-1.07497335974983,2852.87069625,3182.065515
G0-L1,101,73,0.0001,4872,2,250,895,0,0,0,12996,0,0,0,0,895,0,0,0,0.99990095625,9.904375e-05,0,20.6876906460864,31.046691982852,0.113028618148891,-1.07497335974983,21.48142625,238.746691875
GenGamma,101,73,0.0001,4872,3,250,895,541,0.604469273743017,202349,158043509,0.00128033730255888,12.8033730255888,541,163638,354,0.00329518391511704,0.604469273743017,0.00655463610259641,0.0033444125,0.9966555875,0,1.02544969073657,0.184997867224127,0.113028618148891,-1.07497335974983,151.795640625,1033.25929
GenGamma-exact,101,73,0.0001,4872,3,250,895,540,0.603351955307263,204655,154349793,0.00132591690615354,13.2591690615354,540,160726,355,0.00334850495454715,0.603351955307263,0.00666004773034207,0.02648861875,0.97351138125,0,1.11908528000417,0.194063062883481,0.113028618148891,-1.07497335974983,405.621800625,1294.6938925
K,101,73,0.0001,4872,2,250,895,0,0,0,12996,0,0,0,0,895,0,0,0,0.99990095625,9.904375e-05,0,NaN,NaN,0.113028618148891,-1.07497335974983,7.8707225,224.355386875
Lognormal,101,73,0.0001,4872,2,250,895,438,0.489385474860335,5929,158561677,3.73923895873024e-05,0.373923895873024,438,991,457,0.306508047585724,0.489385474860335,0.376936316695353,0,1,0,0.33619728988894,0.00853832179181763,0.113028618148891,-1.07497335974983,5.641414375,221.145971875
Weibull,101,73,0.0001,4872,2,250,895,813,0.908379888268156,258215,158561677,0.00162848302872074,16.2848302872074,813,81722,82,0.00985036651117708,0.908379888268156,0.0194893923049263,0,1,0,3.8148726164743,0.0914250873005693,0.113028618148891,-1.07497335974983,7.005890625,222.06182875
BurrXII,111,79,0.0001,6080,3,250,895,415,0.463687150837989,11539,92384727,0.000124901597641783,1.24901597641783,415,4890,480,0.0782280867106503,0.463687150837989,0.133870967741935,0.41451095625,0.58548904375,0,4.4713108151864,3.39497276613231,0.113004888864568,-1.07537504211345,297.694568125,538.9902475
CA-CFAR,111,79,0.0001,6080,0,250,895,596,0.665921787709497,11216,158561677,7.07358815333418e-05,0.707358815333418,596,2431,299,0.196894615130492,0.665921787709497,0.303926568077511,0,1,0,NaN,NaN,0.113004888864568,-1.07537504211345,0,222.46967375
G0,111,79,0.0001,6080,3,250,895,352,0.393296089385475,6233,23368427,0.00026672740959415,2.6672740959415,352,1488,543,0.191304347826087,0.393296089385475,0.257404021937843,0.84765420625,0.15234579375,0,4.7073780334693,5.01011271153517,0.113004888864568,-1.07537504211345,2860.342060625,3195.175860625
G0-L1,111,79,0.0001,6080,2,250,895,0,0,0,10774,0,0,0,0,895,0,0,0,0.9999163125,8.36875e-05,0,43.4640055117439,37.9133168341347,0.113004888864568,-1.07537504211345,21.58567625,241.52944125
GenGamma,111,79,0.0001,6080,3,250,895,530,0.592178770949721,203555,158024521,0.00128812287303184,12.8812287303184,530,161998,365,0.00326097657019098,0.592178770949721,0.00648623510766538,0.00345791875,0.99654208125,0,1.02467586822378,0.166666244719277,0.113004888864568,-1.07537504211345,151.909450625,1036.71329625
GenGamma-exact,111,79,0.0001,6080,3,250,895,529,0.591061452513966,207653,154376620,0.00134510653232335,13.4510653232335,529,160318,366,0.00328883970481265,0.591061452513966,0.00654128179446279,0.0263212125,0.9736787875,0,1.11827985241025,0.17515082520468,0.113004888864568,-1.07537504211345,404.14362625,1293.857929375
K,111,79,0.0001,6080,2,250,895,0,0,0,10774,0,0,0,0,895,0,0,0,0.9999163125,8.36875e-05,0,NaN,NaN,0.113004888864568,-1.07537504211345,7.7721275,226.876378125
Lognormal,111,79,0.0001,6080,2,250,895,443,0.494972067039106,6438,158561677,4.06024969072445e-05,0.406024969072445,443,1084,452,0.29011132940406,0.494972067039106,0.365813377374071,0,1,0,0.33616198490828,0.00783153616304627,0.113004888864568,-1.07537504211345,5.67007125,223.826395625
Weibull,111,79,0.0001,6080,2,250,895,807,0.901675977653631,263411,158561677,0.00166125261149956,16.6125261149956,807,81782,88,0.00977127704658005,0.901675977653631,0.0193330458530976,0,1,0,3.8152735503808,0.0830584996291601,0.113004888864568,-1.07537504211345,6.9984425,224.7135275
BurrXII,121,87,0.0001,7072,3,250,895,401,0.44804469273743,12778,92785216,0.000137715905085569,1.37715905085569,401,5205,494,0.0715305030324652,0.44804469273743,0.123365636055991,0.41218871875,0.58781128125,0,4.41776633698053,3.23165163934167,0.11297684296478,-1.07551061358394,298.93432375,543.24616125
CA-CFAR,121,87,0.0001,7072,0,250,895,591,0.660335195530726,11953,158561677,7.53839151184053e-05,0.753839151184053,591,2615,304,0.184341859014348,0.660335195530726,0.288222384784199,0,1,0,NaN,NaN,0.11297684296478,-1.07551061358394,0,225.44608
G0,121,87,0.0001,7072,3,250,895,313,0.349720670391061,6734,24018303,0.000280369516530789,2.80369516530789,313,1509,582,0.17178924259056,0.349720670391061,0.230401177769599,0.8438759625,0.1561240375,0,5.01662564395307,5.31212835339998,0.11297684296478,-1.07551061358394,2844.28315125,3184.8918
G0-L1,121,87,0.0001,7072,2,250,895,0,0,0,10724,0,0,0,0,895,0,0,0,0.99991749375,8.250625e-05,0,27.0579281335719,24.8507414434415,0.11297684296478,-1.07551061358394,21.426365625,244.400603125
GenGamma,121,87,0.0001,7072,3,250,895,529,0.591061452513966,207021,158015955,0.00131012719569995,13.1012719569995,529,161468,366,0.00326549257085008,0.591061452513966,0.0064951010485475,0.003507025,0.996492975,0,1.02444654418853,0.155663342174783,0.11297684296478,-1.07551061358394,151.764731875,1039.067465625
GenGamma-exact,121,87,0.0001,7072,3,250,895,529,0.591061452513966,212156,154395981,0.00137410312513251,13.7410312513251,529,160788,366,0.00327925761079118,0.591061452513966,0.00652232880428082,0.02620390625,0.97379609375,0,1.11804120984909,0.163816947639775,0.11297684296478,-1.07551061358394,405.27926625,1299.164493125
K,121,87,0.0001,7072,2,250,895,0,0,0,10724,0,0,0,0,895,0,0,0,0.99991749375,8.250625e-05,0,NaN,NaN,0.11297684296478,-1.07551061358394,7.83486062499999,230.09397125
Lognormal,121,87,0.0001,7072,2,250,895,450,0.502793296089385,7093,158561677,4.4733381572396e-05,0.44733381572396,450,1194,445,0.273722627737226,0.502793296089385,0.354470263883419,0,1,0,0.33612025272474,0.00734571641495993,0.11297684296478,-1.07551061358394,5.645698125,226.898858125
Weibull,121,87,0.0001,7072,2,250,895,803,0.897206703910615,271370,158561677,0.00171144759020176,17.1144759020176,803,82215,92,0.0096726011226481,0.897206703910615,0.0191388700201399,0,1,0,3.81574758363232,0.0785658073390179,0.11297684296478,-1.07551061358394,7.067694375,227.9342675
BurrXII,131,93,0.0001,8512,3,250,895,396,0.442458100558659,13703,93170025,0.000147075199346571,1.47075199346571,396,5376,499,0.0686070686070686,0.442458100558659,0.118794060296985,0.40990634375,0.59009365625,0,4.36493936093484,3.111393458673,0.112998672637765,-1.07568697975754,298.07653375,546.65554
CA-CFAR,131,93,0.0001,8512,0,250,895,590,0.659217877094972,12698,158561677,8.0082402256631e-05,0.80082402256631,590,2775,305,0.175334323922734,0.659217877094972,0.276995305164319,0,1,0,NaN,NaN,0.112998672637765,-1.07568697975754,0,229.59689
G0,131,93,0.0001,8512,3,250,895,274,0.306145251396648,6614,24632784,0.000268503957977304,2.68503957977304,274,1417,621,0.162034299231224,0.306145251396648,0.211910286156226,0.840200725,0.159799275,0,5.37699905389975,5.69946852828774,0.112998672637765,-1.07568697975754,2846.73761375,3193.6723625
G0-L1,131,93,0.0001,8512,2,250,895,0,0,0,8153,0,0,0,0,895,0,0,0,0.99993315625,6.684375e-05,0,12.7054088149615,15.1035863476344,0.112998672637765,-1.07568697975754,21.511955625,248.708955
GenGamma,131,93,0.0001,8512,3,250,895,522,0.583240223463687,209468,157995872,0.00132578147358179,13.2578147358179,522,160486,373,0.00324207492795389,0.583240223463687,0.00644830546685361,0.00363090625,0.99636909375,0,1.02410856461772,0.142867943536889,0.112998672637765,-1.07568697975754,151.979905,1043.13647375
GenGamma-exact,131,93,0.0001,8512,3,250,895,520,0.581005586592179,214710,154394457,0.00139065873329896,13.9065873329896,520,160148,375,0.00323648766400279,0.581005586592179,0.00643711740930782,0.0262166125,0.9737833875,0,1.11768938964917,0.15119023956108,0.112998672637765,-1.07568697975754,402.17898625,1299.119076875
K,131,93,0.0001,8512,2,250,895,0,0,0,8153,0,0,0,0,895,0,0,0,0.99993315625,6.684375e-05,0,NaN,NaN,0.112998672637765,-1.07568697975754,7.7700525,234.12883375
Lognormal,131,93,0.0001,8512,2,250,895,456,0.509497206703911,7715,158561677,4.86561453307535e-05,0.486561453307535,456,1280,439,0.262672811059908,0.509497206703911,0.346636259977195,0,1,0,0.336152718745684,0.00681604792539187,0.112998672637765,-1.07568697975754,5.717935625,231.142791875
Weibull,131,93,0.0001,8512,2,250,895,807,0.901675977653631,277910,158561677,0.00175269336991182,17.5269336991182,807,82800,88,0.00965230184075496,0.901675977653631,0.0191001396416653,0,1,0,3.81537917722614,0.0726578181423643,0.112998672637765,-1.07568697975754,7.129079375,232.179346875
BurrXII,141,101,0.0001,9680,3,250,895,380,0.424581005586592,14922,93531477,0.000159539873405399,1.59539873405399,380,5645,515,0.0630705394190871,0.424581005586592,0.109826589595376,0.4077423375,0.5922576625,0,4.13677045335221,3.06639287876778,0.113271508139448,-1.07319738803827,299.373128125,550.92896
CA-CFAR,141,101,0.0001,9680,0,250,895,584,0.652513966480447,13633,158561677,8.59791612824579e-05,0.859791612824579,584,2959,311,0.164832063223257,0.652513966480447,0.263181613339342,0,1,0,NaN,NaN,0.113271508139448,-1.07319738803827,0,232.657513125
G0,141,101,0.0001,9680,3,250,895,251,0.280446927374302,6847,25193333,0.000271778251809715,2.71778251809715,251,1458,644,0.146869514335869,0.280446927374302,0.192780337941628,0.83683891875,0.16316108125,0,5.82491235899838,6.29076809507482,0.113271508139448,-1.07319738803827,2843.9001075,3196.448109375
G0-L1,141,101,0.0001,9680,2,250,895,0,0,0,8579,0,0,0,0,895,0,0,0,0.999930275,6.9725e-05,0,18.482674508585,22.0913547274442,0.113271508139448,-1.07319738803827,21.727930625,251.919594375
GenGamma,141,101,0.0001,9680,3,250,895,519,0.579888268156425,212439,157982046,0.00134470343547773,13.4470343547772,519,160049,376,0.00323227542225101,0.579888268156425,0.00642871741513536,0.00371875625,0.99628124375,0,1.02891366769951,0.137058646893137,0.113271508139448,-1.07319738803827,151.771558125,1046.029918125
GenGamma-exact,141,101,0.0001,9680,3,250,895,516,0.576536312849162,218086,154394289,0.00141252634027156,14.1252634027156,516,160265,379,0.00320933443628289,0.576536312849162,0.00638313664365769,0.0262168625,0.9737831375,0,1.12269014697839,0.144513837772974,0.113271508139448,-1.07319738803827,402.0235175,1301.26762375
K,141,101,0.0001,9680,2,250,895,0,0,0,8579,0,0,0,0,895,0,0,0,0.999930275,6.9725e-05,0,NaN,NaN,0.113271508139448,-1.07319738803827,7.82393125,237.252633125
Lognormal,141,101,0.0001,9680,2,250,895,456,0.509497206703911,8663,158561677,5.46348913804689e-05,0.546348913804689,456,1440,439,0.240506329113924,0.509497206703911,0.326764600501612,0,1,0,0.336558261179783,0.00653016045600391,0.113271508139448,-1.07319738803827,5.650815,234.090655
Weibull,141,101,0.0001,9680,2,250,895,813,0.908379888268156,287559,158561677,0.00181354666171953,18.1354666171953,813,83802,82,0.00960822549193405,0.908379888268156,0.0190153198456321,0,1,0,3.81078252206526,0.0688864482685632,0.113271508139448,-1.07319738803827,7.15705,235.2334275
BurrXII,151,109,0.0001,10920,3,250,895,380,0.424581005586592,16042,93889750,0.000170859971402629,1.70859971402629,380,5777,515,0.0617183693357154,0.424581005586592,0.107770845150312,0.4055604375,0.5944395625,0,4.02106331160476,3.03707661721764,0.113264576986894,-1.07260734485033,301.436571875,556.518663125
CA-CFAR,151,109,0.0001,10920,0,250,895,576,0.643575418994413,14250,158561677,8.98703915700892e-05,0.898703915700891,576,3106,319,0.156436719174362,0.643575418994413,0.25169324885296,0,1,0,NaN,NaN,0.113264576986894,-1.07260734485033,0,235.764100625
G0,151,109,0.0001,10920,3,250,895,232,0.259217877094972,6918,25710244,0.000269075626042289,2.69075626042289,232,1475,663,0.135910954891623,0.259217877094972,0.178324365872406,0.83373389375,0.16626610625,0,6.3095537921599,6.82618289747523,0.113264576986894,-1.07260734485033,2838.69675,3197.04733
G0-L1,151,109,0.0001,10920,2,250,895,0,0,0,8872,0,0,0,0,895,0,0,0,0.999930025,6.9975e-05,0,15.7174922285327,20.2982249291557,0.113264576986894,-1.07260734485033,21.653024375,255.0510025
GenGamma,151,109,0.0001,10920,3,250,895,523,0.584357541899441,214859,157971533,0.00136011214121724,13.6011214121724,523,159461,372,0.00326907690769077,0.584357541899441,0.006501780841502,0.003783025,0.996216975,0,1.03001391086499,0.130393819047637,0.113264576986894,-1.07260734485033,151.32939625,1046.584
GenGamma-exact,151,109,0.0001,10920,3,250,895,522,0.583240223463687,221081,154388443,0.00143197894676611,14.3197894676611,522,160140,373,0.00324905702655264,0.583240223463687,0.00646211553816919,0.02624614375,0.97375385625,0,1.12383485742697,0.13798416572381,0.113264576986894,-1.07260734485033,399.798853125,1302.19065
K,151,109,0.0001,10920,2,250,895,0,0,0,8872,0,0,0,0,895,0,0,0,0.999930025,6.9975e-05,0,NaN,NaN,0.113264576986894,-1.07260734485033,7.835168125,240.45291375
Lognormal,151,109,0.0001,10920,2,250,895,453,0.506145251396648,9434,158561677,5.94973525664717e-05,0.594973525664717,453,1522,442,0.229367088607595,0.506145251396648,0.315679442508711,0,1,0,0.336547973547001,0.00626579988681911,0.113264576986894,-1.07260734485033,5.649646875,237.31757875
Weibull,151,109,0.0001,10920,2,250,895,818,0.913966480446927,295547,158561677,0.00186392453455194,18.6392453455194,818,84593,77,0.00957722073269251,0.913966480446927,0.0189558084026603,0,1,0,3.81089879242664,0.0654951810027709,0.113264576986894,-1.07260734485033,7.10049687499999,238.364906875
BurrXII,11,7,0.001,72,3,250,895,146,0.163128491620112,56742,97995110,0.000579028892360037,0.579028892360037,146,40789,749,0.00356663002320752,0.163128491620112,0.00698063590724361,0.37980581875,0.62019418125,0,2.68102710843707,2.72439554613602,0.106947469577296,-0.910507787687074,343.6933075,567.7117125
CA-CFAR,11,7,0.001,72,0,250,895,172,0.192178770949721,10241,158561677,6.45868547417041e-05,0.0645868547417041,172,4035,723,0.0408842405514619,0.192178770949721,0.0674245393963152,0,1,0,NaN,NaN,0.106947469577296,-0.910507787687074,0,204.766755625
G0,11,7,0.001,72,3,250,895,172,0.192178770949721,28357,36866581,0.000769179002522637,0.769179002522637,172,17751,723,0.00959660771076271,0.192178770949721,0.018280369858646,0.76364936875,0.23635063125,0,23.5568116001475,37.4216394651059,0.106947469577296,-0.910507787687074,3171.28952625,3556.450316875
G0-L1,11,7,0.001,72,2,250,895,0,0,0,35912,0,0,0,0,895,0,0,0,0.9996240375,0.0003759625,0,11.230179126338,17.7526318332673,0.106947469577296,-0.910507787687074,23.243655625,223.467485625
GenGamma,11,7,0.001,72,3,250,895,406,0.453631284916201,905403,158086602,0.00572725954347478,5.72725954347478,406,707663,489,0.000573390446411296,0.453631284916201,0.00114533319040177,0.00317335,0.99682665,0,1.41706657198999,1.91607349259589,0.106947469577296,-0.910507787687074,156.6399575,1185.2784825
GenGamma-exact,11,7,0.001,72,3,250,895,389,0.43463687150838,678130,147257357,0.0046050670324064,4.6050670324064,389,540847,506,0.000718725288044402,0.43463687150838,0.0014350774997187,0.0710668125,0.9289331875,0,1.56632363014206,1.95414895626981,0.106947469577296,-0.910507787687074,384.8894075,1338.48755875
K,11,7,0.001,72,2,250,895,0,0,0,35912,0,0,0,0,895,0,0,0,0.9996240375,0.0003759625,0,NaN,NaN,0.106947469577296,-0.910507787687074,9.44271937499999,234.39356
Lognormal,11,7,0.001,72,2,250,895,125,0.139664804469274,34371,158561677,0.000216767384467055,0.216767384467055,125,14070,770,0.00880591757661148,0.139664804469274,0.0165672630881378,0,1,0,0.327028133319113,0.0581709051986545,0.106947469577296,-0.910507787687074,5.743831875,202.36312875
Weibull,11,7,0.001,72,2,250,895,747,0.83463687150838,818917,158561677,0.00516465904936159,5.16465904936159,747,508922,148,0.00146565712256386,0.83463687150838,0.00292617575857287,0,1,0,3.92183587312137,0.697346584998486,0.106947469577296,-0.910507787687074,7.221378125,203.93798
BurrXII,15,11,0.001,104,3,250,895,181,0.202234636871508,50596,93878128,0.000538954078845714,0.538954078845714,181,35719,714,0.00504178272980501,0.202234636871508,0.00983829324636499,0.4051886375,0.5948113625,0,2.93332997885689,3.16634889192662,0.10814782627847,-0.956445647969013,329.344855625,550.48391
CA-CFAR,15,11,0.001,104,0,250,895,342,0.382122905027933,15256,158561677,9.62149258802302e-05,0.0962149258802302,342,5209,553,0.0616105206269141,0.382122905027933,0.106112317716413,0,1,0,NaN,NaN,0.10814782627847,-0.956445647969013,0,201.58595625
G0,15,11,0.001,104,3,250,895,229,0.25586592178771,27365,30682727,0.000891869878449852,0.891869878449852,229,15102,666,0.0149370556389016,0.25586592178771,0.028226303463577,0.8016340125,0.1983659875,0,27.9892642418803,46.1066429244285,0.10814782627847,-0.956445647969013,3110.44777875,3465.17665625
G0-L1,15,11,0.001,104,2,250,895,0,0,2,38306,5.22111418576724e-05,0.0522111418576724,0,2,895,0,0,0,0.9995152875,0.0004847125,0,10.3456009247043,16.9425357763939,0.10814782627847,-0.956445647969013,23.02819,221.380349375
GenGamma,15,11,0.001,104,3,250,895,421,0.470391061452514,871637,158235508,0.00550847917143856,5.50847917143856,421,682368,474,0.000616588726531915,0.470391061452514,0.00123156311980389,0.0022228125,0.9977771875,0,1.28921810688802,1.53009300038649,0.10814782627847,-0.956445647969013,155.333928125,1166.374595625
GenGamma-exact,15,11,0.001,104,3,250,895,409,0.456983240223464,693453,149680076,0.00463290117517043,4.63290117517043,409,553198,486,0.000738791236382488,0.456983240223464,0.00147519756466162,0.0558273375,0.9441726625,0,1.40755036499733,1.56216132505969,0.10814782627847,-0.956445647969013,394.08614125,1350.385641875
K,15,11,0.001,104,2,250,895,0,0,2,38306,5.22111418576724e-05,0.0522111418576724,0,2,895,0,0,0,0.9995152875,0.0004847125,0,NaN,NaN,0.10814782627847,-0.956445647969013,10.10455625,208.129505
Lognormal,15,11,0.001,104,2,250,895,206,0.230167597765363,29693,158561677,0.000187264669255485,0.187264669255485,206,10992,689,0.0183961421682443,0.230167597765363,0.0340692962871082,0,1,0,0.328857896641081,0.0494016494882826,0.10814782627847,-0.956445647969013,5.6029525,200.261686875
Weibull,15,11,0.001,104,2,250,895,793,0.886033519553073,744718,158561677,0.00469670865047675,4.69670865047675,793,430157,102,0.00184012066365008,0.886033519553073,0.00367261401660318,0,1,0,3.90002344712921,0.575287730934135,0.10814782627847,-0.956445647969013,6.9755725,201.734559375
BurrXII,17,13,0.001,120,3,250,895,219,0.244692737430168,48198,92531305,0.000520883175699294,0.520883175699294,219,34071,676,0.00638670166229221,0.244692737430168,0.012448486570982,0.41348238125,0.58651761875,0,3.05329269068498,3.32341604455028,0.108657926385734,-0.972411188406006,325.315643125,546.6745975
CA-CFAR,17,13,0.001,120,0,250,895,403,0.450279329608939,17158,158561677,0.000108210258144533,0.108210258144533,403,5583,492,0.0673237554293351,0.450279329608939,0.117134137480017,0,1,0,NaN,NaN,0.108657926385734,-0.972411188406006,0,202.1750525
G0,17,13,0.001,120,3,250,895,265,0.29608938547486,27101,28605999,0.000947388692840268,0.947388692840267,265,14465,630,0.0179904955872369,0.29608938547486,0.03392,0.8143796375,0.1856203625,0,29.7598563750378,49.3263411396633,0.108657926385734,-0.972411188406006,3103.25685625,3448.742045
G0-L1,17,13,0.001,120,2,250,895,1,0.00111731843575419,0,41961,0,0,1,0,894,1,0.00111731843575419,0.00223214285714286,0.99945696875,0.00054303125,0,10.79374533644,17.5200308965361,0.108657926385734,-0.972411188406006,23.242468125,222.26271125
GenGamma,17,13,0.001,120,3,250,895,439,0.490502793296089,850254,158248732,0.00537289613164167,5.37289613164167,439,667247,456,0.000657494690618045,0.490502793296089,0.00131322906274632,0.0021388,0.9978612,0,1.24854452548129,1.41436669133154,0.108657926385734,-0.972411188406006,155.372345,1161.984340625
GenGamma-exact,17,13,0.001,120,3,250,895,437,0.488268156424581,686858,150415329,0.00456640958449122,4.56640958449122,437,548381,458,0.000796256682543211,0.488268156424581,0.00158992055854601,0.05120891875,0.94879108125,0,1.36370232344922,1.45280037066978,0.108657926385734,-0.972411188406006,396.921409375,1354.329668125
K,17,13,0.001,120,2,250,895,1,0.00111731843575419,0,41961,0,0,1,0,894,1,0.00111731843575419,0.00223214285714286,0.99945696875,0.00054303125,0,NaN,NaN,0.108657926385734,-0.972411188406006,9.294184375,207.231941875
Lognormal,17,13,0.001,120,2,250,895,258,0.288268156424581,27834,158561677,0.000175540524839429,0.175540524839429,258,9977,637,0.0252076209086468,0.288268156424581,0.0463611859838275,0,1,0,0.329632548182294,0.0463680233878434,0.108657926385734,-0.972411188406006,5.67262375,200.99708875
Weibull,17,13,0.001,120,2,250,895,812,0.907262569832402,722978,158561677,0.00455960111975859,4.55960111975859,812,407165,83,0.00199030827718229,0.907262569832402,0.00397190318730556,0,1,0,3.89085814255221,0.535778601129583,0.108657926385734,-0.972411188406006,6.99503125,202.371946875
BurrXII,21,15,0.001,216,3,250,895,234,0.26145251396648,43464,88585822,0.000490642848016921,0.490642848016921,234,31175,661,0.00745009392212423,0.26145251396648,0.0144873699851412,0.4379768875,0.5620231125,0,3.9092085787581,4.86745154255002,0.110109480339593,-1.03783730017263,308.6719375,530.416436875
CA-CFAR,21,15,0.001,216,0,250,895,487,0.544134078212291,18594,158561677,0.000117266670937139,0.117266670937139,487,5769,408,0.0778452685421995,0.544134078212291,0.136204726611663,0,1,0,NaN,NaN,0.110109480339593,-1.03783730017263,0,203.702521875
G0,21,15,0.001,216,3,250,895,278,0.310614525139665,23486,21218193,0.00110688030785656,1.10688030785656,278,11015,617,0.0246170193925441,0.310614525139665,0.0456186412865113,0.86025809375,0.13974190625,0,34.9066209298952,66.7329959653408,0.110109480339593,-1.03783730017263,3034.254298125,3344.295175
G0-L1,21,15,0.001,216,2,250,895,3,0.00335195530726257,0,42623,0,0,3,0,892,1,0.00335195530726257,0.0066815144766147,0.99946379375,0.00053620625,0,12.7943272315762,20.3016630787554,0.110109480339593,-1.03783730017263,22.91636875,223.207343125
GenGamma,21,15,0.001,216,3,250,895,410,0.458100558659218,746090,158255241,0.0047144726157916,4.7144726157916,410,589690,485,0.000694797491950517,0.458100558659218,0.00138749058790684,0.00210078125,0.99789921875,0,1.09943409181702,0.971125049343118,0.110109480339593,-1.03783730017263,156.14585125,1137.20865875
GenGamma-exact,21,15,0.001,216,3,250,895,401,0.44804469273743,625341,152328315,0.00410521838963426,4.10521838963426,401,497991,494,0.000804587553572288,0.44804469273743,0.00160629057035332,0.0392274125,0.9607725875,0,1.19608205717567,0.992690904568498,0.110109480339593,-1.03783730017263,404.437563125,1352.916899375
K,21,15,0.001,216,2,250,895,3,0.00335195530726257,0,42623,0,0,3,0,892,1,0.00335195530726257,0.0066815144766147,0.99946379375,0.00053620625,0,NaN,NaN,0.110109480339593,-1.03783730017263,9.10835562499999,209.587300625
Lognormal,21,15,0.001,216,2,250,895,290,0.324022346368715,21852,158561677,0.000137813880462427,0.137813880462427,290,7349,605,0.0379630841733211,0.324022346368715,0.0679634403562222,0,1,0,0.331827260432991,0.0346258682338068,0.110109480339593,-1.03783730017263,5.711865625,202.4178225
Weibull,21,15,0.001,216,2,250,895,829,0.926256983240223,635438,158561677,0.00400751311428171,4.00751311428171,829,337091,66,0.00245324337121212,0.926256983240223,0.0048935259654974,0,1,0,3.86511816634206,0.398302193861767,0.110109480339593,-1.03783730017263,6.992355,203.770253125
BurrXII,31,21,0.001,520,3,250,895,244,0.272625698324022,43361,88451129,0.00049022551198866,0.49022551198866,244,32089,651,0.00754646955123249,0.272625698324022,0.0146864090526062,0.43858768125,0.56141231875,0,5.17627431416034,6.42024492251257,0.111411103887813,-1.07115647240394,300.067780625,523.856269375
CA-CFAR,31,21,0.001,520,0,250,895,604,0.674860335195531,19945,158561677,0.000125787014727398,0.125787014727398,604,5740,291,0.0952080706179067,0.674860335195531,0.166873877607404,0,1,0,NaN,NaN,0.111411103887813,-1.07115647240394,0,206.250506875
G0,31,21,0.001,520,3,250,895,297,0.331843575418994,20137,17307815,0.00116346286345215,1.16346286345215,297,8155,598,0.0351396119261713,0.331843575418994,0.0635498020755323,0.88428023125,0.11571976875,0,4.9248136277121,19.3255494458303,0.111411103887813,-1.07115647240394,2977.540349375,3269.85457
G0-L1,31,21,0.001,520,2,250,895,4,0.00446927374301676,1,55374,1.80590168671218e-05,0.0180590168671218,4,1,891,0.8,0.00446927374301676,0.00888888888888889,0.9994544875,0.0005455125,0,15.2491516897008,23.125899445316,0.111411103887813,-1.07115647240394,22.78578125,225.416691875
GenGamma,31,21,0.001,520,3,250,895,395,0.441340782122905,633513,158219670,0.00400400910961324,4.00400910961324,395,512705,500,0.000769830442408887,0.441340782122905,0.0015369799317114,0.0023174125,0.9976825875,0,1.03280164026158,0.55443151910083,0.111411103887813,-1.07115647240394,155.32277625,1116.413984375
GenGamma-exact,31,21,0.001,520,3,250,895,393,0.439106145251397,541755,153486333,0.00352966280066122,3.52966280066122,393,436701,502,0.000899120097736414,0.439106145251397,0.00179456561694472,0.03196094375,0.96803905625,0,1.12673448558486,0.577692206975184,0.111411103887813,-1.07115647240394,409.8330025,1348.375010625
K,31,21,0.001,520,2,250,895,5,0.00558659217877095,2,55374,3.61180337342435e-05,0.0361180337342435,5,2,890,0.714285714285714,0.00558659217877095,0.0110864745011086,0.9994544875,0.0005455125,0,NaN,NaN,0.111411103887813,-1.07115647240394,10.152460625,211.66719625
Lognormal,31,21,0.001,520,2,250,895,380,0.424581005586592,17428,158561677,0.000109913065563755,0.109913065563755,380,5306,515,0.0668308125219838,0.424581005586592,0.115483969001671,0,1,0,0.333783008349141,0.0229034148828289,0.111411103887813,-1.07115647240394,5.729381875,204.997036875
Weibull,31,21,0.001,520,2,250,895,852,0.95195530726257,583536,158561677,0.00368018307475393,3.68018307475393,852,288384,43,0.00294569140770858,0.95195530726257,0.00587320899869369,0,1,0,3.84246615692305,0.256578185689142,0.111411103887813,-1.07115647240394,7.136899375,206.475468125
BurrXII,41,27,0.001,952,3,250,895,237,0.264804469273743,45412,89136821,0.000509463984586123,0.509463984586123,237,33256,658,0.00707610545487117,0.264804469273743,0.0137838780970106,0.43420771875,0.56579228125,0,5.71641928363199,6.01438904531512,0.112441131798361,-1.07553943739774,296.977021875,523.625209375
CA-CFAR,41,27,0.001,952,0,250,895,659,0.736312849162011,21489,158561677,0.000135524550487694,0.135524550487694,659,5816,236,0.101776061776062,0.736312849162011,0.178833107191316,0,1,0,NaN,NaN,0.112441131798361,-1.07553943739774,0,209.289453125
G0,41,27,0.001,952,3,250,895,306,0.341899441340782,19337,17620227,0.00109743194568379,1.09743194568379,306,7257,589,0.0404601348671162,0.341899441340782,0.072357531331284,0.8821668625,0.1178331375,0,2.93737360443126,4.12743996890828,0.112441131798361,-1.07553943739774,2933.17622125,3228.4434675
G0-L1,41,27,0.001,952,2,250,895,4,0.00446927374301676,4,51978,7.69556350763785e-05,0.0769556350763785,4,4,891,0.5,0.00446927374301676,0.008859357696567,0.9995691375,0.0004308625,0,17.1496118111588,24.9261510943039,0.112441131798361,-1.07553943739774,22.39058125,227.82593125
GenGamma,41,27,0.001,952,3,250,895,413,0.46145251396648,591297,158188915,0.00373791678133705,3.73791678133705,413,482542,482,0.000855152136327401,0.46145251396648,0.00170714064276119,0.0025030375,0.9974969625,0,1.02446167899183,0.399123790421865,0.112441131798361,-1.07553943739774,155.069361875,1110.029825
GenGamma-exact,41,27,0.001,952,3,250,895,412,0.460335195530726,510613,153863110,0.00331861873843574,3.31861873843574,412,412452,483,0.000997907301193613,0.460335195530726,0.00199149746591615,0.0295885625,0.9704114375,0,1.11805699685042,0.417450329651608,0.112441131798361,-1.07553943739774,409.9883275,1343.084578125
K,41,27,0.001,952,2,250,895,4,0.00446927374301676,6,51978,0.000115433452614568,0.115433452614568,4,4,891,0.5,0.00446927374301676,0.008859357696567,0.9995691375,0.0004308625,0,NaN,NaN,0.112441131798361,-1.07553943739774,8.67482499999999,213.1643675
Lognormal,41,27,0.001,952,2,250,895,416,0.464804469273743,16557,158561677,0.000104419934963226,0.104419934963226,416,4614,479,0.0827037773359841,0.464804469273743,0.14042194092827,0,1,0,0.335322418358707,0.0173312736747629,0.112441131798361,-1.07553943739774,5.675320625,207.95588875
Weibull,41,27,0.001,952,2,250,895,863,0.964245810055866,573870,158561677,0.00361922256914576,3.61922256914576,863,273792,32,0.00314212375525659,0.964245810055866,0.00626383596443477,0,1,0,3.82482603607117,0.19173859301011,0.112441131798361,-1.07553943739774,7.029678125,209.409575625
BurrXII,51,41,0.001,920,3,250,895,406,0.453631284916201,47598,89684796,0.000530725408574269,0.530725408574269,406,33698,489,0.0119047619047619,0.453631284916201,0.0232006628760822,0.43076424375,0.56923575625,0,5.40314039691893,5.99102732878347,0.112667037895236,-1.07289959291226,298.97051625,530.030678125
CA-CFAR,51,41,0.001,920,0,250,895,733,0.818994413407821,25895,158561677,0.000163311844891752,0.163311844891751,733,6494,162,0.101425211014252,0.818994413407821,0.180497414429943,0,1,0,NaN,NaN,0.112667037895236,-1.07289959291226,0,213.709663125
G0,51,41,0.001,920,3,250,895,466,0.520670391061453,20422,18683478,0.0010930513044734,1.0930513044734,466,7470,429,0.0587197580645161,0.520670391061453,0.105537311742725,0.87546859375,0.12453140625,0,3.06643069901132,4.31742999021867,0.112667037895236,-1.07289959291226,2961.785309375,3266.712024375
G0-L1,51,41,0.001,920,2,250,895,8,0.00893854748603352,2,51184,3.90747108471397e-05,0.0390747108471397,8,1,887,0.888888888888889,0.00893854748603352,0.0176991150442478,0.99961418125,0.00038581875,0,18.3531475484923,24.9991124667521,0.112667037895236,-1.07289959291226,22.456169375,232.213244375
GenGamma,51,41,0.001,920,3,250,895,566,0.632402234636872,597060,158168827,0.00377482726100005,3.77482726100004,566,482605,329,0.0011714279209638,0.632402234636872,0.00233852408555858,0.002603375,0.997396625,0,1.02944401220481,0.413711992063411,0.112667037895236,-1.07289959291226,156.851580625,1116.2353125
GenGamma-exact,51,41,0.001,920,3,250,895,566,0.632402234636872,516026,153832945,0.00335445700529233,3.35445700529233,566,413468,329,0.00136703748967476,0.632402234636872,0.00272817759182896,0.02975598125,0.97024401875,0,1.12324220120006,0.432348424313342,0.112667037895236,-1.07289959291226,407.359815625,1348.56233875
K,51,41,0.001,920,2,250,895,7,0.00782122905027933,2,51184,3.90747108471397e-05,0.0390747108471397,7,1,888,0.875,0.00782122905027933,0.0155038759689922,0.99961418125,0.00038581875,0,NaN,NaN,0.112667037895236,-1.07289959291226,8.6852525,217.56197625
Lognormal,51,41,0.001,920,2,250,895,541,0.604469273743017,19224,158561677,0.000121239888248659,0.121239888248659,541,4899,354,0.0994485294117647,0.604469273743017,0.170797158642462,0,1,0,0.335659108943495,0.0176435275614946,0.112667037895236,-1.07289959291226,5.740869375,212.4676225
Weibull,51,41,0.001,920,2,250,895,865,0.966480446927374,599764,158561677,0.00378252810734337,3.78252810734337,865,277129,30,0.00311157794772549,0.966480446927374,0.00620318477960766,0,1,0,3.82098921624896,0.19490002044242,0.112667037895236,-1.07289959291226,7.157183125,213.926155625
BurrXII,61,49,0.001,1320,3,250,895,458,0.511731843575419,49422,90233440,0.000547712688333726,0.547712688333726,458,34380,437,0.013146564096676,0.511731843575419,0.025634567486637,0.42734841875,0.57265158125,0,5.6088135127132,6.0366071727144,0.112830815333539,-1.07373184952346,299.52957125,533.460139375
CA-CFAR,61,49,0.001,1320,0,250,895,742,0.829050279329609,28181,158561677,0.000177728947707837,0.177728947707837,742,6684,153,0.0999192028009696,0.829050279329609,0.178343949044586,0,1,0,NaN,NaN,0.112830815333539,-1.07373184952346,0,216.6462
G0,61,49,0.001,1320,3,250,895,515,0.575418994413408,20531,19500616,0.0010528385359724,1.0528385359724,515,6947,380,0.0690163495041544,0.575418994413408,0.123249970084959,0.87044319375,0.12955680625,0,3.17972236752184,3.45367842817929,0.112830815333539,-1.07373184952346,2942.016183125,3253.04350125
G0-L1,61,49,0.001,1320,2,250,895,2,0.00223463687150838,2,39591,5.05165315349448e-05,0.0505165315349448,2,2,893,0.5,0.00223463687150838,0.00444938820912125,0.99970046875,0.00029953125,0,15.8901805687063,24.0090182016562,0.112830815333539,-1.07373184952346,22.114033125,234.600228125
GenGamma,61,49,0.001,1320,3,250,895,610,0.681564245810056,580847,158143486,0.00367291132054595,3.67291132054595,610,469221,285,0.00129833919004919,0.681564245810056,0.00259174126774387,0.0027510875,0.9972489125,0,1.02782782143748,0.343650751075183,0.112830815333539,-1.07373184952346,154.010200625,1111.5687525
GenGamma-exact,61,49,0.001,1320,3,250,895,610,0.681564245810056,504770,154000513,0.00327771635410072,3.27771635410072,610,402660,285,0.00151263421529,0.681564245810056,0.00301856914873876,0.02869135,0.97130865,0,1.12156035567967,0.358995444896886,0.112830815333539,-1.07373184952346,408.475266875,1350.52348875
K,61,49,0.001,1320,2,250,895,2,0.00223463687150838,2,39591,5.05165315349448e-05,0.0505165315349448,2,2,893,0.5,0.00223463687150838,0.00444938820912125,0.99970046875,0.00029953125,0,NaN,NaN,0.112830815333539,-1.07373184952346,8.37186499999999,220.109479375
Lognormal,61,49,0.001,1320,2,250,895,582,0.650279329608939,19669,158561677,0.000124046367143304,0.124046367143304,582,4617,313,0.111944604731679,0.650279329608939,0.19100754840827,0,1,0,0.335902983331895,0.0150086653581506,0.112830815333539,-1.07373184952346,5.646559375,215.28640875
Weibull,61,49,0.001,1320,2,250,895,860,0.960893854748603,596662,158561677,0.00376296474210474,3.76296474210474,860,270063,35,0.0031743336667614,0.960893854748603,0.00632776342994209,0,1,0,3.81821509948154,0.164673710376141,0.112830815333539,-1.07373184952346,7.134348125,216.8897
BurrXII,71,57,0.001,1792,3,250,895,510,0.569832402234637,50222,90740015,0.0005534713654169,0.5534713654169,510,34568,385,0.014539027310565,0.569832402234637,0.0283545992827954,0.42424779375,0.57575220625,0,5.10386766196146,5.57011851576982,0.112952921113715,-1.07430959465142,299.9014725,534.005921875
CA-CFAR,71,57,0.001,1792,0,250,895,751,0.839106145251397,30039,158561677,0.000189446785429748,0.189446785429748,751,6955,144,0.0974565273812614,0.839106145251397,0.174630856877107,0,1,0,NaN,NaN,0.112952921113715,-1.07430959465142,0,216.69458875
G0,71,57,0.001,1792,3,250,895,536,0.598882681564246,20859,20374221,0.00102379374406511,1.02379374406511,536,6713,359,0.073941233273555,0.598882681564246,0.131630648330059,0.86521715,0.13478285,0,3.49844041851879,3.49024697025721,0.112952921113715,-1.07430959465142,2926.10701,3240.887168125
G0-L1,71,57,0.001,1792,2,250,895,2,0.00223463687150838,0,29342,0,0,2,0,893,1,0.00223463687150838,0.00445930880713489,0.999775,0.000225,0,17.6217412212624,29.9172195025711,0.112952921113715,-1.07430959465142,21.9884525,234.56391
GenGamma,71,57,0.001,1792,3,250,895,622,0.694972067039106,568663,158114765,0.00359652054000144,3.59652054000144,622,458791,273,0.00135390160922743,0.694972067039106,0.00270253830044231,0.002922975,0.997077025,0,1.02670499679652,0.296696238018134,0.112952921113715,-1.07430959465142,153.593279375,1109.44818375
GenGamma-exact,71,57,0.001,1792,3,250,895,623,0.69608938547486,496478,154115143,0.00322147447898744,3.22147447898744,623,393673,272,0.00158003124556171,0.69608938547486,0.00315290581010195,0.0279680625,0.9720319375,0,1.12039165423479,0.308356691386418,0.112952921113715,-1.07430959465142,407.444745625,1348.604316875
K,71,57,0.001,1792,2,250,895,2,0.00223463687150838,0,29342,0,0,2,0,893,1,0.00223463687150838,0.00445930880713489,0.999775,0.000225,0,NaN,NaN,0.112952921113715,-1.07430959465142,8.14421749999999,219.96056875
Lognormal,71,57,0.001,1792,2,250,895,601,0.671508379888268,20361,158561677,0.000128410599491831,0.128410599491831,601,4523,294,0.117291178766589,0.671508379888268,0.199700947001163,0,1,0,0.336084673892934,0.0131455788933553,0.112952921113715,-1.07430959465142,5.6660925,215.47759625
Weibull,71,57,0.001,1792,2,250,895,858,0.958659217877095,600871,158561677,0.00378950961776218,3.78950961776218,858,265624,37,0.00321972966279148,0.958659217877095,0.00641790430740116,0,1,0,3.81615134042419,0.143282561160879,0.112952921113715,-1.07430959465142,7.12678,217.015955625
BurrXII,81,65,0.001,2336,3,250,895,517,0.577653631284916,51632,91159678,0.00056639076763742,0.56639076763742,517,34385,378,0.0148129047046015,0.577653631284916,0.0288851021035282,0.42176356875,0.57823643125,0,4.79599117393274,5.36281387384608,0.113051061889725,-1.07401430735607,296.32830125,533.15334125
CA-CFAR,81,65,0.001,2336,0,250,895,753,0.841340782122905,31489,158561677,0.000198591491940389,0.198591491940389,753,7134,142,0.095473564092811,0.841340782122905,0.171487132771578,0,1,0,NaN,NaN,0.113051061889725,-1.07401430735607,0,219.701333125
G0,81,65,0.001,2336,3,250,895,518,0.57877094972067,21051,21211655,0.000992426097822164,0.992426097822164,518,6489,377,0.0739260739260739,0.57877094972067,0.131106049101493,0.86033464375,0.13966535625,0,3.78269495467317,3.84784687097016,0.113051061889725,-1.07401430735607,2897.288480625,3217.9938575
G0-L1,81,65,0.001,2336,2,250,895,0,0,0,22255,0,0,0,0,895,0,0,0,0.999831,0.000169,0,19.2318934524129,29.1535856599449,0.113051061889725,-1.07401430735607,21.691451875,237.216558125
GenGamma,81,65,0.001,2336,3,250,895,626,0.699441340782123,561419,158088476,0.00355129617417528,3.55129617417528,626,450927,269,0.00138632674348305,0.699441340782123,0.00276716882382064,0.003076775,0.996923225,0,1.0272472476568,0.261330847988837,0.113051061889725,-1.07401430735607,152.61377375,1109.418335625
GenGamma-exact,81,65,0.001,2336,3,250,895,626,0.699441340782123,492576,154193420,0.00319453320381635,3.19453320381635,626,387636,269,0.00161231333481,0.699441340782123,0.00321721053456574,0.027471925,0.972528075,0,1.12095556453406,0.271130316716015,0.113051061889725,-1.07401430735607,405.27382375,1348.811504375
K,81,65,0.001,2336,2,250,895,0,0,0,22255,0,0,0,0,895,0,0,0,0.999831,0.000169,0,NaN,NaN,0.113051061889725,-1.07401430735607,8.044545,222.890731875
Lognormal,81,65,0.001,2336,2,250,895,606,0.677094972067039,22009,158561677,0.000138804031443235,0.138804031443235,606,4697,289,0.114274938713936,0.677094972067039,0.195546950629235,0,1,0,0.336230646325733,0.0117169542488844,0.113051061889725,-1.07401430735607,5.655245625,218.47564875
Weibull,81,65,0.001,2336,2,250,895,862,0.963128491620112,607766,158561677,0.00383299427389381,3.83299427389381,862,262970,33,0.00326723066193638,0.963128491620112,0.00651236934653435,0,1,0,3.81449462475321,0.127629163038551,0.113051061889725,-1.07401430735607,7.079791875,220.04352625
BurrXII,91,73,0.001,2952,3,250,895,517,0.577653631284916,54342,91617039,0.000593142941456556,0.593142941456556,517,34927,378,0.0145863897979912,0.577653631284916,0.0284542777731913,0.4191028,0.5808972,0,4.59164999196444,4.10509522935234,0.113108972432715,-1.07372301949347,298.6297575,535.85809375
CA-CFAR,91,73,0.001,2952,0,250,895,731,0.816759776536313,33267,158561677,0.000209804794130678,0.209804794130678,731,7444,164,0.0894189602446483,0.816759776536313,0.161190738699008,0,1,0,NaN,NaN,0.113108972432715,-1.07372301949347,0,220.164083125
G0,91,73,0.001,2952,3,250,895,496,0.554189944134078,21951,21976238,0.00099885157778142,0.99885157778142,496,6538,399,0.0705146431617856,0.554189944134078,0.125110354395258,0.85594709375,0.14405290625,0,4.13135837322332,4.2797333999369,0.113108972432715,-1.07372301949347,2881.96458375,3206.605448125
G0-L1,91,73,0.001,2952,2,250,895,0,0,0,17697,0,0,0,0,895,0,0,0,0.9998669625,0.0001330375,0,27.6563891621431,31.8395818730817,0.113108972432715,-1.07372301949347,21.447934375,237.391245625
GenGamma,91,73,0.001,2952,3,250,895,622,0.694972067039106,559005,158067505,0.0035364953726574,3.5364953726574,622,444901,273,0.00139611198523982,0.694972067039106,0.00278662598730338,0.0032022125,0.9967977875,0,1.02778360052038,0.234825418525689,0.113108972432715,-1.07372301949347,153.0038875,1108.41405375
GenGamma-exact,91,73,0.001,2952,3,250,895,622,0.694972067039106,492836,154249464,0.00319505810405928,3.19505810405928,622,383445,273,0.00161950909606918,0.694972067039106,0.00323148778320977,0.02712441875,0.97287558125,0,1.12151391357108,0.244923102534669,0.113108972432715,-1.07372301949347,404.946450625,1348.3721825
K,91,73,0.001,2952,2,250,895,0,0,0,17697,0,0,0,0,895,0,0,0,0.9998669625,0.0001330375,0,NaN,NaN,0.113108972432715,-1.07372301949347,7.99673999999999,223.27796875
Lognormal,91,73,0.001,2952,2,250,895,603,0.673743016759777,23750,158561677,0.000149783985950149,0.149783985950149,603,4890,292,0.109776078645549,0.673743016759777,0.188791484032561,0,1,0,0.336316716050709,0.0106670448746278,0.113108972432715,-1.07372301949347,5.610620625,218.972466875
Weibull,91,73,0.001,2952,2,250,895,863,0.964245810055866,614827,158561677,0.00387752584125356,3.87752584125356,863,260960,32,0.00329611989779355,0.964245810055866,0.00656978204767089,0,1,0,3.81351925274065,0.115067329057414,0.113108972432715,-1.07372301949347,7.0338825,220.478300625
BurrXII,101,73,0.001,4872,3,250,895,496,0.554189944134078,54762,92026460,0.000595067983708164,0.595067983708164,496,34763,399,0.0140673303270087,0.554189944134078,0.0274381811141229,0.41659123125,0.58340876875,0,4.61095620223622,3.57030771700512,0.113028618148891,-1.07497335974983,297.22551625,535.87576125
CA-CFAR,101,73,0.001,4872,0,250,895,723,0.807821229050279,33627,158561677,0.000212075204022975,0.212075204022975,723,7501,172,0.0879134241245136,0.807821229050279,0.158570018642395,0,1,0,NaN,NaN,0.113028618148891,-1.07497335974983,0,221.763641875
G0,101,73,0.001,4872,3,250,895,459,0.512849162011173,21460,22665725,0.00094680404002078,0.94680404002078,459,6173,436,0.0692098914354644,0.512849162011173,0.12196094061379,0.85175625625,0.14824374375,0,4.37936520119155,4.53976611293904,0.113028618148891,-1.07497335974983,2852.87069625,3182.503003125
G0-L1,101,73,0.001,4872,2,250,895,0,0,1,12996,7.69467528470299e-05,0.0769467528470299,0,1,895,0,0,0,0.99990095625,9.904375e-05,0,20.6876906460864,31.046691982852,0.113028618148891,-1.07497335974983,21.48142625,238.831910625
GenGamma,101,73,0.001,4872,3,250,895,598,0.668156424581006,549246,158043509,0.00347528350563262,3.47528350563262,598,437483,297,0.00136504436394183,0.668156424581006,0.00272452252514944,0.0033444125,0.9966555875,0,1.02544969073657,0.184997867224127,0.113028618148891,-1.07497335974983,151.795640625,1105.29164625
GenGamma-exact,101,73,0.001,4872,3,250,895,598,0.668156424581006,486614,154349793,0.00315267024685935,3.15267024685935,598,377322,297,0.00158234546994073,0.668156424581006,0.00315721394348165,0.02648861875,0.97351138125,0,1.11908528000417,0.194063062883481,0.113028618148891,-1.07497335974983,405.621800625,1351.5521525
K,101,73,0.001,4872,2,250,895,0,0,1,12996,7.69467528470299e-05,0.0769467528470299,0,1,895,0,0,0,0.99990095625,9.904375e-05,0,NaN,NaN,0.113028618148891,-1.07497335974983,7.8707225,224.611103125
Lognormal,101,73,0.001,4872,2,250,895,590,0.659217877094972,23709,158561677,0.000149525411490193,0.149525411490193,590,4821,305,0.109037146553317,0.659217877094972,0.187123374563907,0,1,0,0.33619728988894,0.00853832179181763,0.113028618148891,-1.07497335974983,5.641414375,220.49710625
Weibull,101,73,0.001,4872,2,250,895,857,0.957541899441341,610049,158561677,0.00384739245662746,3.84739245662746,857,256887,38,0.00332500465578248,0.957541899441341,0.00662699747524542,0,1,0,3.8148726164743,0.0914250873005693,0.113028618148891,-1.07497335974983,7.005890625,221.94677375
BurrXII,111,79,0.001,6080,3,250,895,482,0.53854748603352,56534,92384727,0.000611940975914774,0.611940975914774,482,34914,413,0.0136173578935473,0.53854748603352,0.0265630597117743,0.41451095625,0.58548904375,0,4.4713108151864,3.39497276613231,0.113004888864568,-1.07537504211345,297.694568125,538.880914375
CA-CFAR,111,79,0.001,6080,0,250,895,720,0.804469273743017,35413,158561677,0.000223338959766426,0.223338959766426,720,7802,175,0.0844872095752171,0.804469273743017,0.152914941064033,0,1,0,NaN,NaN,0.113004888864568,-1.07537504211345,0,224.4744525
G0,111,79,0.001,6080,3,250,895,414,0.462569832402235,21994,23368427,0.000941184445149004,0.941184445149004,414,6203,481,0.0625661175759408,0.462569832402235,0.110223642172524,0.84765420625,0.15234579375,0,4.7073780334693,5.01011271153517,0.113004888864568,-1.07537504211345,2860.342060625,3194.893983125
G0-L1,111,79,0.001,6080,2,250,895,0,0,0,10774,0,0,0,0,895,0,0,0,0.9999163125,8.36875e-05,0,43.4640055117439,37.9133168341347,0.113004888864568,-1.07537504211345,21.58567625,241.568420625
GenGamma,111,79,0.001,6080,3,250,895,592,0.66145251396648,549244,158024521,0.00347568843445506,3.47568843445505,592,433796,303,0.00136283691078022,0.66145251396648,0.00272006947204462,0.00345791875,0.99654208125,0,1.02467586822378,0.166666244719277,0.113004888864568,-1.07537504211345,151.909450625,1109.8441275
GenGamma-exact,111,79,0.001,6080,3,250,895,592,0.66145251396648,489035,154376620,0.0031678048139673,3.1678048139673,592,375080,303,0.00157584275644711,0.66145251396648,0.00314419479136515,0.0263212125,0.9736787875,0,1.11827985241025,0.17515082520468,0.113004888864568,-1.07537504211345,404.14362625,1351.153248125
K,111,79,0.001,6080,2,250,895,0,0,0,10774,0,0,0,0,895,0,0,0,0.9999163125,8.36875e-05,0,NaN,NaN,0.113004888864568,-1.07537504211345,7.7721275,227.142244375
Lognormal,111,79,0.001,6080,2,250,895,588,0.656983240223464,24819,158561677,0.000156525841991442,0.156525841991442,588,5037,307,0.104533333333333,0.656983240223464,0.180368098159509,0,1,0,0.33616198490828,0.00783153616304627,0.113004888864568,-1.07537504211345,5.67007125,223.16788625
Weibull,111,79,0.001,6080,2,250,895,861,0.962011173184358,616824,158561677,0.00389012030946166,3.89012030946166,861,255758,34,0.00335516855727752,0.962011173184358,0.00668701507490855,0,1,0,3.8152735503808,0.0830584996291601,0.113004888864568,-1.07537504211345,6.9984425,224.58429375
BurrXII,121,87,0.001,7072,3,250,895,464,0.518435754189944,58821,92785216,0.000633947977229476,0.633947977229476,464,35200,431,0.0130103185284881,0.518435754189944,0.0253836264668071,0.41218871875,0.58781128125,0,4.41776633698053,3.23165163934167,0.11297684296478,-1.07551061358394,298.93432375,543.227498125
CA-CFAR,121,87,0.001,7072,0,250,895,721,0.805586592178771,37645,158561677,0.000237415501098667,0.237415501098667,721,8164,174,0.0811480022509848,0.805586592178771,0.147443762781186,0,1,0,NaN,NaN,0.11297684296478,-1.07551061358394,0,227.5366375
G0,121,87,0.001,7072,3,250,895,368,0.411173184357542,22984,24018303,0.000956936882676515,0.956936882676515,368,6107,527,0.0568339768339768,0.411173184357542,0.0998643147896879,0.8438759625,0.1561240375,0,5.01662564395307,5.31212835339998,0.11297684296478,-1.07551061358394,2844.28315125,3184.582778125
G0-L1,121,87,0.001,7072,2,250,895,0,0,0,10724,0,0,0,0,895,0,0,0,0.99991749375,8.250625e-05,0,27.0579281335719,24.8507414434415,0.11297684296478,-1.07551061358394,21.426365625,244.52475375
GenGamma,121,87,0.001,7072,3,250,895,590,0.659217877094972,552440,158015955,0.00349610265621595,3.49610265621595,590,431529,305,0.00136536463335331,0.659217877094972,0.00272508510117456,0.003507025,0.996492975,0,1.02444654418853,0.155663342174783,0.11297684296478,-1.07551061358394,151.764731875,1111.74882
GenGamma-exact,121,87,0.001,7072,3,250,895,589,0.658100558659218,493206,154395981,0.0031944225283947,3.1944225283947,589,373381,306,0.00157499264646897,0.658100558659218,0.00314246462059675,0.02620390625,0.97379609375,0,1.11804120984909,0.163816947639775,0.11297684296478,-1.07551061358394,405.27926625,1357.978459375
K,121,87,0.001,7072,2,250,895,0,0,0,10724,0,0,0,0,895,0,0,0,0.99991749375,8.250625e-05,0,NaN,NaN,0.11297684296478,-1.07551061358394,7.83486062499999,230.4334375
Lognormal,121,87,0.001,7072,2,250,895,586,0.654748603351955,26320,158561677,0.000165992189903491,0.165992189903491,586,5247,309,0.100462883593348,0.654748603351955,0.174197384066587,0,1,0,0.33612025272474,0.00734571641495993,0.11297684296478,-1.07551061358394,5.645698125,226.283339375
Weibull,121,87,0.001,7072,2,250,895,859,0.959776536312849,628942,158561677,0.00396654482911404,3.96654482911404,859,255856,36,0.00334612313265684,0.959776536312849,0.0066689957687978,0,1,0,3.81574758363232,0.0785658073390179,0.11297684296478,-1.07551061358394,7.067694375,227.79549375
BurrXII,131,93,0.001,8512,3,250,895,455,0.508379888268156,60689,93170025,0.00065137902453069,0.65137902453069,455,35287,440,0.0127301214257736,0.508379888268156,0.024838278243306,0.40990634375,0.59009365625,0,4.36493936093484,3.111393458673,0.112998672637765,-1.07568697975754,298.07653375,546.4660475
CA-CFAR,131,93,0.001,8512,0,250,895,723,0.807821229050279,39582,158561677,0.000249631567658054,0.249631567658054,723,8469,172,0.0786553524804178,0.807821229050279,0.143352830375731,0,1,0,NaN,NaN,0.112998672637765,-1.07568697975754,0,231.6806475
G0,131,93,0.001,8512,3,250,895,337,0.376536312849162,23420,24632784,0.000950765451440649,0.950765451440649,337,6148,558,0.0519660755589823,0.376536312849162,0.0913279132791328,0.840200725,0.159799275,0,5.37699905389975,5.69946852828774,0.112998672637765,-1.07568697975754,2846.73761375,3193.928034375
G0-L1,131,93,0.001,8512,2,250,895,0,0,0,8153,0,0,0,0,895,0,0,0,0.99993315625,6.684375e-05,0,12.7054088149615,15.1035863476344,0.112998672637765,-1.07568697975754,21.511955625,248.763241875
GenGamma,131,93,0.001,8512,3,250,895,587,0.65586592178771,553498,157995872,0.0035032434265118,3.5032434265118,587,428254,308,0.00136880568788898,0.65586592178771,0.00273190982370572,0.00363090625,0.99636909375,0,1.02410856461772,0.142867943536889,0.112998672637765,-1.07568697975754,151.979905,1115.559776875
GenGamma-exact,131,93,0.001,8512,3,250,895,586,0.654748603351955,495741,154394457,0.00321087304319481,3.21087304319481,586,371673,309,0.00157417282053624,0.654748603351955,0.00314079441731832,0.0262166125,0.9737833875,0,1.11768938964917,0.15119023956108,0.112998672637765,-1.07568697975754,402.17898625,1354.74813
K,131,93,0.001,8512,2,250,895,0,0,0,8153,0,0,0,0,895,0,0,0,0.99993315625,6.684375e-05,0,NaN,NaN,0.112998672637765,-1.07568697975754,7.7700525,234.385465
Lognormal,131,93,0.001,8512,2,250,895,575,0.642458100558659,27614,158561677,0.00017415305212747,0.17415305212747,575,5375,320,0.0966386554621849,0.642458100558659,0.168005843681519,0,1,0,0.336152718745684,0.00681604792539187,0.112998672637765,-1.07568697975754,5.717935625,230.45880375
Weibull,131,93,0.001,8512,2,250,895,852,0.95195530726257,639164,158561677,0.00403101185666698,4.03101185666698,852,255572,43,0.00332262190746576,0.95195530726257,0.00662213050726919,0,1,0,3.81537917722614,0.0726578181423643,0.112998672637765,-1.07568697975754,7.129079375,231.977779375
BurrXII,141,101,0.001,9680,3,250,895,430,0.480446927374302,62743,93531477,0.000670822294402557,0.670822294402557,430,35500,465,0.0119677150013916,0.480446927374302,0.0233536999321113,0.4077423375,0.5922576625,0,4.13677045335221,3.06639287876778,0.113271508139448,-1.07319738803827,299.373128125,550.845960625
CA-CFAR,141,101,0.001,9680,0,250,895,719,0.803351955307263,41896,158561677,0.000264225257910207,0.264225257910207,719,8783,176,0.0756682803620291,0.803351955307263,0.138309127632971,0,1,0,NaN,NaN,0.113271508139448,-1.07319738803827,0,234.835490625
G0,141,101,0.001,9680,3,250,895,302,0.337430167597765,24187,25193333,0.00096005558295919,0.96005558295919,302,6167,593,0.0466841861184109,0.337430167597765,0.0820206409560022,0.83683891875,0.16316108125,0,5.82491235899838,6.29076809507482,0.113271508139448,-1.07319738803827,2843.9001075,3196.22685125
G0-L1,141,101,0.001,9680,2,250,895,0,0,0,8579,0,0,0,0,895,0,0,0,0.999930275,6.9725e-05,0,18.482674508585,22.0913547274442,0.113271508139448,-1.07319738803827,21.727930625,252.00971625
GenGamma,141,101,0.001,9680,3,250,895,578,0.645810055865922,557010,157982046,0.00352578039152626,3.52578039152626,578,426395,317,0.00135371557452111,0.645810055865922,0.00270176783493975,0.00371875625,0.99628124375,0,1.02891366769951,0.137058646893137,0.113271508139448,-1.07319738803827,151.771558125,1118.0196725
GenGamma-exact,141,101,0.001,9680,3,250,895,575,0.642458100558659,499424,154394289,0.00323473104630185,3.23473104630185,575,370214,320,0.00155074719045063,0.642458100558659,0.00309402610819944,0.0262168625,0.9737831375,0,1.12269014697839,0.144513837772974,0.113271508139448,-1.07319738803827,402.0235175,1357.431210625
K,141,101,0.001,9680,2,250,895,0,0,0,8579,0,0,0,0,895,0,0,0,0.999930275,6.9725e-05,0,NaN,NaN,0.113271508139448,-1.07319738803827,7.82393125,237.523610625
Lognormal,141,101,0.001,9680,2,250,895,562,0.627932960893855,29433,158561677,0.000185624928777715,0.185624928777715,562,5589,333,0.0913672573565274,0.627932960893855,0.159523133692875,0,1,0,0.336558261179783,0.00653016045600391,0.113271508139448,-1.07319738803827,5.650815,233.488209375
Weibull,141,101,0.001,9680,2,250,895,855,0.955307262569832,651477,158561677,0.00410866618167768,4.10866618167768,855,255863,40,0.00333050273062271,0.955307262569832,0.00663786377240279,0,1,0,3.81078252206526,0.0688864482685632,0.113271508139448,-1.07319738803827,7.15705,235.081303125
BurrXII,151,109,0.001,10920,3,250,895,420,0.46927374301676,64841,93889750,0.000690607867205952,0.690607867205952,420,35870,475,0.0115734362083219,0.46927374301676,0.0225897539330375,0.4055604375,0.5944395625,0,4.02106331160476,3.03707661721764,0.113264576986894,-1.07260734485033,301.436571875,556.33917125
CA-CFAR,151,109,0.001,10920,0,250,895,710,0.793296089385475,44749,158561677,0.000282218256306661,0.282218256306661,710,9152,185,0.071993510444129,0.793296089385475,0.132007065166868,0,1,0,NaN,NaN,0.113264576986894,-1.07260734485033,0,237.890448125
G0,151,109,0.001,10920,3,250,895,283,0.316201117318436,24420,25710244,0.000949815956628027,0.949815956628027,283,6204,612,0.0436257129643903,0.316201117318436,0.0766729883500406,0.83373389375,0.16626610625,0,6.3095537921599,6.82618289747523,0.113264576986894,-1.07260734485033,2838.69675,3197.31859875
G0-L1,151,109,0.001,10920,2,250,895,0,0,0,8872,0,0,0,0,895,0,0,0,0.999930025,6.9975e-05,0,15.7174922285327,20.2982249291557,0.113264576986894,-1.07260734485033,21.653024375,255.1657725
GenGamma,151,109,0.001,10920,3,250,895,576,0.643575418994413,559730,157971533,0.00354323332419646,3.54323332419645,576,424475,319,0.00135513150186683,0.643575418994413,0.00270456818469947,0.003783025,0.996216975,0,1.03001391086499,0.130393819047637,0.113264576986894,-1.07260734485033,151.32939625,1119.0760425
GenGamma-exact,151,109,0.001,10920,3,250,895,575,0.642458100558659,502710,154388443,0.0032561375076501,3.2561375076501,575,368872,320,0.0015563802115053,0.642458100558659,0.00310523786122017,0.02624614375,0.97375385625,0,1.12383485742697,0.13798416572381,0.113264576986894,-1.07260734485033,399.798853125,1359.42926
K,151,109,0.001,10920,2,250,895,0,0,0,8872,0,0,0,0,895,0,0,0,0.999930025,6.9975e-05,0,NaN,NaN,0.113264576986894,-1.07260734485033,7.835168125,240.72411875
Lognormal,151,109,0.001,10920,2,250,895,561,0.626815642458101,31083,158561677,0.000196030974117409,0.196030974117409,561,5735,334,0.0891041931385006,0.626815642458101,0.156028368794326,0,1,0,0.336547973547001,0.00626579988681911,0.113264576986894,-1.07260734485033,5.649646875,236.666965625
Weibull,151,109,0.001,10920,2,250,895,859,0.959776536312849,663172,158561677,0.00418242296970661,4.18242296970661,859,256330,36,0.00333995621896737,0.959776536312849,0.00665674741557012,0,1,0,3.81089879242664,0.0654951810027709,0.113264576986894,-1.07260734485033,7.10049687499999,238.19424875
